user_id,typing_speed,click_rate,mouse_speed,typing_consistency,activity_ratio,typing_dev,click_dev,typing_z,click_z,drift_score,label,ae_score
15,195.5550614380215,1.821896320059251,395.97701747022177,7.987493908186405,20.16468286394924,5.591150525466674,0.7536983291085384,0.1080139652179804,0.4298887585447783,0.2689513618813794,0.0,0.12474016863640122
4,177.84572520600054,3.087701747921151,437.7273769071494,8.233950570024387,10.505403702746175,10.623637213190191,0.0700464884865157,0.1886807475958994,0.0744794105153932,0.1315800790556463,0.0,0.0761839583187704
10,206.50464623694504,2.794889978214943,387.6793974115692,9.718798164461452,12.5658923216015,11.019731449442048,0.4509957140808205,0.2520366155088946,0.3084030535332308,0.2802198345210627,0.0,0.05004200088772655
15,210.56924186912985,1.4833237027735895,372.8704690739633,9.561327166424478,15.23152642855424,9.42302990564167,1.0922709463942,0.1820410342808675,0.6230012499766511,0.4025211421287593,0.0,0.34154992372686227
0,200.1479095812564,3.3537789991621683,893.3189736203848,65.27223747105296,5.430281848206297,1.24755070916936,0.0610196997022938,0.0246499934190149,0.0381364306048301,0.0313932120119225,1.0,96.65535809091367
14,363.6898507650526,7.469977461591782,290.5411052014778,5.984866051927164,4.967588291019923,164.5434397684722,4.2807874853039225,3.0703546019466983,3.0674854904665616,3.06892004620663,1.0,18.5874430765116
13,177.75107415830675,2.1456617991484443,480.8425242350983,7.976779960120772,21.19319150071836,4.841207677515996,0.7673962818496207,0.1047807808767233,0.4770644410191786,0.290922610947951,0.0,0.016997793476539805
8,220.85185386848573,3.2466512775518668,410.1904155813255,6.7011414944615835,16.71419563272567,13.230130672361357,0.099572245244857,0.2814455058362468,0.093056209109806,0.1872508574730264,0.0,0.2210183016881155
15,200.88191308228977,1.8931928499217925,362.1738141093204,8.057091393606797,20.770252293209033,0.2642988811984139,0.682401799245997,0.0051059205132979,0.3892231825079965,0.1971645515106472,0.0,0.10201649819385357
10,184.87170644211653,2.9349080323063697,427.43149331575415,9.911489528751591,11.678483576607864,10.613208345386454,0.3109776599893936,0.2427388655825541,0.2126549253728848,0.2276968954777194,0.0,0.019562803063450165
9,183.51557464262405,2.5196443461597653,397.77202865661513,6.584985192108048,28.83575335588639,17.727116644096043,0.3940042687235991,0.3847698118212388,0.248106871830357,0.3164383418257979,0.0,0.06471238659496627
3,209.03206709598632,0.4804208547270175,192.6605507761896,4.252805170680796,7.191736603347005,17.88896622962477,2.7052820710532073,0.5409361257053347,1.7378267308522517,1.139381428278793,1.0,0.8658685260904199
6,166.42005935162103,2.089052156104799,405.0064878144269,8.871123887632208,17.734066720458358,16.95453363978868,0.1363779078380669,0.3900960982670092,0.0820216422235005,0.2360588702452549,0.0,0.08189534296479616
5,180.2433331358942,2.8518580694475753,500.3374619806167,7.383717587917797,21.157333890462485,16.180103445999208,0.0089047326260995,0.3661643744479381,0.0064533369646604,0.1863088557062993,0.0,0.0608555371377743
14,183.13769033392143,2.3924855288405116,301.86998408483197,7.696270056869571,15.156236967818916,16.00872066265896,0.7967044474473477,0.298720199523215,0.5708948040809857,0.4348075018021003,0.0,0.033282574978771635
17,169.4907634400413,2.379480950030892,433.0045042862536,7.551592478297996,18.963714521181465,2.825532524635605,1.0004830419381214,0.0573083813876167,0.6350157961395291,0.3461620887635729,0.0,0.05934136308979374
1,192.91733134521215,2.0747248654834514,394.93228726428185,9.212059885470216,17.088754110523272,0.4877801997483004,0.6326059482540347,0.0117553043821104,0.5168425140931421,0.2642989092376262,0.0,0.20503305049453824
8,213.40081535547552,2.9830571530625303,433.4120910102636,7.150307490748103,21.4313324630037,5.779092159351137,0.3631663697341936,0.1229390363816086,0.3394006588937468,0.2311698476376777,0.0,0.08588725499197047
1,187.09585779140627,2.7587870647140287,342.5920693287932,8.484992843067845,17.1412748347304,5.333693354057573,0.0514562509765426,0.1285398400552946,0.0420400380267122,0.0852899390410034,0.0,0.04810838429023554
14,169.74909741817643,3.108878481177424,420.17861975616546,7.160995852286401,15.420378990628638,29.397313578403953,0.0803114951104353,0.5485492290505602,0.0575488381085673,0.3030490335795638,0.0,0.12277306551839469
15,201.05654354429072,1.8659886820562168,376.78990482255,8.447432892138423,14.125557314848653,0.0896684191974657,0.7096059671115726,0.0017322805866575,0.4047396902396886,0.2032359854131731,0.0,0.12856485635664913
3,188.92222122951904,2.762769944380066,305.0716016027599,8.150546534650429,22.64564019297663,2.220879636842511,0.4229329814001588,0.0671561459164685,0.2716848820685429,0.1694205139925057,0.0,0.0860282896389066
18,174.16063204201575,1.8760098001796384,369.921079516929,6.768392096442907,17.957784353271702,9.049367199773457,0.7184871320856758,0.186328845676071,0.4337476749978977,0.3100382603369844,0.0,0.13163727137976508
17,166.9687330040165,2.5079643664245803,402.2388427476807,7.343754350879171,16.295158602728122,5.347562960660383,0.8719996255444333,0.1084610334412416,0.5534661890678176,0.3309636112545296,0.0,0.05181834078106802
17,170.0503953319271,3.319639438505357,354.983286018513,7.27744413457431,18.029908070061676,2.265900632749805,0.0603245534636567,0.0459577430151205,0.0382885493693903,0.0421231461922554,0.0,0.07279227051372027
17,150.75713260282075,2.5183986503459024,405.0258474634395,8.04849613636446,23.65893117454282,21.55916336185615,0.8615653416231113,0.4372700528366859,0.5468434530156316,0.4920567529261588,0.0,0.053315359861708364
7,179.06170757498734,2.759680857989834,509.1291477701328,8.12664849116584,8.62707212250292,3.941715033229429,0.0374015473201989,0.118496980318634,0.0322585916954305,0.0753777860070322,0.0,0.07901143175463321
0,174.1688518061842,2.9383617266411086,435.5173827142689,8.823808014371336,12.952010452332075,24.73150706590286,0.3543975728187658,0.4886626907716878,0.2214933621152355,0.3550780264434617,0.0,0.05834887584517537
5,198.42811037886068,2.627041279994064,471.8964894112826,6.9714997963572145,14.22691470445931,2.0046737969672677,0.2159120568274115,0.0453668376897921,0.1564733401827608,0.1009200889362764,0.0,0.04377644761313638
6,163.99522268075356,1.8271954501371,373.84129389958554,9.140335028158471,13.723423769361087,19.379370310656157,0.3982346138057659,0.4458876254382606,0.239509884939539,0.3426987551888998,0.0,0.12045639210977567
19,179.73442904535707,2.3504553459866315,461.6245153810084,8.479160584314238,13.683503475618927,13.459453325876751,0.7524701633990185,0.2646390882643185,0.552184766641119,0.4084119274527188,0.0,0.06801067202716946
7,204.48243246575433,2.4148038919413057,464.0491945017776,7.531212081514784,9.291806293912686,21.47900985753756,0.3074754187283295,0.6457082226634495,0.2651955520509183,0.4554518873571839,0.0,0.387534844161523
3,199.7622701927017,2.9006823492102116,294.428120041511,8.640975932179419,24.29119719312309,8.619169326340142,0.2850205765700133,0.2606310505784041,0.1830923222780447,0.2218616864282244,0.0,0.03810077883295241
15,198.21840487486568,1.845337428940051,422.0666309819486,8.423696528906737,15.050217297683366,2.927807088622501,0.7302572202277384,0.0565615344453692,0.4165185959658071,0.2365400652055881,0.0,0.13194061909063112
17,169.81542980456177,2.6969630960269457,454.2419094544614,7.874100034910728,22.28299245064724,2.500866160115123,0.6830008959420679,0.0507233912381686,0.4335069556606125,0.2421151734493905,0.0,0.098902442752326
0,167.85401105637075,2.597688106568505,458.7363268766149,8.202444998781736,13.570735509637675,31.046347815716302,0.6950711928913695,0.6134358016207612,0.4344094520694888,0.523922626845125,0.0,0.04403805982772962
15,385.6584615905381,5.3869575207261,687.7392023860658,4.763042762021754,4.015681535169553,184.5122496270499,2.8113628715583108,3.564543580561895,1.603523914007565,2.58403374728473,1.0,18.540414788227906
3,208.9214821545249,2.2603594321075504,363.4495753044265,8.27546030203762,20.236868958640898,17.77838128816336,0.9253434936726744,0.5375921991179825,0.5944247646969149,0.5660084819074487,0.0,0.10437075856589342
19,183.6761047399756,2.526020504357607,449.6362252929627,8.875016664609369,12.223794274340896,9.517777631258213,0.5769050050280429,0.1871380607855872,0.4233498829196488,0.305243971852618,0.0,0.05383405460911018
16,396.2258391972051,7.234101277570779,758.9981219406229,4.205411780772498,0.7166209953837208,250.94770235369484,3.985472189824798,5.27460882635809,2.315145352555232,3.794877089456661,1.0,29.434422471198683
0,176.8736030056095,2.8363842906207624,475.39536671361657,8.81487101982934,16.580168836602503,22.026755866477544,0.4563750088391121,0.4352202945821989,0.2852277860967132,0.360224040339456,0.0,0.07428847999697141
1,188.1731378269833,2.655968150734591,335.99196775037336,7.993136122084971,14.923849077509386,4.256413318480554,0.0513626630028949,0.1025778294416755,0.0419635761412012,0.0722707027914384,0.0,0.0437886107274939
18,152.7443737756513,1.6971982338273603,403.12248382899224,7.248917014373359,24.163522238502576,30.465625466137908,0.8972986984379538,0.6272952241397719,0.5416954693347132,0.5844953467372426,0.0,0.1870225737680653
12,138.49309024160124,2.76933708679511,178.958560444906,3.1533889676991707,13.910050152547528,69.82166895722972,0.4692127299543274,1.4168150711099246,0.3194432069359575,0.8681291390229411,1.0,1.0655518873977279
3,175.20718756170743,3.146791458747659,265.8535764474809,7.125653142446971,31.58952987444986,15.935913304654122,0.038911467032566,0.4818786671037565,0.0249960579968444,0.2534373625503005,0.0,0.06537012939470503
13,372.01401839106626,1.984779684340644,576.3943163760348,4.8429560106831575,8.010533097206746,189.4217365552435,0.9282783966574212,4.099753365975656,0.5770794371640346,2.3384164015698454,1.0,26.46483067550141
12,198.60872466574816,3.2946268380604073,321.9289431128711,8.307626254496318,12.003284168683615,9.7060345330828,0.05607702131097,0.196953985955404,0.0381776162056301,0.1175658010805171,0.0,0.03651852169215954
4,182.6932186284133,3.172533630424692,425.92930985587026,8.034352041310465,10.205571397947162,5.776143790777439,0.1548783709900569,0.1025870054478288,0.1646799150416286,0.1336334602447287,0.0,0.0633820499361722
17,173.22772235369402,2.7722071125945846,406.1672560210516,7.822248611129313,15.794786772293149,0.911426389017123,0.607756879374429,0.0184858502434926,0.3857488857258396,0.2021173679846661,0.0,0.0649419125491585
11,181.25521349042177,1.570766683400747,483.9311511698715,9.999946344024798,13.64619412372964,0.955381259415418,1.3681721004437013,0.0188500153549989,0.6803798748114724,0.3496149450832357,0.0,0.1970095064498693
19,189.28332245023088,2.4535185426623496,423.2252260732246,9.10802290426994,15.54051580723688,3.9105599210029425,0.6494069667233004,0.0768892307169386,0.4765539576418643,0.2767215941794015,0.0,0.04356804890512632
10,177.5126613634065,3.0781882066879604,456.1037879651116,9.799584319140406,15.288940955203396,17.972253424096493,0.1676974856078028,0.4110504822063308,0.1146760712276375,0.2628632767169842,0.0,0.016958652007480993
19,182.74845183548663,3.558096131711678,443.85526272067955,9.399078055105244,13.780761268784808,10.445430535747192,0.4551706223260279,0.2053775251178966,0.3340176077356458,0.2696975664267712,0.0,0.20688279461302328
13,185.14291121917935,2.2062570619657387,469.6532871253276,8.341072475007175,14.615416423791094,2.5506293833566076,0.7068010190323264,0.0552046010660606,0.4393944055133153,0.247299503289688,0.0,0.026423305513827308
10,194.4220376336229,2.287005637494536,453.09136596654054,8.329440199999947,18.546414269637697,1.0628771538800947,0.9588800548012272,0.0243094817505039,0.6557080868839821,0.340008784317243,0.0,0.0621392989368992
19,162.8822374523865,2.966259092457137,431.43803642973467,10.252951257695951,11.005915313791515,30.31164491884732,0.136666416928513,0.5959860241643943,0.1002898416575905,0.3481379329109924,0.0,0.1319052343754344
3,183.21643648730335,2.6473070901344715,282.1636741827942,9.53830750149418,43.15627014829484,7.926664379058195,0.5383958356457534,0.2396907157146644,0.3458562362040375,0.292773475959351,0.0,0.33696330030495486
18,159.97802556629244,1.8196330458503291,384.3185743888343,7.747110962977275,21.603324425120604,23.23197367549676,0.774863886414985,0.478352435277524,0.4677820856675513,0.4730672604725376,0.0,0.10306296628316468
11,177.13562971964504,2.257554086192569,409.1066157455093,9.880001997014045,12.382988238333422,3.16420251136131,0.6813846976518794,0.062430851911396,0.3388465786844301,0.2006387152979131,0.0,0.06707053093384999
9,200.3463370524715,2.454486816577505,482.70878569234304,6.872023073669175,26.311069489042488,0.8963542342485766,0.4591617983058595,0.0194555074556842,0.289136962426125,0.1542962349409046,0.0,0.09839602551464649
12,200.95113345827892,2.7677543707188055,425.1544290618615,9.207107589842154,12.924294778246002,7.363625740552038,0.4707954460306318,0.1494220359243765,0.3205207307685547,0.2349713833464656,0.0,0.046250155448664426
3,345.5249789588656,9.027443722140694,750.5620802854113,2.5337745401281255,4.8099790401124745,154.38187809250402,5.841740796360469,4.668281774503864,3.7526339376037936,4.210457856053829,1.0,26.0590844485818
3,175.3240800770308,2.712731674824647,298.47226809834194,9.535269323617795,21.70608190688844,15.81902078933075,0.4729712509555779,0.4783440087254393,0.3038286068687977,0.3910863077971185,0.0,0.2229596790231447
6,115.9892120122379,2.0727763310213283,746.0968010468569,7.311079619548947,3.8027483079562105,67.38538097917181,0.1526537329215376,1.5504274407478482,0.0918103970376148,0.8211189188927316,1.0,1.6212687106508574
12,203.16925864203924,2.921771432049433,369.85063216228485,9.435200996677628,9.02714764821786,5.145500556791717,0.3167783847000045,0.1044120377834672,0.2156648714676004,0.1600384546255338,0.0,0.013424031656464552
5,187.88115547959413,2.370121350202945,436.57317018046297,7.245403981159022,12.802286554389651,8.542281102299285,0.4728319866185306,0.1933163793804593,0.3426654415625898,0.2679909104715245,0.0,0.017042594642756304
19,198.29434132447545,2.209756995505215,477.9379586410392,7.658695517001004,13.91131981922242,5.100458953241628,0.8931685138804348,0.1002849651048156,0.6554333598829127,0.3778591624938642,0.0,0.1483642817324505
15,208.36189760761243,1.819792266185818,348.8021062115193,7.653203589780386,21.348529700599354,7.21568564412425,0.7558023829819716,0.1393979315416954,0.4310888528963624,0.2852433922190289,0.0,0.22654156237105152
9,287.14103181432154,4.258108942527063,432.6025105094892,2.28091475242676,27.273319574147035,85.89834052760145,1.3444603276436982,1.8644367825925856,0.846614802606872,1.3555257925997288,1.0,4.090267551291131
12,193.73538359456657,2.7537409565266713,380.2780791302353,8.24624202720789,8.40831837832341,14.579375604264383,0.484808860222766,0.295843387761863,0.3300611581352482,0.3129522729485556,0.0,0.06634272425516362
0,182.84432458557063,2.323221348166783,434.40547117028706,8.224457975179885,12.142274328694253,16.05603428651642,0.9695379512930912,0.3172465348215189,0.6059472101408624,0.4615968724811906,0.0,0.06625494361591758
2,160.41721268830727,2.184974539475474,449.47459401706993,6.709127613445242,15.020778947533564,4.2351143908403515,0.2365254512543373,0.1016047762786327,0.1345175116426549,0.1180611439606438,0.0,0.05463893688799953
11,174.71620411676153,2.640751226447673,459.07510375156414,8.729385010715049,14.12014927410354,5.583628114244817,0.2981875573967754,0.1101669879462786,0.1482860328069561,0.1292265103766174,0.0,0.020854806100594377
0,86.09335409257642,7.936632532885901,185.84209795019407,6.006955486701278,0.6008419583991546,112.80700477951063,4.643873233426026,2.2289209608843508,2.90235366886806,2.5656373148762057,1.0,16.327420153074517
6,175.53845366840923,1.6745637851282968,411.87239227207743,9.64770096610123,16.85401013076389,7.836139323000481,0.5508662788145691,0.1802967536780487,0.3313070096922829,0.2558018816851658,0.0,0.08722087539270196
9,222.0783386082992,2.304289639167541,404.4081530646813,8.816156347275738,20.841918744742216,20.835647321579103,0.6093589757158235,0.4522409515349864,0.3837170337681371,0.4179789926515618,0.0,0.25965320836046923
7,184.81116313949724,2.1907285185272753,427.1547094270152,8.71319590695771,9.466060140373685,1.8077405312804729,0.5315507921423599,0.0543448200467288,0.4584591065793323,0.2564019633130306,0.0,0.0496728885868382
9,201.18779809068485,2.049444932395724,443.67185298688247,7.188959909847878,18.39873869982771,0.0548931960352376,0.8642036824876405,0.0011914653202092,0.5441942874905737,0.2726928764053915,0.0,0.030819912859724297
4,169.32902803167858,2.8541774666651167,424.0995958714656,8.810160668277641,11.39729511586406,19.140334387512155,0.1634777927695183,0.3399412582526259,0.1738235549120385,0.2568824065823322,0.0,0.034688900698985864
13,180.5890645009784,2.261016370070307,409.62455991222487,7.009199936996388,15.637947170795014,2.0032173348443507,0.6520417109277581,0.0433566768031066,0.4053523866380895,0.2243545317205981,0.0,0.05564560677552008
19,323.18263096495764,6.190627476309449,212.7583172316562,2.2856266253192525,418.89057895344183,129.9887485937238,3.087701966923799,2.5558321782896005,2.265846638172984,2.4108394082312925,1.0,23.872088072469452
4,350.4195868796923,6.023739094547812,226.06367055227872,6.7587941119754955,9.566000663896356,161.95022446050157,3.006083835113177,2.876311456361861,3.196325138299862,3.036318297330862,1.0,18.175931812796964
5,186.0667110372083,2.327849678453722,446.18879012547075,7.796703368886289,16.209023675143996,10.356725544685103,0.5151036583677535,0.2343782252724905,0.3733000887004166,0.3038391569864535,0.0,0.012471700636342375
15,198.6263947801482,1.8672573746693983,385.6260392681529,8.012252985111399,23.575686904820333,2.5198171833399954,0.7083372744983911,0.0486796848622204,0.4040160629323273,0.2263478738972738,0.0,0.09824583301733755
18,159.13146064544443,1.5408526297378404,384.96246537701813,9.384752926803245,22.97240390559754,24.07853859634477,1.0536443025274738,0.4957834291812096,0.6360806562664738,0.5659320427238417,0.0,0.06227466203800489
18,160.65966230582976,2.503722824006763,346.624440397049,7.804909918109724,27.99234865736389,22.55033693595945,0.0907741082585511,0.4643173559129064,0.0547999492946506,0.2595586526037785,0.0,0.11165256233780968
17,165.04516681819229,2.7781531912054116,363.93383665487545,8.79008518543865,27.14748865042378,7.271129146484611,0.601810800763602,0.1474754364397541,0.3819748548980426,0.2647251456688984,0.0,0.09593843122950073
16,108.390396732592,5.053021047909697,57.93696896353164,3.134811355295565,21.99824992711774,36.88774011091829,1.804391960163716,0.775334453149211,1.0481642981793564,0.9117493756642836,1.0,2.7021622866538832
19,199.72124927780197,2.5144319586054893,411.48146600612773,8.463315813477353,20.661259198153385,6.527366906568147,0.5884935507801607,0.1283407568715913,0.4318538990828117,0.2800973279772015,0.0,0.08808815462682963
0,186.2942294712861,2.2120615910618393,467.34400658022713,8.960025433895487,16.713719678453064,12.606129400800969,1.0806977083980351,0.249080862593466,0.6754204521195197,0.4622506573564929,0.0,0.14117331781990947
1,176.92061776008663,2.772148401888686,362.49651903867465,8.49013020932673,12.679827087838218,15.50893338537722,0.0648175881511998,0.3737589854632441,0.052956323458513,0.2133576544608785,0.0,0.052942609153841656
2,177.44830415718152,2.1707178971778585,485.5778996523708,7.306935170377212,15.827101939806514,12.7959770780339,0.2507820935519529,0.306988730007401,0.1426255948788749,0.224807162443138,0.0,0.06456257854244983
19,168.17745096795028,2.3719303732768102,444.7485509319201,11.366898754374144,15.684614859686445,25.016431403283548,0.7309951361088398,0.4918718047384421,0.5364257591619735,0.5141487819502079,0.0,0.048097696250812866
4,168.72462011356652,2.8736540368019075,444.3545172887994,8.952837187501036,9.32375126112399,19.744742305624214,0.1440012226327276,0.3506758245366358,0.1531144016911868,0.2518951131139113,0.0,0.05033768236606818
10,189.22895883604343,2.8674346049326926,372.0838722423212,8.786242511151364,14.134473728303348,6.255955951459555,0.3784510873630706,0.1430824310022932,0.2587950778947459,0.2009387544485195,0.0,0.01578626009287048
14,183.31576990969927,2.42983070159027,356.0042467384829,7.16136443586966,10.885185498173508,15.830641086881116,0.7593592746975895,0.2953972627609134,0.5441343596669325,0.4197658112139229,0.0,0.06383037079128298
16,138.18826130753547,2.2404886258066243,341.03243411281346,7.300044338021614,11.534301507477482,7.089875535974812,1.0081404619393566,0.1490203724883095,0.585624888097485,0.3673226302928973,0.0,0.09783720616489001
13,171.52175262155168,2.4318987309772453,469.38162239718537,8.345348721506602,13.536615437840048,11.070529214271062,0.4811593500208198,0.2396052334580038,0.2991205740606067,0.2693629037593052,0.0,0.016340298001066695
12,111.17344970622683,1.1637604710261904,920.0236307812067,2.7585430986359087,14.27331632426906,97.14130949260412,2.074789345723247,1.9711827770943593,1.4125306497522032,1.6918567134232814,1.0,3.974516373619737
14,185.69563948959612,3.081693443458386,296.5304760702853,7.170142294994365,16.809803499748806,13.450771506984267,0.1074965328294732,0.2509892722208413,0.0770288307611375,0.1640090514909894,0.0,0.05994793252569832
4,152.2763806616642,3.0426542963153103,125.02070408128718,2.2848819025196008,9.364732318372338,36.192981757526525,0.0249990368806751,0.6428042221976614,0.0265811116382185,0.33469266691794,1.0,1.156008633472907
14,189.74290616112395,2.713410449410493,346.34070312976013,7.751397083152297,13.677991697158223,9.403504835456433,0.4757795268773663,0.1754679152605377,0.3409295136391828,0.2581987144498603,0.0,0.0592285952666268
17,159.5454401832228,2.864035587331274,380.7369395543034,7.477085526353719,23.604699869865172,12.770855781454088,0.5159284046377395,0.2590227036456455,0.3274645075316472,0.2932436055886463,0.0,0.05399274826618251
9,186.6243566670462,2.6955053116730907,423.5239440736775,7.153736124977655,12.771153155427925,14.618334619673902,0.2181433032102737,0.3172932165832571,0.1373661578479248,0.2273296872155909,0.0,0.0830139045431759
0,184.4396753392756,2.749696718989899,423.5490308949614,8.669212168192775,14.001543514571884,14.460683532811458,0.5430625804699756,0.2857244609764954,0.3394062657669006,0.312565363371698,0.0,0.1144359209880233
8,211.48397612685883,3.328677883635468,378.3439907882714,6.576750658879959,21.043877870512283,3.862252930734456,0.017545639161256,0.0821619798532248,0.0163974475290781,0.0492797136911515,0.0,0.09990273224679101
16,131.09340304561243,2.9374279269770023,296.83743315996094,7.940842603778744,9.81021464686864,14.184733797897849,0.3112011607689786,0.2981454756835326,0.1807755484791794,0.239460512081356,0.0,0.0900725244673277
5,201.07254345310616,2.454429764348209,441.0544764922444,7.595008801132067,18.014559879893355,4.6491068712127515,0.3885235724732667,0.1052117691905213,0.2815664026267236,0.1933890859086225,0.0,0.02416191894233062
17,145.3698394558691,2.5142119760480433,454.60078373649975,8.941964801543897,29.672231246827867,26.946456508807785,0.8657520159209704,0.5465369070033053,0.5495007737307152,0.5480188403670102,0.0,0.11246112474111959
10,192.8329998299964,2.7836112641333317,405.843664577228,9.349160384662683,11.892367164209585,2.651914957506591,0.4622744281624316,0.060652990825944,0.3161157429315911,0.1883843668787675,0.0,0.02565285169976036
7,71.89769477680805,4.649882166414868,869.0928249752793,3.4955245223415106,12.353423626720136,111.10572783140871,1.9276028557452332,3.340092607694005,1.6625449461244517,2.5013187769092284,1.0,7.0989467064514065
1,194.6983144054138,2.5876701839922545,361.34137381432913,7.982685280998781,16.559757181563143,2.2687632599499636,0.1196606297452316,0.0546762716186981,0.0977633879134168,0.0762198297660575,0.0,0.030531293743298337
2,165.97014991724697,1.9253568400988004,509.32302446272735,7.889709659312919,20.662986567985257,1.317822838099346,0.496143150631011,0.0316159334278072,0.28216812054473,0.1568920269862686,0.0,0.04515011749911396
16,138.40510233965347,0.6460502469576761,728.6681839354278,3.86279754371058,218.52730284934324,6.873034503856815,2.602578840788305,0.1444626434826295,1.5118279643984929,0.8281453039405611,1.0,6.737920417506644
2,157.1574375904172,1.9001063744175104,487.6145829117864,7.616826625411098,14.397715718430655,7.494889488730422,0.521393616312301,0.1798101537428431,0.2965286462017045,0.2381693999722738,0.0,0.02844168795256952
5,194.38143975737935,2.425882504433943,427.81921362319525,7.425281188804396,14.43815747758484,2.041996824514058,0.4170708323875325,0.0462114777181939,0.3022548494762722,0.174233163597233,0.0,0.006495059232002906
4,180.8148988736834,2.8305145749842593,407.76689471056545,8.63559173774005,10.63113338033124,7.654463545507326,0.1871406844503758,0.1359468396020447,0.1989839628291197,0.1674654012155822,0.0,0.06522896494709875
16,132.51820668997436,2.937544044914272,371.14607089108574,7.514455317819176,10.017921791351815,12.75993015353592,0.3110850428317091,0.2681978738211083,0.1807080960193419,0.2244529849202251,0.0,0.08828263108318658
8,203.17082181210532,2.6764920969198984,388.9804201192555,7.186857228722211,20.856615646539556,4.450901384019062,0.6697314258768254,0.0946843400473317,0.6259040103047329,0.3602941751760323,0.0,0.09410186561402568
1,198.05835949044203,3.0837126775041104,368.0125301878828,7.96642861065508,14.120790105690244,5.628808344978182,0.3763818637666243,0.1356519912819857,0.3075060379452635,0.2215790146136246,0.0,0.06228401192903088
17,149.16914130293824,2.5008314322459104,379.3182008544467,7.382566366909095,28.936636152445075,23.147154661738657,0.8791325597231032,0.4694782154610465,0.5579935280495003,0.5137358717552735,0.0,0.06710109950729545
6,193.1857029271799,2.184646381435611,362.41707067656085,9.2457785428879,16.82341473365133,9.81110993577019,0.0407836825072549,0.2257375983867133,0.024528493420935,0.1251330459038241,0.0,0.21691662081744012
7,187.95779187976208,2.2831693535947077,485.1987417464408,6.75173616665742,12.363785420211888,4.954369271545318,0.4391099570749275,0.1489396856729545,0.3787294866014316,0.263834586137193,0.0,0.05756892676246123
2,151.00983193640542,1.599825593689624,451.9321915439919,8.051238193693548,16.668954221299636,13.642495142742206,0.8216743970401874,0.327297574265901,0.4673052928729928,0.3973014335694469,0.0,0.08904525814048742
13,179.74457593854996,2.660369667969762,478.60691086270094,8.383049751330123,14.320836954736489,2.847705897272789,0.2526884130283031,0.061634382885345,0.1570878819256431,0.1093611324054941,0.0,0.019395897215942336
11,147.543010574984,3.4152950723561517,63.486802748137514,19.813610419593218,1.439706963702818,32.75682165602234,0.4763562885117034,0.6463038552533489,0.2368877656825066,0.4415958104679277,1.0,6.931457114850297
5,189.8000052752516,2.432256557850092,456.762138583799,7.388517465479315,15.762790126276364,6.623431306641805,0.4106967789713835,0.1498917846347312,0.2976355176835812,0.2237636511591562,0.0,0.01586578546417762
10,212.39493063850367,2.966557350049004,351.97064966886705,9.35659037995178,9.88193392386507,16.91001585100068,0.2793283422467594,0.3867556285596926,0.1910122668523591,0.2888839477060259,0.0,0.1483828964963741
6,179.03604905421977,1.852588328849916,446.2152301733629,8.612399514017405,12.37903007474826,4.3385439371899395,0.3728417350929498,0.0998228024441773,0.2242378687763317,0.1620303356102545,0.0,0.07695237290986567
12,190.6100592667425,2.4341144724192914,407.3286272334887,8.092496832336979,9.114541109836637,17.70469993208846,0.804435344330146,0.3592621899173956,0.5476650349841667,0.4534636124507811,0.0,0.056896843646815805
13,190.79114478923972,7.828752539409837,873.4804114040647,5.182607922869626,4.296432216290778,8.198862953416977,4.915694458411773,0.1774522639361469,3.0559218027105763,1.6166870333233616,1.0,16.611463488993525
10,205.58709568147663,3.295566156405566,401.4078027285027,9.259352501868763,13.89342085984462,10.10218089397364,0.0496804641098025,0.2310509555933552,0.033972843541625,0.1325118995674901,0.0,0.02232463930852342
6,176.7956601980202,1.5364879908649791,359.7415113301092,9.83138416799232,14.417165876200915,6.5789327933895265,0.6889420730778868,0.1513704869734251,0.4143498102185888,0.282860148596007,0.0,0.13200212272217005
2,136.48613190355127,2.651060596261015,873.6799213163262,3.5443630561389603,4.676589004458772,28.166195175596357,0.2295606055312036,0.6757361656219439,0.1305564422918412,0.4031463039568926,1.0,1.4671358413446993
3,207.29431585758437,3.2563826361505854,284.3852228450658,8.845209839727952,24.685493081202047,16.151214991222815,0.0706797103703604,0.4883890746195035,0.0454034317991426,0.2668962532093231,0.0,0.0905184292062503
7,173.70577366849517,2.2434364709326022,438.39538991727727,8.43577899885989,10.782880662909356,9.297648939721595,0.478842839737033,0.2795086184901361,0.4129988398906498,0.346253729190393,0.0,0.06272066775603981
14,157.84300581424364,3.2382265123379153,346.9319863139173,7.549734232281674,14.05394249889716,41.303405182336746,0.0490365360500559,0.7707150182109884,0.0351381289897431,0.4029265736003657,0.0,0.11675191397415802
6,181.23458501436303,1.706843100430913,359.3542625068424,9.29400427062701,21.507959173344787,2.140007977046679,0.5185869635119529,0.0492380846233992,0.3118932901761097,0.1805656873997545,0.0,0.1352539231074651
9,185.66771359892329,2.536695881857734,430.850197274781,7.722274951448823,18.89030221352441,15.574977687796803,0.3769527330256306,0.3380573025139677,0.2373694166356914,0.2877133595748296,0.0,0.03523730439307862
1,206.40361808968444,2.437193534204111,353.80746383319786,9.173317434883282,13.712527664347066,13.974066944220596,0.2701372795333752,0.3367693286239691,0.2207036324739791,0.2787364805489741,0.0,0.08648857697052924
17,162.88389526352228,2.490452160658696,428.59652606530926,7.775439787733523,20.789210614729488,9.43240070115462,0.8895118313103176,0.191311058028718,0.5645813472668408,0.3779462026477794,0.0,0.05124675871329263
3,181.91631271195843,2.3107280316545955,264.9079395020447,7.928861521859025,39.41184184684405,9.226788154403124,0.8749748941256295,0.2790045535823783,0.5620688415844795,0.4205366975834289,0.0,0.26645271859180597
10,186.2343068450904,3.658505910009529,398.7898340150515,9.447775943149288,11.01971965123306,9.250607942412586,0.4126202177137656,0.2115742954265383,0.2821608523527287,0.2468675738896335,0.0,0.23587378134163675
5,184.57594822237607,2.2158843896351987,445.72717173295473,8.175991595554965,14.077535124580036,11.847488359517342,0.6270689471862769,0.2681149832212332,0.4544423045793848,0.361278643900309,0.0,0.011950130978455077
15,209.14170855900457,2.078480437927379,330.02813959184226,7.3421721489978,14.004302343157471,7.995496595516386,0.4971142112404103,0.1544628940385224,0.2835402479634948,0.2190015710010086,0.0,0.372362961623161
14,173.49033870898046,3.0179004754930343,339.9717647523719,7.514503307618233,16.338205923279958,25.65607228759993,0.1712895007948249,0.4787382573680895,0.1227409816911484,0.300739619529619,0.0,0.06499716767515105
2,355.1242483072706,8.695897803542968,466.68464823011095,8.199892165930997,3.6464265121847967,190.47192122812297,6.274397812813156,4.569618470188408,3.5683956054613595,4.069007037824884,1.0,25.96903232632536
2,155.037181450178,1.9362980838902737,458.6249076830115,7.3697819205064174,13.3408500853464,9.615145628969628,0.4852019068395377,0.2306772923609468,0.2759455813579343,0.2533114368594406,0.0,0.04709492412754475
12,222.45829031043297,2.9831210185100456,343.4360212036903,8.106973107146318,7.597558904958968,14.143531111602016,0.2554287982393917,0.2869992702395137,0.1738976571699819,0.2304484637047478,0.0,0.2777426399174657
2,163.3538570556945,2.3405713254791065,485.3761002913804,6.85414285606059,11.05759373541136,1.2984700234531203,0.0809286652507048,0.0311516393802262,0.0460260095154837,0.038588824447855,0.0,0.028452687716214346
10,330.3285525395006,1.3201498355122594,557.8312581984932,3.23815056193101,3.1113470309910363,134.84363775199762,1.925735856783504,3.0840619154690607,1.316870205165708,2.2004660603173845,1.0,14.808138060495123
5,368.4801003490372,6.477077292611567,99.7372691780988,10.891227693341287,16.674439966850297,172.05666376714376,3.634123955790092,3.893734107953026,2.6336811494283827,3.263707628690704,1.0,20.894217919263426
17,153.8845847883033,2.582701581284056,463.6245255286077,7.195811140707459,22.850808332884032,18.431711176373597,0.7972624106849575,0.3738380374362318,0.5060297908423128,0.4399339141392723,0.0,0.0662911366711603
14,194.57477135485672,2.8815600447665997,368.50228141560905,7.337221377363884,17.46909153510903,4.571639641723664,0.3076299315212596,0.0853060737769851,0.2204384951633939,0.1528722844701895,0.0,0.04595824215310302
3,176.95730337265505,3.4634353350962854,323.490557355009,8.336566065816847,30.036623866695948,14.185797493706502,0.2777324093160604,0.4289577294622128,0.1784105288309346,0.3036841291465737,0.0,0.22516981886976853
12,191.8604320784804,3.5486035386911277,371.5410525221671,7.965442223079752,9.271124591182277,16.45432712035057,0.3100537219416903,0.3338897364851879,0.2110866754811279,0.2724882059831579,0.0,0.10131655101653791
4,175.7299336663388,3.3524931655273567,424.25892189277255,7.451525134585955,12.272029030414783,12.73942875285192,0.3348379060927215,0.2262581913140263,0.356028266410461,0.2911432288622436,0.0,0.1773180137429178
0,183.59988949100537,2.7982410242793003,477.7447300473681,8.739661784982696,17.307909348265156,15.300469381081683,0.4945182751805741,0.3023175465169027,0.3090667764059041,0.3056921614614034,0.0,0.08626386595187172
6,173.03059416048947,1.3679483235771726,378.42676162671165,11.370369800937922,17.461709865565535,10.343998830920242,0.8574817403656934,0.2379985005869371,0.5157144704475944,0.3768564855172658,0.0,0.402845191920121
6,178.3044179136038,2.324232077716053,394.918433772944,7.674031544232701,20.930772730440353,5.070175077805914,0.098802013773187,0.1166564387675701,0.0594224061149858,0.088039422441278,0.0,0.027621839933399492
9,172.47824874974992,6.951300475093474,176.35930896196234,10.137152461798172,70.2348266658287,28.764442536970165,4.03765186021011,0.6243366794666466,2.542533805082987,1.5834352422748168,1.0,19.053007029630805
2,162.75201226353255,1.4720860243246003,543.6662275078102,7.176950125378409,12.702557750283326,1.900314815615076,0.949413966405211,0.0455905186686655,0.5399537495957751,0.2927721341322203,0.0,0.03922525146837054
7,205.12271458236856,2.2978268815080245,460.99075251608065,7.690415312038856,9.504689700024148,22.119291974151793,0.4244524291616107,0.6649565693174309,0.3660874639553603,0.5155220166363956,0.0,0.3919324127314337
4,88.75220766421049,5.452914918784613,95.73569417943578,2.472711644797934,0.2423040912277298,99.71715475498024,2.4352596593499776,1.771023137343727,2.5893761100561035,2.1801996236999153,1.0,8.607310894855361
14,364.50891869913954,3.386806950965024,652.0941205099232,7.513482065078816,2.8411539242496784,165.36250770255916,0.1976169746771647,3.085638280252375,0.1416064695043051,1.61362237487834,1.0,19.0798597681614
16,132.62821143830925,2.7603142244872827,257.2227288270467,7.270205447496701,9.73714674509407,12.649925405201031,0.4883148632586982,0.2658857107247087,0.2836602119927768,0.2747729613587427,0.0,0.09207673215827619
2,160.97789904320967,2.3492928213540973,452.3299157605164,7.675388181047633,15.146945407012746,3.67442803593795,0.072207169375714,0.0881533304863889,0.0410658924681055,0.0646096114772473,0.0,0.09061889124326045
3,194.2817413695422,2.520912106852477,336.23546677992806,9.138900512605172,27.961986393842786,3.1386405031806532,0.6647908189277478,0.094907889700231,0.4270502022393646,0.2609790459697977,0.0,0.17598514514682975
10,218.30682113290527,2.6652528301652185,387.4176644866378,9.153898948643208,11.484404839308995,22.821906345402283,0.5806328621305448,0.5219688030643788,0.3970524376883755,0.4595106203763771,0.0,0.22578143951698249
0,203.24284045024245,3.260162331793367,516.8944295906638,9.071514049052777,12.82612061036945,4.3424815781554,0.0325969676665076,0.0858018367806424,0.0203726337790372,0.0530872352798398,0.0,0.10297225768624053
11,164.536627339402,1.826531353409182,393.9377291148671,9.57803077731202,17.171840911893245,15.763204891604346,1.1124074304352662,0.3110136935620342,0.5531903683852688,0.4321020309736515,0.0,0.08453893093604045
11,178.09561028543067,2.0865862351364752,411.5379511177254,9.859690496747648,17.4725355374716,2.204221945575682,0.8523525487079731,0.0434900905899607,0.423867377647227,0.2336787341185939,0.0,0.07674751178645169
12,181.30832458871407,3.2343168554654356,369.8530630615774,9.181742844270511,8.954472420454664,27.006434610116884,0.0042329612840017,0.5480121593197222,0.0028818287336937,0.275446994026708,0.0,0.07057367872016819
5,172.53089506674644,2.5696581032711205,418.50199172865297,6.99603401607912,14.014737303471303,23.892541515146977,0.2732952335503551,0.540700963196154,0.1980594260367523,0.3693801946164532,0.0,0.04904344932406885
8,128.5114955987342,7.625593204922574,712.3055075310814,2.640476760518176,39.17794655941778,79.11022759739018,4.27936968212585,1.682917468795803,3.9993265092978847,2.841121989046844,1.0,26.314747971650466
6,160.13911315835804,2.007794935938745,347.2664804431987,8.699795614023948,15.802888515401603,23.23547983305167,0.2176351280041211,0.5346104007817587,0.1308920989286295,0.3327512498551941,0.0,0.13151634818026742
3,184.6674809748379,2.7854778585405473,269.333541624562,8.366980529608929,18.781162017074813,6.47561989152365,0.4002250672396776,0.1958132566576306,0.2570977080905557,0.2264554823740932,0.0,0.11524816894195712
13,277.5892748827815,3.7305468950786103,215.7735620780574,5.498801928521512,160.97687652386978,94.99699304695878,0.8174888140805452,2.0560694304914193,0.5082052823982669,1.282137356444843,1.0,3.3786229139799704
10,178.39681338566382,3.2301594266193288,417.5670797795309,9.183903365253729,14.076902333070043,17.088101401839168,0.0157262656764345,0.390828693290017,0.01075404533538,0.2007913693126985,0.0,0.02884793388344621
0,173.32767528181557,2.91988647123624,438.3091093255963,8.914550159073078,14.32805834543843,25.57268359027148,0.3728728282236346,0.505283254278659,0.233040129783576,0.3691616920311175,0.0,0.05892535411670701
8,203.5647470820788,2.877620181450601,407.04436660807886,6.622679013189534,19.74642330464997,4.056976114045568,0.4686033413461228,0.0863043399086345,0.4379378050040594,0.2621210724563469,0.0,0.09086565171655958
13,173.11837282987952,2.5308058087759537,530.3810501456381,8.512133024272591,10.669509408071672,9.473909005943227,0.3822522722221113,0.2050487501720015,0.2376333725991229,0.2213410613855622,0.0,0.05712171748501696
12,377.6617974582768,4.111451711495764,679.7167982529324,2.7523431920738677,0.55062551822658,169.34703825944584,0.872901894746327,3.436374976954312,0.5942775265824152,2.015326251768363,1.0,19.944091593429814
13,173.238788514034,2.5067018512634007,446.9975328179504,7.41962405960902,16.624952883828126,9.353493321788733,0.4063562297346643,0.2024425307623053,0.2526179917444753,0.2275302612533903,0.0,0.021056999865802187
3,177.61984668717994,2.532639337929219,298.62886545577834,7.203146722921209,22.717166594413833,13.523254179181606,0.653063587851006,0.4089233904696355,0.4195168304471548,0.4142201104583952,0.0,0.1571682254009522
3,198.45683685923493,2.4367633951330108,336.3893195970902,7.800399534643509,23.839518992882432,7.313735992873376,0.7489395306472142,0.2211566594532929,0.4811058891333885,0.3511312742933407,0.0,0.042630640799688056
9,176.8280759748538,2.360922567509429,412.7164961063504,7.720638203285485,24.08286079142751,24.4146153118663,0.5527260473739353,0.5299230059708201,0.3480549361492007,0.4389889710600104,0.0,0.048187788496452534
18,173.47753097668203,1.877161247692807,290.9241818165799,7.607194159536397,16.901933224354508,9.732468265107173,0.7173356845725072,0.2003940758931532,0.4330525509526428,0.316723313422898,0.0,0.1029246442764924
15,132.82159601450311,6.95647072076806,358.2813167105,2.262760575566706,7.503381564445576,68.32461594898507,4.38087607160027,1.3199452701248038,2.498730994914488,1.909338132519646,1.0,10.598068004714442
9,207.09966949159863,1.9124058646951083,472.0207128315829,6.797159564329623,21.622437613139393,5.856978204878544,1.001242750188256,0.1271266188956208,0.6304886175390639,0.3788076182173424,0.0,0.11648128205158348
2,143.76772367017733,1.645081908103645,499.18308104367367,6.960695770699652,11.845449939636527,20.884603408970293,0.7764180826261664,0.501043244930002,0.4415669768955485,0.4713051109127752,0.0,0.062110286559196884
8,187.6917786575744,2.755139558384597,381.29539337051784,7.444762679184472,19.375499509004296,19.92994453854999,0.5910839644121268,0.4239711202292607,0.5524032611550354,0.488187190692148,0.0,0.06368122993088528
11,165.3742971963093,2.1784912544933484,426.6869615925076,9.570598986897842,15.653093378572157,14.925535034697049,0.7604475293510999,0.2944861664522978,0.3781638250427728,0.3363249957475354,0.0,0.05020530293696486
5,195.0893139035936,2.702007927559627,505.0539862738965,7.395655679225664,15.562564281752945,1.3341226782998206,0.1409454092618487,0.0301919080781435,0.1021443605081148,0.0661681342931291,0.0,0.02535367794513814
10,186.80842835177612,2.8678760383663833,444.61842925004174,8.556037210509073,10.259130712412627,8.676486435726872,0.37800965392938,0.198443336464443,0.2584932137868811,0.2284682751256621,0.0,0.028229377135181723
1,179.6625622778239,2.517505629923479,375.79295075194614,10.231624152152127,16.449131515632455,12.766988867639952,0.189825183814007,0.307679238024761,0.1550882117239062,0.2313837248743336,0.0,0.12935643085562723
12,196.28899796061933,2.7721701031677473,364.2891361741167,8.660683388050245,9.52956091855034,12.02576123821163,0.46637971358169,0.2440256730944777,0.3175144701869238,0.2807700716407008,0.0,0.040031755492268645
2,170.93726036273705,1.8112245243672307,501.1193621490887,8.267993278259004,14.087227495712463,6.2849332835894245,0.6102754663625807,0.1507820524485352,0.3470778164307581,0.2489299344396466,0.0,0.021565470318662353
12,203.21776924584495,8.247735387024655,999.3827854485902,7.07570562494569,7.599926238062307,5.096989952986007,5.009185570275218,0.1034276649432437,3.410287489134823,1.7568575770390336,1.0,20.635071187164485
9,197.9065612448166,2.376999920427618,399.1012496417023,6.550094371885433,30.149045007013687,3.3361300419034876,0.5366486944557463,0.0724112191624744,0.3379309297449888,0.2051710744537316,0.0,0.06025125055454332
2,146.72694874407352,1.7161220911343382,443.3501846019845,7.253972287503383,14.13919457732298,17.9253783350741,0.7053778995954731,0.4300483735183509,0.4011647766365505,0.4156065750774507,0.0,0.10227037141997387
1,199.09339367150528,2.348157522499785,347.54251643081363,9.0512574756459,17.757727639653613,6.663842526041435,0.3591732912377012,0.1605958939876824,0.293446540221048,0.2270212171043652,0.0,0.08487800897375658
16,127.03296996095624,2.7700011747194804,266.56367129951343,8.407235994581347,10.163182691703328,18.245166882554045,0.4786279130265005,0.3834907328278989,0.2780331001369311,0.330761916482415,0.0,0.12787439674094972
2,143.69187578598948,2.2982254096905574,443.9093373954479,7.57958905452764,14.951284364184204,20.960451293158144,0.1232745810392539,0.5028629141509282,0.0701091142718501,0.2864860142113891,0.0,0.06870112248598494
9,181.6138993778677,2.5119361960608426,377.8725559698852,7.206364283856769,15.654560388950951,19.628791908852374,0.4017124188225218,0.4260459679190265,0.2529607405837034,0.339503354251365,0.0,0.06328380068523633
3,190.32833105071373,2.5236380538557315,288.3384569171693,7.183222625916269,23.479508325708963,0.8147698156478214,0.6620648719244935,0.0246374453258402,0.4252991007110505,0.2249682730184453,0.0,0.10469560772312715
18,177.91009921796996,2.3600978704099096,350.59094813350026,7.457730473963279,31.51133789506747,5.299900023819248,0.2343990618554046,0.1091263324646107,0.141505732755902,0.1253160326102564,0.0,0.1314522875592944
18,165.37546562047447,1.7861076603448294,405.8662090923138,7.020554166593328,26.11207063477106,17.834533621314733,0.8083892719204848,0.367217727988079,0.4880212206040483,0.4276194742960637,0.0,0.11235290523583935
5,387.42744577153786,3.664499612419686,445.679210308685,2.971425118127833,5.1699476770028765,191.00400918964445,0.8215462755982101,4.322522644888768,0.5953817111765783,2.4589521780326735,1.0,24.125504430040447
3,184.6614252757322,3.149110299097883,244.96420578742465,8.297167073036297,19.28961009798789,6.481675590629351,0.0365926266823417,0.1959963721250437,0.0235064747891201,0.1097514234570819,0.0,0.09537927169007401
1,184.46767592622257,2.455919860184963,379.0565991778089,9.382796848466914,20.95171741285701,7.9618752192412785,0.2514109535525231,0.1918779538465458,0.2054041218917853,0.1986410378691656,0.0,0.07902799243533178
3,195.48040309107228,2.253611493135003,266.57996882281674,8.728049293648136,20.62815180565146,4.337302224710726,0.932091432645222,0.1311536637350654,0.5987595247761429,0.3649565942556041,0.0,0.1540785223962161
17,169.7049025919527,2.8289713582153015,362.53040049603226,8.94872320735748,30.517107648410335,2.6113933727241943,0.5509926337537121,0.0529651405716779,0.3497200965169079,0.2013426185442929,0.0,0.141103439852883
3,177.7549430476612,2.743687120555668,249.7690646140608,7.911265501068934,50.89273644890032,13.388157818700364,0.4420158052245568,0.4048382744882216,0.2839433602867763,0.344390817387499,0.0,0.23895657816119512
19,205.25618114709252,2.79840713209625,429.2973495801183,7.954158522925241,17.532513795195406,12.062298775858691,0.3045183772894,0.2371683064034929,0.2234645535205269,0.2303164299620099,0.0,0.2392391872831006
18,183.6930159120311,6.535915266285321,538.1820430393219,3.775029945559572,4.6579934156478915,0.4830166702418808,3.941418334020007,0.0099454400094099,2.379417754654243,1.1946815973318266,1.0,9.857972619262412
12,215.771269200803,2.8387621902500726,385.3224869853569,8.073857573420762,7.345923390561683,7.456510001972049,0.3997876264993647,0.1513068350621542,0.2721781259317132,0.2117424804969337,0.0,0.13489477836111943
17,160.8610140381539,2.693024353380008,402.3751019086659,7.542598570633423,19.873844793712145,11.455281926522986,0.6869396385890059,0.2323398013733768,0.4360069118746517,0.3341733566240142,0.0,0.04385842398178739
4,162.1914829378095,2.761329365578836,449.3672456086123,8.378915831728332,12.950033326052695,26.27787948138123,0.256325893855799,0.4667073852659422,0.2725475878478374,0.3696274865568898,0.0,0.05708727718529572
2,162.01365785900936,1.4206979431357138,474.43276456151966,7.509727092081969,16.42535865038103,2.6386692201382687,1.0008020475940975,0.063304404803164,0.5691793435982851,0.3162418742007246,0.0,0.06419192182015475
15,203.5141897144752,2.24791999738688,412.3737121945276,7.577271032981147,23.15060147973322,2.3679777509870235,0.3276746517809092,0.0457463388379649,0.1868965922046009,0.1163214655212829,0.0,0.20972892511353497
19,76.2827760318599,4.493457434895124,167.29039504419922,3.5544581488582883,7.88381337184252,116.91110633937392,1.3905319255094737,2.2987002399378147,1.0204132790143745,1.6595567594760947,1.0,1.3736516713527083
3,191.61888707789643,3.140751742186657,239.38142578868815,9.27349207786257,26.603245890997332,0.4757862115348814,0.044951183593568,0.0143870778572706,0.0288758681648075,0.021631473011039,0.0,0.1671879036982102
16,129.44654909901683,2.4154703594610685,334.3844982025103,8.86965391673467,8.493324491441168,15.831587744493447,0.8331587282849124,0.3327602989354017,0.4839786770195569,0.4083694879774793,0.0,0.15275489551110097
12,206.4561755734781,2.6538629678674575,429.27245541183856,9.37291195581167,13.330929274631924,1.8585836253528496,0.5846868488819799,0.0377142129462858,0.3980587698000428,0.2178864913731643,0.0,0.045499815012798143
13,196.26134330708425,2.643402501087165,440.6470219546774,7.793888036779208,11.382243179917989,13.6690614712615,0.2696555799108999,0.2958466213838605,0.1676357985314097,0.2317412099576351,0.0,0.1658500606131463
1,193.10999609061977,2.4117796284837003,309.8166669808465,7.193308234865626,17.157663943143227,0.6804449451559265,0.2955511852537857,0.0163984463692946,0.2414669322211836,0.1289326892952391,0.0,0.06321328423140035
11,153.9327423044956,2.193118807172437,453.5243459437782,10.148682315418249,17.690152359675057,26.367089926510744,0.7458199766720113,0.5202321534813076,0.3708896725751344,0.445560913028221,0.0,0.0278065620760793
7,162.3642752065978,2.4553387547706373,421.15472708978615,7.477362986272399,10.861466770744377,20.63914740161897,0.2669405558989979,0.6204600339764536,0.2302344960751535,0.4253472650258035,0.0,0.1384697273259438
16,132.5278204135685,3.310825514302133,373.614464632186,6.769464884413498,11.125676460561866,12.75031642994179,0.0621964265561518,0.2679958052990691,0.0361296631938981,0.1520627342464836,0.0,0.08889133640575221
3,203.1616002252596,2.434932281049228,314.97466867864426,8.64584659327341,33.779298173277944,12.018499358898056,0.7507706447309968,0.3634218096531523,0.4822821653657588,0.4228519875094555,0.0,0.09080728244502344
15,195.08939150498267,2.396232574820094,354.9461047738014,8.655955077413461,11.80040474165653,6.056820458505513,0.1793620743476953,0.1170101200739827,0.102303184833309,0.1096566524536458,0.0,0.16502820882581337
8,331.97708187716967,8.073780060069865,422.3150347967136,8.813545853174931,4.5008474981242514,124.35535868104527,4.727556537273141,2.645420343470267,4.418183888784432,3.5318021161273494,1.0,26.051684659159307
3,220.88439795762235,6.408294620401977,696.2163902479357,2.0915076581739767,58.50273298022723,29.741297091260805,3.2225916946217517,0.8993332434914779,2.070137546638844,1.484735395065161,1.0,7.205669867453278
8,201.38285993611908,3.4452915393125556,408.21928026652705,7.569584630828511,26.701505164709857,6.238863260005303,0.0990680165158317,0.1327197795350247,0.0925849772526557,0.1126523783938402,0.0,0.10733691272805211
8,202.49339706502337,3.385381700868381,407.24345296063194,7.850699734123426,25.956612699862305,5.128326131101005,0.039158178071657,0.1090952446203883,0.0365956557275014,0.0728454501739448,0.0,0.07638227831586492
15,196.01630625929317,1.9895671502017296,332.18223591839524,9.389101301292405,17.103132644727275,5.129905704195011,0.5860274989660599,0.0991032979313664,0.3342539372504585,0.2166786175909124,0.0,0.09582712000920246
14,314.724619160272,5.765609763965812,378.345685184351,18.688479577964696,4.143224883509713,115.57820816369164,2.5764197876779527,2.156671112622134,1.8461860915041344,2.001428602063134,1.0,13.004967811076932
10,291.5164109433074,5.5121049224833865,371.88230830166697,2.1914692384790384,5.631784913575874,96.0314961558044,2.266219230187623,2.196374147991586,1.549701934507393,1.8730380412494896,1.0,5.611463676869051
5,168.91631429641726,2.6226507200128024,447.35649807324063,7.549379908684554,16.07011726945201,27.507122285476157,0.2203026168086732,0.6225008547157843,0.1596552170803994,0.3910780358980918,0.0,0.04546584318442459
7,147.4289685819298,8.057668415786404,341.1402946406793,8.83716980928358,3.2850196091070902,35.57445402628696,5.335389105116769,1.0694495525581829,4.601738457629529,2.835594005093856,1.0,35.70763708113341
7,190.62578486622985,2.6401110696082775,411.18634339197973,7.288937191253244,12.439700591373263,7.622362258013084,0.0821682410613577,0.2291456644772378,0.0708695743531058,0.1500076194151718,0.0,0.0672992960892136
10,195.13177505311975,3.1589963910325065,358.9340216398856,9.115305937873297,11.114585419962069,0.3531397343832338,0.0868893012632567,0.0080767978660829,0.0594172516330278,0.0337470247495553,0.0,0.023953196180328495
15,193.81860488522895,2.3867173393272028,357.1676791071992,8.208264883648209,15.39402578499019,7.327607078259234,0.1888773098405867,0.1415601122661705,0.1077304129633467,0.1246452626147586,0.0,0.1474265614925289
19,177.79719590436036,3.5314843236776667,423.8674350153962,9.327256780406302,12.710522195704517,15.396686466873462,0.4285588142920167,0.3027288679735101,0.3144890792651202,0.3086089736193151,0.0,0.146157810885871
11,386.720474629473,3.1018758600580805,203.375301731275,2.002328553729775,3.8775790220436734,206.42064239846667,0.1629370762136321,4.072753406509889,0.0810271657201799,2.0768902861150345,1.0,29.12892567462478
13,176.81418222192846,2.432153674959059,455.21096352198344,7.919377069327273,16.99285888463075,5.778099613894284,0.4809044060390062,0.1250584213396072,0.2989620839674805,0.2120102526535438,0.0,0.01630344039961489
18,172.25038334385053,2.0493819972841325,408.8216890698584,8.379248150464152,25.0601271651467,10.959615897938676,0.5451149349811817,0.2256613677216184,0.3290836051139232,0.2773724864177708,0.0,0.048997491946728824
11,172.29430062748833,2.87509761962294,436.9349892187356,10.190558801675204,15.776100651801595,8.005531603518023,0.0638411642215084,0.1579520135695149,0.0317476458603139,0.0948498297149144,0.0,0.13601791619403394
10,185.62361584690177,2.694525805649265,373.050811107701,9.062078069055971,11.63127665037331,9.861298940601216,0.5513598866464982,0.2255416496230876,0.3770347862042962,0.3012882179136919,0.0,0.01858497946292206
10,359.2893886907964,1.7007760774124698,920.6646935597385,20.2042251073138,3.708007289201539,163.8044739032934,1.5451096148832937,3.746436598497276,1.0565876978337938,2.401512148165535,1.0,27.288146458879236
19,178.58845339202375,2.930255840855408,428.9302944369181,8.116425185864955,17.089969162542026,14.605428979210076,0.1726696685302422,0.2871712034051452,0.1267100880022687,0.2069406457037069,0.0,0.09233699107546535
6,170.40738718950493,1.8403894671488972,485.6564461761541,8.71151705603072,14.358842335311223,12.967205801904782,0.3850405967939687,0.2983542040270138,0.2315746191770124,0.2649644116020131,0.0,0.07464137179260076
14,181.97318509090795,2.82016048557558,323.2266478456658,6.7317966370056705,14.285268310486195,17.17322590567244,0.3690294907122791,0.3204496834631914,0.2644356002722272,0.2924426418677093,0.0,0.07647661698875692
1,321.4346658432537,2.387640486221907,736.1535852628762,5.183185033090901,1.8126089874281008,129.00511469778985,0.3196903275155791,3.108970784185402,0.2611887432618021,1.685079763723602,1.0,14.739235908592729
6,160.56196148513456,1.4616646878644683,404.9108361226538,8.746964276272179,17.879679728529617,22.812631506275153,0.7637653760783976,0.5248813521426886,0.4593507219203258,0.4921160370315072,0.0,0.12984591669557707
3,183.87285070925736,2.702007725156079,281.64823512594234,9.194463983387644,26.287990260568183,7.270250157104186,0.4836952006241461,0.2198417115003425,0.3107174879188601,0.2652795997096013,0.0,0.16761629067095238
11,167.08244475612145,2.2083469399908555,421.0788647617986,9.56378295718545,13.139204107447982,13.217387474884902,0.7305918438535928,0.260783801648989,0.3633168569204021,0.3120503292846955,0.0,0.053574203337494075
16,137.06093109274326,2.628722424490792,319.4518220829563,7.321186995085234,14.006274548584274,8.217205750767022,0.6199066632551888,0.1727154525603411,0.360101378731829,0.2664084156460851,0.0,0.10872634366953388
16,141.10193539912677,2.736908987055913,335.09978177568615,7.409575988184752,8.15087792617302,4.1762014443835085,0.5117201006900678,0.0877785641892342,0.2972562237283572,0.1925173939587957,0.0,0.08639322274461475
2,105.84063803961592,4.6799672717192315,599.7416381437738,2.7592382158953854,5.875877734619365,58.8116890395317,2.25846728098942,1.4109532720896452,1.2844427403221306,1.347698006205888,1.0,2.2444838258636413
16,124.82317759810576,2.2039853357856662,293.4516998468517,7.854197347725484,6.699117494843152,20.454959245404524,1.044643751960315,0.429937821971125,0.6068295078313168,0.518383664901221,0.0,0.0973740764630384
18,165.49121335159677,9.566589619071914,222.1571414329364,57.17627609939559,5.512226906553217,17.718785890192436,6.9720926868066,0.3648344518259423,4.209023179014426,2.286928815420184,1.0,148.48153458599936
16,123.14200699857771,2.6324979292268234,350.80699503880203,7.731300871318578,10.479044963828644,22.13612984493257,0.6161311585191576,0.4652739386189919,0.3579082026596213,0.4115910706393066,0.0,0.056786835201441684
1,185.27356773249332,2.2673899140439024,340.34374218042285,7.494331368991458,18.128057218073156,7.155983412970528,0.4399408996935836,0.172456289156897,0.3594341173641981,0.2659452032605476,0.0,0.08638673141894078
14,180.87554160877588,2.7436892132145236,302.2384196441277,7.624166342198104,16.227874741534293,18.27086938780451,0.4455007630733356,0.3409315375036996,0.3192326485280351,0.3300820930158674,0.0,0.04220609724403726
5,188.10406345659925,2.1270540450659117,378.7359875768439,7.55093013003449,14.45936846248012,8.319373125294163,0.715899291755564,0.1882718529204188,0.5188184257121314,0.3535451393162751,0.0,0.031123200094812373
11,168.60175234562263,2.139269926556753,479.4002979424211,9.675035042922664,15.728601787701988,11.69807988538372,0.7996688572876951,0.2308073172781447,0.3976682442476273,0.314237780762886,0.0,0.04853470412708975
1,208.19228347805608,2.5048742032207123,358.3916821310135,9.331475045054535,18.371291072872836,15.762732332592236,0.2024566105167737,0.3798754368442374,0.1654081563144676,0.2726417965793525,0.0,0.08335532847631187
15,207.88415719985565,1.861182937036112,393.9202028617995,7.924315473129542,20.601911232536757,6.737945236367466,0.7144117121316775,0.1301685903619821,0.4074807547754416,0.2688246725687119,0.0,0.22090757017422694
19,172.8857197462801,2.543852580224423,458.5888199860147,9.695366039946446,13.553554849505275,20.308162624953724,0.5590729291612271,0.3992980629502036,0.4102641804822712,0.4047811217162375,0.0,0.0395502875234299
7,164.18887131440138,5.848920937087422,104.12979064749986,12.194862802049691,11.486057810288942,18.814551293815384,3.1266416264177863,0.5656084967006302,2.696708099829801,1.6311582982652155,1.0,15.285208251439638
8,375.63944705926394,2.754926240674642,296.8367310432845,4.4122361599396624,4.157889493964249,168.01772386313957,0.5912972821220817,3.5742529271387813,0.5526026192931949,2.063427773215988,1.0,20.535146291785473
11,177.49683811311587,2.2267764010208153,404.3882990560286,8.258816118549863,12.764082661902124,2.802994117890478,0.712162382823633,0.0553040805871962,0.3541520490834783,0.2047280648353373,0.0,0.060865143464531986
14,363.1616497909554,7.489876075685428,110.0907384537456,10.267737298808337,1.956632840334743,164.015238794375,4.300686099397569,3.0604984551817216,3.081744247814877,3.0711213514982996,1.0,24.118036932209137
8,213.9102222070542,2.619453079869885,380.103425831728,7.285960455419846,17.62117321762554,6.288499010929826,0.7267704429268389,0.1337756843762141,0.6792103778067551,0.4064930310914846,0.0,0.10300357091732465
12,207.58237331464667,3.111572473767665,411.8750646310758,8.821183584970395,8.42534951571989,0.7323858841842821,0.1269773429817724,0.0148615089567121,0.0864470357704332,0.0506542723635727,0.0,0.027309375391233393
11,208.48868184951436,9.45260307855757,560.663136458329,3.407207370942183,2.0676928533501076,28.188849618508016,6.513664294713121,0.5561761264542325,3.2391875963291747,1.8976818613917037,1.0,26.729266246579982
0,172.66549239149424,2.7722713997047346,466.1166220318565,8.717918841111379,12.047835969800223,26.234866480592817,0.5204878997551399,0.5183671343715758,0.3252974165148095,0.4218322754431927,0.0,0.051535407124199656
2,155.34436884446626,2.3095145429410033,514.2834107715033,6.128998732741768,14.90008557307798,9.307958234681363,0.111985447788808,0.2233075489273858,0.0636887222785191,0.1434981356029525,0.0,0.016967050258733966
10,187.8767101034689,3.035364789056888,444.48044457195783,9.901295533347865,13.651871686995422,7.608204684034092,0.2105209032388755,0.1740102440300358,0.1439598811349416,0.1589850625824887,0.0,0.03823704136787522
15,201.00292283561225,2.244530985775158,362.6341699613211,9.123886680821478,13.7244077391219,0.1432891278759314,0.3310636633926314,0.0027681649427983,0.1888295910427173,0.0957988779927578,0.0,0.12744512424925858
9,196.23181828824653,2.708257225206028,378.0131255595259,7.743326624262989,20.636083718946775,5.010872998473559,0.2053913896773362,0.1087617743703922,0.1293362007442676,0.1190489875573299,0.0,0.02570145790131716
5,181.55034808382183,2.290115037638202,362.2063562057277,8.140498844295369,12.57736979652791,14.87308849807158,0.5528382991832737,0.3365859287724031,0.4006467101710317,0.3686163194717174,0.0,0.06147643978538664
8,336.05685927463287,1.5775697504405917,659.4292571934391,3.9784790295795367,20.978749463475644,128.4351360785085,1.7686537723561322,2.7322097366942555,1.6529125649270249,2.19256115081064,1.0,13.306765893655696
14,181.2054617758643,3.1059526124284553,343.56906048419796,7.818161348042798,12.504081837889014,17.940949220716078,0.0832373638594039,0.3347752792856854,0.0596454289730478,0.1972103541293666,0.0,0.05430920913932726
4,190.4444866814933,2.591202195255956,375.37282466943014,9.474825648398449,9.49120694759879,1.9751242623025576,0.4264530641786792,0.0350791273202877,0.4534413290200197,0.2442602281701537,0.0,0.17015751023210618
0,190.69155198911645,2.769454416533971,471.6548150667695,9.57179158703732,14.383285581536503,8.208806882970606,0.5233048829259035,0.1621954395568545,0.3270579902923098,0.2446267149245821,0.0,0.10835805590994677
6,176.37839747255578,1.954557493811388,372.0876471211449,9.357335308255726,16.663820796679804,6.996195518853938,0.2708725701314778,0.1609710200588019,0.1629106457760355,0.1619408329174187,0.0,0.1076706274795809
2,152.2099819107436,1.709754264350592,487.22278016583374,6.661537146476663,13.699872864289244,12.442345168404016,0.7117457263792193,0.298504734594989,0.4047863074653824,0.3516455210301857,0.0,0.031825338421662935
2,164.78492085607647,1.934387610588356,521.7345849244672,7.32078662246548,15.644758676243168,0.132593776928843,0.4871123801414554,0.0031810619023494,0.2770321118487159,0.1401065868755326,0.0,0.04669385911378727
0,321.7445362596989,5.777035092420532,519.6992894674524,2.4097886091823844,1.4656429027112696,122.84417738761186,2.484275792960658,2.4272425496716683,1.5526364738557046,1.9899395117636864,1.0,6.978094278622465
17,123.33172850938624,4.784810550155548,834.9065069864591,2.6266442713792166,1.9554993447681863,48.98456745529066,1.4048465581865344,0.9935211325154608,0.8916690420584606,0.9425950872869608,1.0,2.252127119965526
19,202.43288848668732,2.6864277087208905,426.5491901137106,7.70078609033875,8.909329701734952,9.239006115453492,0.4164978006647595,0.1816568693886984,0.3056383522606918,0.2436476108246951,0.0,0.22476830660831898
19,191.1440409589488,2.5387410681107463,404.5962344383812,11.489134175771731,11.423589828131036,2.0498414122850193,0.5641844412749037,0.040303877824712,0.4140151586086652,0.2271595182166886,0.0,0.14517850022564355
19,380.17505454845855,5.751444952888696,981.0493458276604,2.0269467610722325,2.7513590283740967,186.98117217722472,2.648519443503046,3.676414318584593,1.9435615682740088,2.809987943429301,1.0,23.63710452007675
4,201.1766335591719,2.650394136342759,398.2734401765188,8.512962136474467,9.32551779378027,12.707271139981174,0.3672611230918758,0.2256870571237682,0.3905034005861671,0.3080952288549676,0.0,0.035223271661781456
7,171.04653527199292,2.6998599469127087,463.28560672664736,7.662609963629902,11.575825630059182,11.956887336223843,0.0224193637569265,0.3594514142722839,0.0193365556594351,0.1893939849658595,0.0,0.06624296712771217
13,167.7074724623693,2.453724028342552,428.2047230129896,8.449557502454196,10.781428646719972,14.884809373453436,0.4593340526555129,0.322159686847367,0.2855525212384563,0.3038561040429117,0.0,0.02899480991116803
11,173.37719142896978,2.5922943565177547,457.9299999375201,12.476316764609424,13.53977076736338,6.922640802036568,0.3466444273266935,0.136586189156963,0.1723832052942343,0.1544846972255986,0.0,0.31882968801171646
1,202.4576026088824,2.904357417862551,377.0167854722824,7.804797383882647,12.255717588463837,10.028051463418564,0.1970266041250647,0.2416719607986993,0.1609718114416785,0.2013218861201889,0.0,0.019081752494213036
2,164.87608726970046,1.5741789476092631,453.17507145605487,7.074140942257308,14.961438757809152,0.2237601905528379,0.8473210431205482,0.0053682384944209,0.4818911355145115,0.2436296870044662,0.0,0.03619751918642125
7,171.33269936663743,2.813202600230186,474.7279631323849,7.327707652302813,11.441511843676906,11.670723241579338,0.0909232895605507,0.35084866627931,0.0784207468324495,0.2146347065558798,0.0,0.03498170373437939
9,193.0041128578561,2.6275194201086154,406.6447203110081,6.951841409927124,18.701373315435127,8.238578428864002,0.2861291947747491,0.1788196205503201,0.1801772850961244,0.1794984528232223,0.0,0.05708177814076667
12,190.3138735873896,2.734236964010863,386.34529073536504,8.468697433025246,8.962041579786309,18.000885611441362,0.5043128527385745,0.3652723632721915,0.3433396084405313,0.3543059858563614,0.0,0.059104500302020746
9,200.52142834024485,2.8800119303736116,419.9613468950112,7.006762122851584,22.337775892018815,0.7212629464752354,0.0336366845097528,0.0156551239415088,0.0211812237453547,0.0184181738434317,0.0,0.07560191490267418
18,174.6838740551119,2.448335481536757,323.7781066996762,7.995094509619716,21.401358899060813,8.52612518667732,0.1461614507285573,0.1755551553000337,0.0882370561652198,0.1318961057326268,0.0,0.09288417898718006
4,181.0234426049189,2.988995812500557,483.9740644673774,7.716922767994872,12.589504835468556,7.445919814271832,0.0286594469340779,0.1322430057524572,0.0304731723098186,0.0813580890311379,0.0,0.04338898054933675
4,177.98560192225096,2.420047322374679,443.04236859392074,7.884720457125899,9.214267793207814,10.483760496939766,0.5976079370599563,0.1861964719317584,0.6354278113472321,0.4108121416394953,0.0,0.12709700245862993
14,178.5751631167389,2.4740285947044582,357.6047367779562,7.262467215220701,17.237171460422168,20.57124787984148,0.715161381583401,0.3838562368972651,0.5124634588566486,0.4481598478769568,0.0,0.04912878594700141
6,182.0421924216518,2.12769111204331,359.7841356294377,7.635808963181244,14.6246353021924,1.3324005697579082,0.0977389518995557,0.0306563586256082,0.0587830497702326,0.0447197041979204,0.0,0.08023170014931759
1,197.8448772604848,1.8037187882085184,376.1996311858857,7.354886807682404,16.44197399355618,5.415326115020946,0.9036120255289676,0.1305071563858297,0.7382559590660781,0.4343815577259539,0.0,0.13561538729458394
1,182.18869005420436,2.316576960357533,345.27063869231284,8.522220459606494,13.880608961201904,10.24086109125949,0.390753853379953,0.2468005862574707,0.3192480319381661,0.2830243090978184,0.0,0.06951140082039975
15,205.58994842010148,1.9978735576229831,358.17594260927643,7.7583614023203005,18.82330635864632,4.443736456613294,0.5777210915448063,0.0858473748607291,0.3295161913428706,0.2076817831017998,0.0,0.20762973666097367
19,196.4086780610146,2.6360357381081765,405.42358053372055,9.716043764604889,12.577396949946232,3.2147956897807717,0.4668897712774735,0.063209149710709,0.3426174643728252,0.2029133070417671,0.0,0.046648120959283744
15,186.58699094814324,1.7959683801650208,351.90871824151554,7.961436972039175,21.571802906818984,14.559221015344946,0.7796262690027687,0.2812657583067127,0.4446773410084514,0.3629715496575821,0.0,0.12529325060519045
15,214.44799568876203,2.32894488626499,352.07046058951585,8.801679744637187,19.465356099909272,13.30178372527385,0.2466497629027992,0.2569736583006599,0.1406822282531276,0.1988279432768938,0.0,0.33987689858846065
9,203.46874778358352,1.967346775586519,404.0063690469475,7.407133010028085,17.667736694133424,2.2260564968634355,0.9463018392968454,0.0483169009714194,0.5958919935457822,0.3221044472586008,0.0,0.04587942587754946
18,171.16283321366564,1.847868642190819,363.4198301928693,6.844306626393584,31.432461644279947,12.04716602812357,0.7466282900744952,0.2480543103328194,0.4507363743138701,0.3493953423233448,0.0,0.11201274308926713
12,213.12012142133875,2.7359280277272946,403.6713010924972,8.059036628126675,7.708614189245523,4.805362222507796,0.5026217890221427,0.0975099810799689,0.3421883208001415,0.2198491509400552,0.0,0.09298007351956294
0,173.20323043303392,2.2737512425925237,471.1557535008203,7.447469633411581,12.05586563932886,25.69712843905313,1.0190080568673507,0.5077421240311683,0.6368653113024688,0.5723037176668185,0.0,0.03282660824339432
9,203.98159335047032,2.7460941940268957,426.2229182534316,7.057838579233188,25.935847679473483,2.7389020637502313,0.1675544208564687,0.0594482934153287,0.1055100325555322,0.0824791629854304,0.0,0.10043962497842092
17,83.51396953217518,8.033385376875462,283.3499953463738,3.105691064245062,0.2619403420750582,88.80232643250172,4.653421384906448,1.8011180359559886,2.9535693876277023,2.3773437117918457,1.0,16.59640934793501
4,148.0130653426713,3.0825260815240036,897.6873732326696,2.401459785268085,0.6986793950090157,40.456297076519434,0.0648708220893685,0.7185226889978916,0.0689761998532619,0.3937494444255768,1.0,2.0427707319319017
5,172.6208352525647,2.088460784047716,424.1556681847159,6.979440922357435,12.484848513051787,23.802601329328724,0.7544925527737596,0.538665568800328,0.5467872966904173,0.5427264327453727,0.0,0.06095291822150557
15,206.16771930526937,2.083269591948294,365.7547004531711,8.658819558392667,15.537061407345606,5.021507341781188,0.4923250572194955,0.0970091785020785,0.28080864647651,0.1889089124892943,0.0,0.17722749722917705
1,171.62593710493223,2.012361241551922,357.91643145506816,8.6418064787745,16.428543498634046,20.803614040531613,0.6949695721855642,0.501358635345565,0.5677939353842165,0.5345762853648908,0.0,0.1581252111168541
15,202.31567209702877,1.591691761477512,344.41188418737124,9.237300890100276,15.638416056819462,1.169460133540582,0.9839028876902776,0.0225924924776594,0.5611910954056064,0.2918917939416329,0.0,0.1540531357975576
3,191.61904113622364,2.987534280828596,350.41276900799863,7.8857885075615695,28.414455505628755,0.4759402698620931,0.1981686449516289,0.0143917363553406,0.1273001333571239,0.0708459348562323,0.0,0.08504645539315452
3,186.24717831128305,2.358350642577118,302.80810255044867,10.951727034150728,24.66555968816085,4.895922555078499,0.827352283203107,0.148045523967266,0.5314768943935841,0.339761209180425,0.0,0.44904809898179104
6,343.93056233254936,1.0047757146845864,485.99349076697933,4.490743478254865,5.050424821003653,160.55596934113964,1.2206543492582795,3.6941303443741775,0.7341370453659078,2.2141336948700427,1.0,20.568293813634067
15,205.49077085850763,2.3140045355585275,340.82863140095895,8.672925579452587,15.98411857665799,4.344558895019446,0.261590113609262,0.0839313896552498,0.149203792610344,0.1165675911327969,0.0,0.1738999773510964
6,285.3611743087601,8.78695346187937,626.3951384815646,4.486968415029051,8.309245771987358,101.9865813173504,6.561523397936504,2.346544487317748,3.9462911047565776,3.146417796037163,1.0,21.3013451828873
7,181.76764963075505,2.2487299994169803,447.01518357514055,8.814498436216649,11.386057537627057,1.2357729774617212,0.473549311252655,0.0371501655888623,0.408433205946584,0.2227916857677232,0.0,0.04333674454588306
8,212.3919386910044,3.8891370727079666,387.4398531931165,7.556015876165609,22.37234857663166,4.770215494880034,0.5429135499112427,0.1014771317194246,0.5073851323212695,0.304431132020347,0.0,0.42448087244290494
11,160.63319103999476,2.572082220702951,432.95491390796354,9.72818097244256,15.052830178865031,19.666641191011593,0.3668565631414973,0.3880298935931184,0.1824345215218411,0.2852322075574797,0.0,0.04840431711446696
15,201.40063095676123,1.4583633660831192,370.7540439701596,8.227702023528972,16.59522602926907,0.2544189932730489,1.1172312830846702,0.0049150535591947,0.6372379382354898,0.3210764958973423,0.0,0.15220835660050178
9,189.2152125939726,2.6512255086268266,493.4445684174046,7.710744003246145,22.996364250717445,12.02747869274748,0.2624231062565378,0.2610582874927764,0.1652494177289995,0.2131538526108879,0.0,0.07563757960143226
4,183.3171745427609,2.367926432885862,456.7083208588879,8.789405451349705,9.897611413613662,5.152187876429821,0.6497288265487731,0.0915052576411716,0.6908471936537744,0.391176225647473,0.0,0.16850696539881704
0,350.44446314505416,3.002786639810839,469.4539763047082,4.982093792438067,0.4139015551814503,151.5441042729671,0.2899726596490355,2.9943160991879445,0.1812287222971659,1.5877724107425553,1.0,14.577774687085297
13,164.46130589504148,2.0868325736136195,456.0970335843967,7.965777848108254,13.266938218239073,18.13097594078127,0.8262255073844456,0.3924181616821102,0.5136365905840916,0.4530273761331009,0.0,0.02846531013839497
19,176.17991594349402,2.7611580330119745,495.9004175766296,11.714318273590134,21.17321979109181,17.013966427739803,0.3417674763736755,0.3345277444916945,0.2507990394389215,0.292663391965308,0.0,0.10558074772057789
4,179.15668193489438,2.7177946244461832,351.36122730977127,7.523165555505187,9.533016845605609,9.31268048429635,0.2998606349884518,0.165397545175691,0.3188374437215463,0.2421174944486187,0.0,0.09288580573643154
3,187.68479653012463,2.9591881901305332,250.4303426039116,7.851813292513286,26.647484990008003,3.458304336236921,0.2265147356496917,0.1045740556017136,0.1455091750897215,0.1250416153457176,0.0,0.09681320350457892
16,146.89094587464834,2.4352318212761035,310.80115419211694,7.156669394276269,8.469759882053713,1.612809031138056,0.8133972664698774,0.0338992414398791,0.4724993204209635,0.2531992809304213,0.0,0.07970519551709034
19,165.61256297182152,2.093981051148784,446.05829798315625,9.383573141086217,20.096507547604514,27.58131939941231,1.0089444582368658,0.5423025023575369,0.7403931575290162,0.6413478299432765,0.0,0.09439871988165736
6,178.87801032708654,1.7276732180075904,399.8648956835441,10.295079983802228,15.243281666150144,4.496582664323171,0.4977568459352754,0.1034590151610566,0.2993654513315928,0.2014122332463247,0.0,0.16211247770799353
13,184.80322471257233,2.2982860510986627,486.15270513404295,8.443107750603867,13.09604073729943,2.210942876749584,0.6147720298994024,0.0478525889677421,0.3821830802871372,0.2150178346274396,0.0,0.030394350601172095
6,192.8530918033443,7.262133396715011,751.786993190238,2.046063403201547,4.520388307751788,9.4784988119346,5.036703332772145,0.2180847602488378,3.029219946951238,1.623652353600038,1.0,14.566170942152475
11,164.50649912730142,2.3753940877661637,474.2519390891065,8.32192975297708,16.929526643209122,15.793333103704924,0.5635446960782846,0.3116081340067442,0.2802457889939921,0.2959269615003682,0.0,0.01958873771787128
4,186.8945409922212,3.4301337215556407,334.6086858711882,6.988918099976684,12.771323409189678,1.574821426969521,0.4124784621210056,0.027969562420837,0.4385823382849866,0.2332759503529118,0.0,0.27270077368107715
13,81.64664222708126,1.1474697460794907,409.76818780210135,2.5726672975669973,9.367155443701677,100.94563960874147,1.7655883349185744,2.1848190883088345,1.097606845367762,1.6412129668382982,1.0,1.8352508065879407
17,177.21020051935105,2.745279824134408,374.56733708155383,7.9281289651199724,15.485500965977147,4.893904554674151,0.6346841678346058,0.099259784217147,0.4028398835765313,0.2510498338968391,0.0,0.03347583055201045
12,316.7453671576136,6.557583016902618,301.91220412418784,3.1223893829320932,8.931781187434398,108.43060795878264,3.319033200153181,2.20026421338798,2.259620299489847,2.2299422564389135,1.0,9.217521760329964
1,201.5881007152371,2.6672622265459234,311.07255227799277,9.19444015081945,18.151096844506988,9.158549569773244,0.0400685871915627,0.220717318880277,0.0327362545315988,0.1267267867059379,0.0,0.08331623541591349
5,189.6141135452471,2.6926636052924944,445.292387811452,7.858758639938662,16.582185815691183,6.809323036646305,0.1502897315289812,0.1540986136738232,0.108916271898182,0.1315074427860026,0.0,0.024872114602467386
5,206.6799458504048,2.667851766964913,384.9240078419111,7.856427720842584,11.97968852645383,10.256509268511394,0.1751015698565625,0.2321102774687499,0.1268976263266411,0.1795039518976955,0.0,0.0811195770580769
18,158.52376029381307,2.186408516662479,413.90002762352145,7.431792154286472,25.962647038886697,24.686238947976136,0.408088415602835,0.5082961389140239,0.2463612687780166,0.3773287038460202,0.0,0.1252348545199913
12,203.38319679252092,2.506181255890868,388.694431996805,8.225747563680136,8.833566685953063,4.931562406310036,0.7323685608585695,0.1000708239394741,0.4986014803189715,0.2993361521292228,0.0,0.057854257197975906
1,197.78408606309537,2.9382783792962015,326.0076197747591,8.468571679280474,11.46486484122086,5.354534917631526,0.2309475655587154,0.1290421132589575,0.1886854221597116,0.1588637677093345,0.0,0.05997468566163566
18,186.1951771844209,2.8986849563555435,395.7701468964731,7.7235100612949745,26.4440802427118,2.985177942631708,0.3041880240902292,0.0614655973074182,0.1836370372122519,0.1225513172598351,0.0,0.10632433510284396
15,205.83882238088032,2.0613231731553063,408.7348575901758,8.916278525768162,16.27019735636905,4.692610417392132,0.5142714760124831,0.0906553053968118,0.2933262790160172,0.1919907922064145,0.0,0.16859977236755738
11,173.85993441111748,2.235602020146116,468.9248886804977,8.920740580740244,15.974610355229208,6.43989781988887,0.7033367636983323,0.1270614967513677,0.3497631468147809,0.2384123217830743,0.0,0.0482595232051779
10,195.51912304646268,2.8049371543787665,369.4479998844704,9.126043250611222,14.115599516974063,0.0342082589596941,0.4409485379169968,0.000782390555542,0.3015325230346766,0.1511574567951093,0.0,0.030043475465337113
4,181.89161593006753,2.8171211622419468,414.6785953122378,7.559894931946898,13.181714245890634,6.5777464891232,0.2005340971926883,0.1168238429229434,0.2132249834340116,0.1650244131784775,0.0,0.025686192730763904
2,170.6204695520109,1.5759149654132465,457.0794920079897,7.034835108556021,14.183182070351922,5.9681424728632635,0.8455850253165649,0.1431819131180433,0.4809038219128642,0.3120428675154537,0.0,0.04041738341199231
15,211.1942574099627,2.271068640490405,416.3165921314019,9.749967411857616,15.340668271927774,10.048045446474504,0.3045260086773846,0.1941155449885863,0.1736932440460073,0.1839043945172968,0.0,0.24229955286167185
12,223.4885424098615,2.4613296138089256,367.944771494962,8.48898924598477,8.249297644249237,15.173783211030551,0.7772202029405118,0.3079050538352502,0.5291367822584436,0.4185209180468469,0.0,0.2419314624781045
0,182.00688504991663,2.8703636895702886,469.2219182362216,10.819009169707265,16.150306713137653,16.89347382217042,0.4223956098895858,0.3337932602499692,0.2639911527413423,0.2988922064956558,0.0,0.17233779527182624
11,228.13566414771665,9.668928549867386,962.7089876327876,27.06836821548593,5.171322700418969,47.835831916710305,6.729989766022938,0.9438181430321116,3.346764338349111,2.1452912406906113,1.0,50.21902569974699
5,188.81829978434888,2.460692126554974,426.36552486546384,8.701092626908343,15.465116684787995,7.605136797544532,0.3822612102665017,0.172108303717456,0.2770280144221683,0.2245681590698122,0.0,0.01631215899227502
10,192.05997509190365,2.961095822197905,425.24729144607977,10.444903035135574,11.647266318508416,3.4249396955993348,0.2847898700978581,0.0783331438847927,0.1947470071473274,0.1365400755160601,0.0,0.09747032144174989
14,192.57854415127733,2.9001545831191073,359.0477224277433,7.826210383311847,15.977028963274018,6.567866845303058,0.2890353931687519,0.1225553581584556,0.2071141998569681,0.1648347790077118,0.0,0.02909592181738925
18,159.29327581832797,1.7270625726078983,392.03915868942966,7.696718094420868,31.243159373963486,23.916723423461235,0.8674343596574159,0.492451612302675,0.5236664929857489,0.5080590526442119,0.0,0.08891365403146329
3,198.1166705133879,2.5053202365345006,280.4996654084657,7.53930776416152,26.860214903659276,6.973569647026352,0.6803826892457243,0.210870527607781,0.4370661518930036,0.3239683397503923,0.0,0.04165911224468898
3,192.9244105911477,2.8158670403853163,295.3529164816078,7.801884576965487,23.302595759145525,1.781309724786155,0.3698358853949086,0.0538641958869229,0.2375762197017278,0.1457202077943254,0.0,0.060446797062593656
9,134.23468016500357,5.531025309041416,885.6214218761739,2.7163839582301468,5.0961918569664615,67.00801112171652,2.6173766941580516,1.4544192576520991,1.648177940033419,1.5512985988427592,1.0,4.5684207299478325
16,137.98279884570573,3.3576182782392667,354.8987038671703,7.593162422343626,11.346589869075872,7.295337997804552,0.1089891904932858,0.1533389380877863,0.0633113984569993,0.1083251682723928,0.0,0.18252314443839043
18,170.92618434760612,2.1604282690398544,360.7164737566848,8.239484335927663,41.92518967905841,12.28381489418308,0.4340686632254598,0.2529269725941678,0.2620454355486462,0.257486204071407,0.0,0.0481243388909772
7,185.41620899700644,2.2104879482130206,483.57565291284146,8.527513986539404,11.204547214749873,2.4127863887896694,0.5117913624566146,0.072533884061942,0.4414167267839171,0.2569753054229295,0.0,0.018931455199620806
6,177.58956422251958,1.7355818227123372,415.86060477447114,10.435479365208758,17.55110738518137,5.785028768890129,0.4898482412305287,0.133104053408488,0.2946089863303107,0.2138565198693993,0.0,0.12920832655318126
2,187.11738036092964,1.7041972895100406,469.251351176286,7.436811978862021,15.690822784757044,22.46505328178202,0.7173027012197708,0.5389598726588614,0.40794668798193,0.4734532803203957,0.0,0.18457955429860345
10,121.4306814045161,0.1598657275213863,890.2547912169211,6.064294524117888,11.107838185250303,74.0542333829869,3.086019964774377,1.693723520539952,2.1103038248172252,1.9020136726785888,1.0,3.008464562485871
17,367.95314175529273,4.617626645841746,548.2145285648619,2.858532756194171,2.016715773966981,195.63684579061584,1.2376626538727322,3.9679709485860135,0.7855558790668283,2.376763413826421,1.0,22.152073787776693
6,385.153355279336,2.4960185918106843,285.1817817658921,2.654503157410401,4.454437865070149,201.77876228792627,0.2705885278678184,4.642599410516576,0.1627398144933479,2.402669612504962,1.0,30.774924531950397
8,203.2499058975191,2.9182798215761383,390.8291059218228,7.638471843613554,28.070089126942666,4.371817298605265,0.4279437012205855,0.093001978703057,0.3999389433278246,0.2464704610154408,0.0,0.07256172006994281
13,174.78693695504214,2.550613427254186,459.250579994218,8.121044454653033,15.357946732872712,7.805344880780609,0.362444653743879,0.1689351471986351,0.2253196428342831,0.1971273950164591,0.0,0.015243568874139772
15,186.13705633487103,1.5189614712169663,396.2410140628673,8.402967719760607,17.162497394937105,15.009155628617153,1.0566331779508231,0.2899579266622218,0.602674448865721,0.4463161877639714,0.0,0.14647134658190855
16,142.74415076862624,2.696293608863317,313.9265114387437,7.284946962200071,10.274195051122849,2.533986074884041,0.552335478882664,0.0532612380631149,0.3208495395479805,0.1870553888055477,0.0,0.08973116449304554
6,163.9693536181739,1.3555818690374712,452.2289141895122,9.950036638690964,14.845032407717053,19.405239373235815,0.8698481949053947,0.4464828302721151,0.5231520160582293,0.4848174231651722,0.0,0.08782416001281236
6,183.29961362956792,1.1402687570478562,428.1821715874144,9.236801052024257,13.944038976950388,0.0749793618417982,1.0851613068950097,0.0017251525241835,0.652647586987579,0.3271863697558812,0.0,0.21290462506960084
8,206.68875865953137,3.2255772001500542,394.6714219351731,6.8434987503232,22.218426435403092,0.9329645365930048,0.1206463226466696,0.0198470205949849,0.1127511928743766,0.0662991067346807,0.0,0.0680330870371867
1,207.3763304259807,2.039737818969628,340.02011264611224,8.626566636395717,12.124356595817677,14.946779280516864,0.6675929947678583,0.3602113002236705,0.5454271221430759,0.4528192111833732,0.0,0.14272024001269712
13,193.02761385453567,2.6169151565659754,435.5179604989099,7.458005879489764,12.722697240139928,10.435332018712929,0.2961429244320896,0.2258573295061874,0.1841020891650148,0.2049797093356011,0.0,0.1328689951449666
2,154.67838168263626,1.6840991823594886,504.05352372685223,7.254728919137356,16.247589697476947,9.973945396511368,0.7374008083703227,0.2392852700318097,0.4193769478050581,0.3293311089184339,0.0,0.027599140812062183
19,192.90717321876332,2.4461243237660764,420.6479591069391,9.523566145701665,16.78497113055865,0.2867091524705074,0.6568011856195737,0.005637260806199,0.4819800532325368,0.2438086570193679,0.0,0.03832311267867245
7,187.8360741756667,2.6312422344619937,417.116292339034,8.120533622381146,6.9933680907829086,4.832651567449943,0.0910370762076415,0.1452805727576299,0.0785188870766878,0.1118997299171589,0.0,0.09004285514902133
0,314.09000592963883,7.548507841433032,161.21366560622556,18.268019443580155,5.11494687346654,115.18964705755178,4.255748541973158,2.2759989001151224,2.6597813449492493,2.467890122532186,1.0,22.550218464594522
17,173.19846040801744,3.0457992962902005,445.2160277417968,8.013167809653172,23.5045048600051,0.8821644433405424,0.3341646956788131,0.0178923498224726,0.2120974083250171,0.1149948790737448,0.0,0.15064244863327736
9,195.24606341993064,2.478659885096925,412.9109952284227,6.928149963862561,23.748079379157105,5.996627866789453,0.4349887297864394,0.1301577364322821,0.273915034926904,0.202036385679593,0.0,0.05002349919613466
5,181.44154537553015,2.3663551603559703,405.9326911159233,7.604676915733647,12.661419574718874,14.981891206363258,0.4765981764655054,0.3390481921165669,0.3453948320087639,0.3422215120626654,0.0,0.026665189693467914
16,165.74785155788936,2.4773243348093548,366.1894272433739,7.839232274045423,9.025787205650175,20.46971471437908,0.7713047529366261,0.4302479635909138,0.4480479424054117,0.4391479529981628,0.0,0.03968103070179136
0,195.12505958669755,2.7466799052797595,475.1361818836747,8.655368341285158,17.059078770336296,3.775299285389508,0.546079394180115,0.0745950460014765,0.3412917307440431,0.2079433883727598,0.0,0.0964434304635959
14,191.23966507923583,3.2770784347508353,326.3135990745181,6.547429987900422,17.097135872340715,7.906745917344551,0.087888458462976,0.1475386302115806,0.0629782655738425,0.1052584478927115,0.0,0.0809111225239645
18,182.31623194296347,2.129221118646258,382.897475478326,9.073651550705716,17.763758951660147,0.8937672988257361,0.4652758136190562,0.0184029032546484,0.2808850616491706,0.1496439824519095,0.0,0.051857117020860176
10,196.65835539311024,3.0463810773553397,385.0356580283236,7.708058208718151,15.725982231166594,1.1734406056072544,0.1995046149404236,0.0268382219743598,0.1364266455768845,0.0816324337756222,0.0,0.018938436207383568
14,180.7409139301756,2.9463112693131124,365.86540690979314,7.971763995706021,13.870159144830565,18.40549706640479,0.2428787069747469,0.3434436687264418,0.1740396859563845,0.2587416773414132,0.0,0.05520226210486703
5,192.75528922517404,2.120735204938751,532.2474378979174,7.619272841522823,11.770956171754529,3.6681473567193734,0.7222181318827245,0.0830121319519821,0.523397743955429,0.3032049379537055,0.0,0.047802166065561265
10,196.39911287638787,2.5700431413837426,363.3844138774457,11.178931610356488,11.37320034740326,0.9141980888848876,0.6758425509120207,0.0209089843327273,0.4621593950926178,0.2415341897126725,0.0,0.2840915391596671
0,169.28123908855625,6.355188400481013,104.68082201581208,5.993971101848732,0.570223694093009,29.61911978353081,3.0624291010211384,0.5852356159752171,1.9139739373203544,1.2496047766477858,1.0,8.910687729290618
16,136.19528759659764,3.145443543275663,317.96654429864145,7.452364605620359,10.965771919461975,9.082849246912645,0.103185544470318,0.190910203029958,0.0599400829696517,0.1254251429998049,0.0,0.11438991916983791
14,177.6901034550282,2.733341943671567,359.5779334418163,7.8621131213319,16.260647206379147,21.456307541552174,0.4558480326162923,0.4003713104192148,0.3266471953369881,0.3635092528781015,0.0,0.049717847718532444
15,361.412146603383,5.761785472343642,947.8663263076426,4.67710023510711,1.083957750347297,160.26593463989482,3.1861908231758527,3.096135403790769,1.8173154491159609,2.4567254264533647,1.0,17.145512991816354
18,181.0651599748097,2.545454548101308,340.46359895993663,7.245560854393115,25.070767661475905,2.144839266979517,0.0490423841640064,0.0441628034264106,0.029606682092888,0.0368847427596493,0.0,0.14812808578670283
1,215.22343078849977,6.623347024910498,276.2736419943902,10.08524208552618,12.937248611448355,22.79387964303592,3.916016211173013,0.5493232267142905,3.199406628088486,1.874364927401388,1.0,16.509003682202586
18,204.54155110794065,1.7939145362926785,935.5272196283688,2.4768079711274127,4.805382236809568,21.331551866151443,0.8005823959726357,0.4392222514518739,0.4833082422636474,0.4612652468577607,1.0,4.294429100298225
0,195.6761614162004,2.4184792911600668,454.2173106965455,9.04630087998232,13.413376900238443,3.2241974558866673,0.8742800082998077,0.0637059844422097,0.546412372207439,0.3050591783248244,0.0,0.16735434443597977
14,196.40519396495304,3.4922069345868274,345.50400204765003,6.399855713861907,10.03856265259632,2.741217031627343,0.3030169582989681,0.0511506769266187,0.2171329752150507,0.1341418260708347,0.0,0.11388253490772436
13,175.37431548589225,2.745668759653109,448.1800061102541,7.441966283136288,9.912967233326135,7.217966349930492,0.167389321344956,0.1562222075289458,0.1040603074431622,0.130141257486054,0.0,0.03625412655179172
15,201.51932953612192,1.694822784075347,350.01604552238365,7.650255493373296,21.488044804201603,0.3731175726337312,0.8807718650924425,0.0072081601683069,0.5023680019214065,0.2547880810448567,0.0,0.11401347385730819
19,217.1644045102247,2.6256837693213995,426.0958224329112,10.18065481036987,13.716178090207697,23.970522138990873,0.4772417400642506,0.4713071898608473,0.3502140439408199,0.4107606169008336,0.0,0.4090532776268674
12,181.57099318381617,2.9457047468148043,338.38392210502826,7.82374253202388,9.330096856268,26.743766015014785,0.292845069934633,0.5426821116453264,0.19937090855231,0.3710265100988182,0.0,0.09706791743028825
13,184.12848010431776,2.481415859319068,421.6766889860912,8.95392269839788,12.150860133241483,1.5361982684950135,0.431642221678997,0.033248739751848,0.2683374419136415,0.1507930908327447,0.0,0.016094475783216
11,385.6051556166435,5.75145396915974,294.7503988253527,11.665180389167777,13.00199940590697,205.30532338563717,2.812515185315291,4.050747761841475,1.3986389059312094,2.724693333886342,1.0,20.248899120534265
15,206.3940113721812,2.144599613689942,321.0632113242133,8.005304252427132,16.492479254532782,5.247799408693027,0.4309950354778475,0.1013808553748774,0.2458276920418286,0.173604273708353,0.0,0.23146698987875045
1,214.39671892314587,2.9877854516795788,337.0010507182121,8.008689479583323,13.163152282811811,21.967167777682025,0.2804546379420927,0.529399807070459,0.2291329706322416,0.3792663888513503,0.0,0.13819204788807865
12,308.1010044994928,9.104687831064982,805.3547684003885,5.156833236912773,7.911733510000006,99.78624530066182,5.8661380143155455,2.024853578307518,3.993706521569206,3.0092800499383623,1.0,22.964468345865384
4,173.7752425775302,2.8920480542501865,413.4948623085601,9.426423020435449,10.847040298762746,14.694119841660523,0.1256072051844485,0.2609744159510589,0.1335563109694597,0.1972653634602593,0.0,0.09096053267036935
16,66.33968696474581,8.951585407450976,210.169096012335,4.341908557478226,3.4081753748087835,78.93844987876447,5.702956319704995,1.6591881119625098,3.312825228864769,2.486006670413639,1.0,26.169075920979274
19,53.39512422306478,0.9296611750411018,199.62552067201364,3.2541215701433712,9.942364216750072,139.79875814816904,2.173264334344548,2.74871608831895,1.594805372599411,2.17176073045918,1.0,3.4345723776067127
17,155.60479653489173,2.419032167268669,383.6678814155345,8.225942711668992,17.25431471789444,16.711499429785164,0.9609318247003444,0.3389481361587154,0.6099122744907456,0.4744302053247304,0.0,0.03550605709759026
12,216.61762112237903,2.979733583877379,386.65281243036344,10.427208402135568,10.570506925326963,8.302861923548079,0.2588162328720584,0.1684809326719708,0.1762038456283606,0.1723423891501657,0.0,0.06075581798902851
1,185.19141871914985,2.41958432576228,305.75236239455205,7.570198625456154,12.720019498494372,7.238132426313996,0.2877464879752058,0.1744360469597779,0.2350904519267282,0.204763249443253,0.0,0.1309427075482502
0,189.87033501082885,2.7123756244125157,495.6790616265432,9.296790121367254,30.876665382554645,9.0300238612582,0.5803836750473588,0.1784216281691399,0.3627314106035798,0.2705765193863599,0.0,0.20804342203061268
6,165.4564217005294,1.8623214678814597,382.7388607292775,10.249847314474463,13.747956663625128,17.91817129088031,0.3631085960614062,0.4122678250641325,0.2183840757389376,0.315325950401535,0.0,0.1572706639298003
11,170.2432398448239,1.9549793818164027,418.9234199400159,11.122569678269189,15.05198161879407,10.056592386182444,0.9839594020280455,0.1984201794103621,0.4893143008502392,0.3438672401303007,0.0,0.11528212152303956
18,173.27158664102848,2.080754093196179,342.63259416837,8.38336859794864,25.236158172962696,9.938412600760728,0.5137428390691352,0.2046345238149496,0.3101444020941556,0.2573894629545526,0.0,0.0474104675021116
2,165.72673872136463,1.6257145057036149,427.0625705022039,7.1541361732456075,13.67982277190867,1.074411642217001,0.7957854850261965,0.0257762469827776,0.452581667974322,0.2391789574785498,0.0,0.05647534625856319
14,223.1089684673156,3.5325157362355206,284.0308348801868,5.983947908594633,6.346854517679688,23.96255747073522,0.3433257599476613,0.4471375383194181,0.246017068298378,0.3465773033088981,1.0,0.6401553079909302
0,190.59318562112125,2.343703150144348,517.8249837359394,7.772261184216732,17.97557869801647,8.307173250965803,0.9490561493155264,0.1641390321546643,0.5931463798583443,0.3786427060065043,0.0,0.0742076654311463
6,187.7142182165884,1.551172832639795,357.89506844123355,8.935439586965014,19.09158695006634,4.339625225178679,0.6742572313030708,0.0998476811128845,0.4055179190621938,0.2526828000875392,0.0,0.13162920715076087
3,188.06669749951237,5.232239417257521,61.503051473143074,2.3694600825344367,1.387964455032534,3.0764033668491777,2.046536491477296,0.0930259298949522,1.314659886526811,0.7038429082108818,1.0,3.5903668430029523
0,375.7650639612477,4.539610667585366,572.0524382075488,2.2280826640640115,3.6963008234600774,176.86470508916062,1.2468513681254918,3.494618522886814,0.779264088598388,2.1369413057426008,1.0,16.623280464732233
1,184.7819114944788,2.8301676110595664,332.76932666135536,9.918350173950756,14.422905622393232,7.647639650985042,0.1228367973220803,0.1843050044844282,0.1003583341672899,0.142331669325859,0.0,0.19655906319037839
4,164.71171047715762,2.7867962097334016,436.2420998490322,9.11970358458898,10.851242205394913,23.757651942033107,0.2308590497012335,0.4219469697233651,0.2454690635520111,0.3337080166376881,0.0,0.05546809536210569
8,187.2563840455231,3.3462695661521855,398.3473804130509,7.598516551140942,39.12841753102256,20.365339150601272,4.604335546165572e-05,0.4332333006159702,4.3030265144877455e-05,0.2166381654405575,0.0,0.07062653823734667
14,350.6431914927771,1.3901480821037802,551.2006413040829,6.445931537189268,1.368176915419975,151.4967804961967,1.7990418941840791,2.8269060002095108,1.289140123422722,2.058023061816116,1.0,15.883716992334444
11,164.7806108545504,2.559854355035778,446.2561261481059,10.546729133043426,15.654131595636647,15.51922137645596,0.3790844288086701,0.3061998111861879,0.1885153308799214,0.2473575710330546,0.0,0.09058320121733365
7,183.30273633404417,2.610378404715142,472.0266152958151,8.455075011289571,10.496248023884002,0.2993137258274032,0.111900905954493,0.008998056018628,0.0965138047533472,0.0527559303859876,0.0,0.06003146774410139
19,193.9597888366538,2.9149088347067553,450.5028499893227,8.616294137788788,20.167228901090105,0.7659064654199597,0.1880166746788947,0.015059214055507,0.137972173093528,0.0765156935745175,0.0,0.12236767095781693
6,168.28603102209726,1.33220581463971,434.4068472843861,9.069637984178938,17.542922580247872,15.088561969312453,0.8932242493031559,0.3471631410064624,0.5372110553909552,0.4421870981987088,0.0,0.09394966068154509
14,179.53198661834844,2.753251269448815,311.78651130514703,8.00207602885792,18.594635910609707,19.614424378231945,0.4359387068390443,0.3660020614555014,0.3123807623135454,0.3391914118845234,0.0,0.04073746789981513
4,308.9664422684256,0.2227999591454164,684.4144490650862,2.7316524145360876,4.848187737430537,120.4970798492349,2.7948553002892185,2.1400842906088977,2.9717289151680317,2.5559066028884647,1.0,12.964247317141819
9,173.13622932051777,1.9133750862039307,464.2093442135144,7.214667989813439,40.26604096415528,28.10646196620232,1.0002735286794338,0.6100551092892036,0.6298782928909487,0.6199667010900761,0.0,0.12768979149198084
7,190.04611728724677,2.3702926276623137,476.04727308044295,8.476632300572257,9.881860051985145,7.0426946790300065,0.3519866830073215,0.2117195296300844,0.3035862284561148,0.2576528790430996,0.0,0.03230404768542873
4,164.1277187601511,3.361431301036374,457.1913810097416,8.217129814597024,10.421530045632233,24.34164365903962,0.343776041601739,0.4323189347616472,0.3655320556538928,0.39892549520777,0.0,0.19414003236525454
3,186.75810603736477,2.89449902190542,297.2799922702241,9.701865670445688,19.81040456163492,4.384994828996781,0.2912039038748051,0.1325958182036994,0.1870643855208593,0.1598301018622794,0.0,0.16510846833649223
13,183.77450590028968,2.129685273955357,397.0043690058476,7.01457191099142,16.20798456548913,1.1822240644669364,0.7833728070427082,0.0255874915718672,0.4869965090275074,0.2562920002996873,0.0,0.05877497368538296
8,210.7298044812214,3.2628511785009087,365.08063778333087,7.074523534243925,27.00285116179143,3.108081285097029,0.0833723442958151,0.0661184330772884,0.077916434300419,0.0720174336888537,0.0,0.07358778440455425
11,172.28275487757674,3.2264805062233455,422.3684303144557,10.232586634505344,18.432426398350305,8.017077353429613,0.2875417223788972,0.1581798153617038,0.1429919532870049,0.1505858843243543,0.0,0.18254570155102268
3,181.56089980101927,0.7598552015508306,117.69389137699568,7.418474408282389,1.4481403324046591,9.582201065342275,2.4258477242293943,0.2897517192151636,1.5583229066023812,0.9240373129087724,1.0,0.8526740247658374
10,199.5966849678088,2.915102475078244,396.7882751875146,9.858266736184689,12.257398631370105,4.111770180305825,0.3307832172175193,0.0940419142471161,0.2261985004787594,0.1601202073629377,0.0,0.025081372776298447
18,171.05221950159157,1.894239534795786,421.9315928351003,8.34075125142555,22.640551199460297,12.15777974019764,0.7002573974695281,0.2503318756953149,0.4227424604958238,0.3365371680955694,0.0,0.0587808241919503
4,371.3267932697027,4.740802858098608,613.5604916020151,6.275965365612848,4.561862494659468,182.85743085051195,1.7231475986639726,3.247633184753633,1.832197732570334,2.5399154586619836,1.0,16.28807513489422
9,205.89049710459815,2.200312526674359,399.5567525359007,7.160801754543902,35.43928776766343,4.647805817878066,0.7133360882090054,0.1008813449942634,0.4491920505901854,0.2750366977922244,0.0,0.037188133112299765
17,148.07566398546803,2.5877032805312004,441.8723963437145,9.11411573315109,19.075268718611557,24.24063197920887,0.7922607114378133,0.4916564826025204,0.5028551662896338,0.4972558244460771,0.0,0.05598118160732906
3,184.93765180674268,3.0070045949951973,283.40983372425933,7.550533681223488,27.400859832703524,6.205449059618871,0.1786983307850276,0.1876436865878333,0.1147927379994051,0.1512182122936192,0.0,0.07903529644526305
3,216.60634527906828,6.177942489124612,118.4801191987397,4.455622496548529,1.2486297569936229,25.46324441270673,2.992239563344387,0.7699711992125833,1.9221632945170517,1.3460672468648174,1.0,7.089253608783414
17,153.32259130666642,2.5436390376709768,414.5867984255595,8.577253743254584,17.512011095465184,18.993704658010472,0.8363249542980369,0.3852365743499608,0.5308231468432723,0.4580298605966165,0.0,0.04837647179008136
6,183.72481442431217,1.171337916953222,412.3482645232696,7.674445806590521,18.227371588643155,0.3502214329024582,1.0540921469896438,0.0080580225565221,0.6339616901415259,0.321009856349024,0.0,0.1255228688506982
19,170.70430890197488,2.6082506931405134,475.4191956248288,9.231118934028103,12.426834647894315,22.489573469258943,0.4946748162451366,0.4421888522705214,0.3630069486578602,0.4025979004641908,0.0,0.0690320793697745
7,181.7596772491148,2.494125195530411,415.96341595748214,8.22518009686904,10.19208329326035,1.243745359101979,0.2281541151392243,0.0373898336375046,0.1967814427809433,0.117085638209224,0.0,0.026732483845472256
2,151.29957082423633,2.30157245203184,473.5912267721986,7.506776016959277,13.47448575477626,13.3527562549113,0.1199275386979712,0.3203464385560961,0.0682055736392278,0.194276006097662,0.0,0.05683062850391019
8,213.14591587910996,3.1450438562087997,379.74335072143595,6.957991156387024,27.708817684261163,5.524192682985586,0.2011796665879242,0.1175165417865274,0.1880144118133548,0.1527654767999411,0.0,0.1080529710424787
7,186.30939312315823,2.642092049793986,437.22727197995414,7.836498971935557,13.176091538842218,3.305970514941464,0.080187260875649,0.0993850442613163,0.0691609918064954,0.0842730180339059,0.0,0.027234888642711338
5,190.8597840970665,2.3166136414904175,470.688571636298,7.495449201062641,13.18594283164604,5.5636524848269175,0.5263396953310582,0.1259084244146843,0.3814429421375945,0.2536756832761394,0.0,0.01679524438539798
14,177.83679126822437,2.789703120485833,358.3823975127279,6.486731118238507,19.545852298008477,21.30961972835601,0.3994868558020261,0.3976341389894084,0.2862604457735238,0.3419472923814661,0.0,0.08219338103402958
17,86.56811086388532,8.95150455565267,815.7919105627101,33.93454981773103,33.87740202093248,85.74818510079157,5.571540563683657,1.7391729354401484,3.536308081661698,2.637740508550923,1.0,51.59230564471616
16,138.334419835984,2.3582214443707863,323.13508852886486,7.608595184876582,13.27476551288543,6.943717007526288,0.8904076433751946,0.1459483018657401,0.5172343499730602,0.3315913259194001,0.0,0.11937989582701848
7,189.37593955125809,2.626196685248421,422.8625883640958,8.54068219884519,8.64772531426966,6.372516943041319,0.0960826254212143,0.191572452197555,0.0828706405099461,0.1372215463537505,0.0,0.09373899279214824
2,78.57049371070636,0.8147642488938409,988.267085549255,3.005017086418176,7.690457481476577,86.08183336844127,1.6067357418359705,2.0651922507622125,0.91378789349261,1.4894900721274114,1.0,3.138878775695514
6,161.89574861237531,1.937195439448417,435.0299853469485,8.624255416648811,13.826629684801537,21.4788443790344,0.2882346244944489,0.4941930910964316,0.1733526904869391,0.3337728907916854,0.0,0.08748858839119474
13,176.4590323073111,2.8656020232416335,402.8067884786818,8.01943518198365,11.678794027161551,6.133249528511641,0.0474560577564315,0.1327451160366217,0.0295018339311974,0.0811234749839096,0.0,0.045889073212742534
5,179.7077804248398,2.9383595967631075,437.23709747756817,7.994574116477111,12.886475454306243,16.715656157053616,0.0954062599416318,0.3782842180621409,0.0691417440358364,0.2237129810489887,0.0,0.004912475383823479
18,169.24753036403746,1.9501249640732483,381.3418700438907,7.665987583585592,27.81706570457659,13.962468877751746,0.6443719681920659,0.2874908986834659,0.3890046607039297,0.3382477796936978,0.0,0.06565529240890165
16,124.3148606648338,2.820554806540445,312.37525523857425,7.744596733736229,14.254857030962649,20.96327617867648,0.4280742812055358,0.4406220121736103,0.2486666912923521,0.3446443517329812,0.0,0.07065274017612902
10,196.06081416007817,2.9348111644105157,430.00741309574215,10.024327834975916,11.244703486970472,0.5758993725751793,0.3110745278852476,0.0131716212326474,0.2127211662570839,0.1129463937448657,0.0,0.1001392974285385
17,167.021502554662,2.90323450028477,369.3227986046053,8.227397257068391,21.192571233288177,5.294793410014904,0.4767294916842437,0.1073907440328992,0.3025845966550491,0.2049876703439742,0.0,0.0642476361415443
15,214.427136378258,2.0530343029059304,405.25610614877866,7.489178941465456,23.67852355409145,13.280924414769828,0.5225603462618591,0.2565706827719222,0.298054022204008,0.2773123524879651,0.0,0.3815109625471406
16,133.50554574676573,3.65764166609662,418.1002015547333,7.706348212474275,8.974028675875802,11.772591096744549,0.4090125783506391,0.2474452339096269,0.2375938219623461,0.2425195279359865,0.0,0.3775633490852312
3,187.78177995381807,2.3313019647190423,279.9508843717261,7.688704362540209,29.9453480883229,3.3613209125434764,0.8544009610611827,0.1016414189810747,0.5488525004048549,0.3252469596929648,0.0,0.1545961441785402
15,188.50560112847407,1.936416636749818,372.0776392386676,7.235409929912001,15.60405486951417,12.640610835014115,0.6391780124179716,0.2442006332772233,0.3645695255454266,0.304385079411325,0.0,0.21004952404398775
9,184.92579839037788,2.3763728699354947,420.0985761118963,6.666302726130017,18.582927357923435,16.31689289634221,0.5372757449478698,0.3541606870017325,0.3383257872336765,0.3462432371177045,0.0,0.05938405038972963
13,158.19496531420458,2.601590976573846,460.1677045577048,7.055157930504713,14.382614414654377,24.39731652161817,0.311467104424219,0.5280438367278222,0.1936286161171679,0.360836226422495,0.0,0.07865958823036655
8,223.33139310477785,3.3577780085946873,395.7992974225103,6.946776375004539,20.08382005361431,15.709669908653469,0.0115544857979634,0.3341929194394186,0.0107983569510511,0.1724956381952349,0.0,0.2562599731070863
15,73.44688303854666,4.871749685555384,751.6120875021122,2.197942254260558,4.365756570574711,127.69932892494153,2.296155036387595,2.4669897206365774,1.3096635615293433,1.88832664108296,1.0,3.297517731900062
9,205.2292447205308,2.0225317845849102,393.89291428703416,7.35699305911277,15.710052363380996,3.986553433810713,0.8911168302984542,0.0865287596025111,0.5611416594976859,0.3238352095500985,0.0,0.05837006157143853
1,185.13479650947565,2.3215496654357897,382.4404391156413,8.397306849995308,14.071931741425637,7.294754635988198,0.3857811483016964,0.1758006191786818,0.3151853047355793,0.2454929619571305,0.0,0.053340844867611995
8,202.67338057620816,3.1911969049246105,401.3707677882804,8.663374717907855,19.1929124445517,4.948342619916218,0.1550266178721133,0.1052664426529664,0.1448816317721678,0.1250740372125671,0.0,0.04072520577223392
0,191.20769247862523,2.5244172425493763,504.5272165710405,8.647729952438468,14.143586957190715,7.6926663934618205,0.7683420569104982,0.1519971689966543,0.4802026833481476,0.3160999261724009,0.0,0.0893431751680719
8,204.71183072646647,2.8265729526322634,364.7562146254595,8.342040509936156,15.488217963027056,2.9098924696579047,0.5196505701644605,0.0619023483844231,0.4856444886056397,0.2737734184950314,0.0,0.0657950197600423
0,181.44432539598048,2.7242019709565,452.9814892591823,8.365053284015673,13.277592535864164,17.45603347610657,0.5685573285033745,0.3449087136462984,0.3553401148993439,0.3501244142728211,0.0,0.0796236496546278
3,308.07497708572987,6.403029853455353,730.5072186595481,2.8802174643986995,11.062880016439454,116.93187621936832,3.2173269276751277,3.5358485941357616,2.066755550790999,2.8013020724633804,1.0,11.288822187273945
18,182.49916799685988,2.0349267900805534,417.698553654036,7.29224355348227,21.283351065765792,0.7108312449293237,0.5595701421847608,0.0146362018928219,0.3378101532122372,0.1762231775525296,0.0,0.13281195111140323
12,186.09512870890484,2.944176656768195,356.1452474424012,9.875051121883706,6.87434695341592,22.21963048992612,0.2943731599812422,0.4508787575946535,0.2004112426136286,0.325645000104141,0.0,0.04406155509761066
5,204.06768428658864,2.418472823170528,490.0904318726703,7.756990555327166,16.92609408641973,7.644247704695232,0.4244805136509475,0.1729934044152805,0.3076247097518516,0.2403090570835661,0.0,0.0489653484286079
19,369.404476273688,0.4782075591981715,266.05064228735284,2.5594186290832504,2.3891450832021808,176.21059390245415,2.6247179501874784,3.464643755122344,1.9260953315094853,2.6953695433159144,1.0,22.612908948856465
0,175.24227579545828,3.15928688293547,482.3412090790838,8.802058610843314,21.79540517229038,23.65808307662877,0.1334724165244045,0.4674532168184915,0.083418331707237,0.2754357742628642,0.0,0.07465567251493598
0,170.20153397003818,2.636598271995871,489.8224781336507,7.889383570710831,14.564356262117276,28.69882490204887,0.6561610274640035,0.5670517757470415,0.4100911609129786,0.48857146833001,0.0,0.0595007715224321
19,186.34180723378705,2.527046944519474,422.4480176770618,9.847225589776096,12.08663471075902,6.852075137446775,0.575878564866176,0.1347251536291054,0.4225966508995361,0.2786609022643208,0.0,0.03586149568591794
19,182.81895293163635,3.0239025739999277,404.676386046779,10.17853965877456,8.91107496486002,10.37492943959748,0.0790229353857223,0.2039913361431315,0.0579893572632228,0.1309903467031771,0.0,0.12510666586032637
5,171.8266795628198,2.5930805233547756,479.3481246832421,7.871512770545265,15.582377339382036,24.596757019073607,0.2498728134667001,0.5566377358090383,0.1810849950600567,0.3688613654345475,0.0,0.03965041470945523
5,195.2685986297707,2.281026167865824,434.93653125899345,7.319688954219205,14.053930541557744,1.1548379521227048,0.5619271689556515,0.0261345990610651,0.407233492922617,0.2166840459918411,0.0,0.008166681384952116
12,209.12145986319464,3.0189628724661177,365.1175546284097,8.231534383325515,11.035392192484034,0.8067006643636887,0.2195869442833196,0.0163694978394886,0.1494962800560823,0.0829328889477854,0.0,0.04168479042000828
13,193.01259844261804,2.3027823432109855,450.6589166268404,7.964560606024663,13.902106663791196,10.420316606795296,0.6102757377870796,0.2255323431204097,0.3793878868076299,0.3024601149640198,0.0,0.08452721022871731
7,154.7841807968719,5.104536727859653,447.67691117241344,5.620942044627742,5.721338535479151,28.219241811344855,2.3822574171900177,0.8483350301419603,2.0546815530554587,1.4515082915987096,1.0,5.60493269151717
8,210.50312515312868,2.83374601631095,379.5044520294616,6.718575215366543,32.170224837970075,2.8814019570043,0.5124775064857738,0.0612962676930147,0.4789408322604364,0.2701185499767256,0.0,0.09480692777705367
4,173.0695698445077,2.171186164472835,448.7424936904412,9.06343480194827,11.000771573556726,15.399792574683032,0.8464690949618001,0.2735074925379943,0.9000382542286852,0.5867728733833397,0.0,0.3645460903340638
0,175.94077652094546,2.397145663891002,461.31125101265826,8.368352960824957,14.160373994263498,22.95958235114159,0.8956136355688726,0.4536517431309809,0.5597455809886258,0.5066986620598034,0.0,0.060315589952770574
0,189.53934824521605,2.4593305737293365,475.1183229935274,7.82586644750626,11.723707238646648,9.361010626871009,0.833428725730538,0.1849614998827066,0.5208809108855685,0.3529212053841375,0.0,0.06507243686050691
15,195.8886051023588,2.2575322476660333,291.742309676036,7.5188052814019235,14.609948435558303,5.257606861129375,0.3180624015017561,0.1015703229668358,0.1814140295137504,0.1414921762402931,0.0,0.21792783593316498
4,182.50858027786617,2.0367795785702225,424.8335168674176,7.684770063735115,9.909171679392216,5.960782141324557,0.9808756808644126,0.1058662685963152,1.0429508184943472,0.5744085435453312,0.0,0.36997969560300115
13,223.7803977807117,5.827782929565609,923.8029431904644,2.4921980650788487,18.694808431623574,41.18811594488895,2.9147248485675443,0.89145585957611,1.8119863406884096,1.3517211001322598,1.0,5.407696286113534
16,130.0528679446854,2.6506992944658125,300.4514468116072,7.373288252373332,10.014230461771223,15.22526889882488,0.5979297932801684,0.3200162303308477,0.3473351001171447,0.3336756652239963,0.0,0.07072584994766226
16,127.43527203840743,2.8653491202012726,297.18656734354056,6.95263746830363,10.72698166666465,17.84286480510285,0.3832799675447083,0.3750348431397938,0.2226458480513596,0.2988403455955767,0.0,0.0928624748385569
11,153.84822048022912,2.3888734286846405,462.5622801910537,10.68220157995608,16.336178333342538,26.451611750777232,0.5500653551598078,0.5218997994284666,0.2735426320712043,0.3977212157498355,0.0,0.052401893748141186
9,211.21229713934213,2.5020278336415864,487.0906605090035,6.340415257504555,26.644291192569415,9.969605852622038,0.411620781241778,0.2163918388342568,0.2592000963469469,0.2377959675906018,0.0,0.2558228160702386
19,172.13045979073735,3.3604401516285267,407.7594100775534,8.466307357715218,14.302458043385442,21.06342258049648,0.2575146422428767,0.4141479458687853,0.1889718284526198,0.3015598871607026,0.0,0.056424814735004485
9,193.51930127070403,2.5889176963556904,381.18299191747656,6.5577418974870305,22.545196718828464,7.7233900160160545,0.3247309185276741,0.1676373762720321,0.2044850240925171,0.1860612001822746,0.0,0.057286599660686256
16,144.6704390454554,2.7041793000764778,335.56661233716414,7.634502059292236,11.766160466953073,0.6076977980548861,0.5444497876695031,0.0127730524699561,0.3162687720769528,0.1645209122734544,0.0,0.10550708020574283
18,184.76333951324816,1.768316231435251,397.6297904391806,7.589899578899129,22.881637124009035,1.55334027145895,0.8261807008300632,0.0319836838680108,0.4987618317852376,0.2653727578266242,0.0,0.10267885574172947
11,173.48408867501598,2.5909345720293664,448.9826012097461,12.190143956114404,12.943655713425548,6.815743555990366,0.3480042118150819,0.1344770681023895,0.1730594140838158,0.1537682410931026,0.0,0.29760187060173443
12,187.9405708357588,2.608346282708194,434.5328819214562,7.767605300108552,10.176492536388308,20.374188363072165,0.6302035340412435,0.4134312107623158,0.4290468375743011,0.4212390241683085,0.0,0.06144132573065164
9,176.70831546284958,2.0691832599113833,426.2737004753752,6.619191360446495,19.75696597369719,24.534375823870505,0.8444653549719812,0.5325224264289024,0.5317649432326089,0.5321436848307557,0.0,0.0796755243750507
18,181.6082192958099,2.2635834964993977,360.0816325564585,8.08035916697243,20.277565884041035,1.6017799459793025,0.3309134357659165,0.0329810694795183,0.1997710564034386,0.1163760629414785,0.0,0.07549822276073327
16,120.03987839206856,1.976180364714228,294.38536092203276,8.08563562184941,10.043691250857986,25.238258451441723,1.272448723031753,0.5304768266108859,0.7391605328505139,0.6348186797306998,0.0,0.11595400501435509
11,170.18623282358044,1.9604152567246935,448.4433081548382,8.344850236363815,13.148535588848382,10.113599407425909,0.9785235271197548,0.1995449484124667,0.4866110883754385,0.3430780183939526,0.0,0.07427454419841371
13,177.37391858638526,2.4049237655684914,456.5736615053058,6.693471137392314,9.24046089053915,5.218363249437488,0.5081343154295737,0.1129437554835508,0.3158900021886943,0.2144168788361225,0.0,0.07711660953811302
14,187.9464131254034,2.8973030124167702,351.4469253481561,8.744815377066338,16.437307307641078,11.199997871176976,0.291886963871089,0.2089901916110936,0.2091575509423671,0.2090738712767303,0.0,0.017171800461054685
13,175.3141116390791,2.0104403208231787,406.77386397124206,9.287065437285674,9.68217186785696,7.278170196743645,0.9026177601748864,0.1575252307622109,0.5611270830944645,0.3593261569283377,0.0,0.029213967124116367
0,182.79341475946592,2.6863523987954427,484.5337323685946,8.563787185724639,16.32903481610713,16.106944112621136,0.6064069006644317,0.3182524473421249,0.3789955505895396,0.3486239989658323,0.0,0.0858380775880811
10,170.02538196571857,9.661739965211494,361.4462889075324,12.177302542576276,2.57168419586032,25.45953282178442,6.41585427291573,0.5822949964143687,4.387334484595238,2.4848147405048033,1.0,41.865476598932176
6,170.8349835409307,1.9505291380813643,406.22071629355014,7.974428033723822,18.92521933844997,12.53960945047902,0.2749009258615016,0.2885159111038191,0.1653334161328687,0.2269246636183439,0.0,0.06765709515126471
17,145.6058671294808,7.745178731343438,435.77802593178245,5.312494038285575,5.105249803773333,26.710428835196097,4.365214739374425,0.5417497159802201,2.770641976773556,1.6561958463768882,1.0,16.40979126309247
13,168.9892634275217,2.616730657006107,431.68181770871143,7.413754178230715,11.799218117046568,13.60301840830104,0.2963274239919582,0.2944172169522707,0.1842167863318877,0.2393170016420792,0.0,0.04065087694456363
14,203.96831225633483,2.5807295418588296,324.2259928260203,7.345294207682513,16.54514623562107,4.821901259754441,0.6084604344290296,0.0899759160489871,0.4360047212204737,0.2629903186347304,0.0,0.11346558666172925
10,182.5289062980688,2.887833547051098,343.0409697114599,9.71735244501621,11.476980103119022,12.956008489434195,0.3580521452446654,0.2963219698377345,0.2448457301698218,0.2705838500037781,0.0,0.028118103538037568
17,175.74055772644456,3.1106015157386095,402.1480278502744,8.895657188288,16.082119884543726,3.424261761767667,0.2693624762304041,0.0694520049949599,0.170966843138301,0.1202094240666304,0.0,0.039482693676927576
17,290.5490515445947,8.433906219385307,660.0991551525625,4.355140544735544,7.626882021972775,118.2327555799178,5.053942227416293,2.3980356942295797,3.207783653153049,2.8029096736913144,1.0,16.034428441151466
6,174.812457225579,1.6930351662481469,423.9173180276808,7.805792668248888,19.49204580287922,8.562135765830703,0.532394897694719,0.1970007448181629,0.320197783589583,0.2585992642038729,0.0,0.06463276411684178
4,175.37251818472856,3.2665382097200095,400.4091121391524,8.101958984390937,13.110554516028152,13.096844234462168,0.2488829502853744,0.2326060568255519,0.2646336144053103,0.2486198356154311,0.0,0.15388358606677954
5,174.46781388066765,2.8774705888486793,410.53344414052486,7.237671049915485,13.160003724686517,21.955622701225764,0.0345172520272036,0.4968674569257555,0.0250149519113887,0.2609412044185721,0.0,0.04278064418301179
10,193.70786538557184,2.535588488233195,407.7806702693566,8.577608271217178,15.26566806081818,1.7770494019311514,0.7102972040625684,0.0406435963444018,0.4857204177549152,0.2631820070496585,0.0,0.019800487465546027
6,138.58553871286307,6.171587680385053,253.68615884350632,4.495077630381907,57.18224624156909,44.78905427854664,3.946157616442187,1.0305229085232517,2.3733340194489876,1.7019284639861196,1.0,10.888110231456547
9,188.149826689005,2.082402948097956,433.82538957124746,7.433500479304339,21.00372981917365,13.092864597715078,0.8312456667854087,0.2841826535361345,0.5234404255994152,0.4038115395677748,0.0,0.03364357184827126
5,185.2074141115752,2.850067518475138,384.0832498635354,7.630018628227198,13.258597905417943,11.216022470318222,0.0071141816536623,0.2538245732077558,0.0051557091455308,0.1294901411766433,0.0,0.026488838698893957
9,174.5628059710457,2.0934419582283312,476.210348561742,7.635065839068708,27.05256452201467,26.679885315674397,0.8202066566550332,0.5790910421827229,0.516489094131805,0.5477900681572639,0.0,0.098677546092902
8,196.88425333091575,3.108483138235097,387.2719224869634,7.224204043309276,19.673070789300382,10.737469865208624,0.237740384561627,0.2284189561277946,0.2221825859727224,0.2253007710502585,0.0,0.04658541237234741
5,204.61854939718225,2.394289136525072,460.55228957164354,7.4341093912353555,10.197904430419436,8.195112815288837,0.4486642002964038,0.1854597758015264,0.3251508372083307,0.2553053065049285,0.0,0.0833710796155768
16,139.30076837417812,2.863772187353144,327.01139618162944,8.967074832595124,7.755685321986289,5.977368469332163,0.3848569003928368,0.1256368565682138,0.2235618822326938,0.1745993694004538,0.0,0.20140518142841957
5,185.67708190947647,4.631226091077011,674.4858080616222,2.82282659500981,3.095552474144161,10.746354672416942,1.788272754255535,0.2431957403334279,1.2959767746544122,0.7695862574939201,1.0,2.5279357816725425
12,204.4352815642336,2.7782933626171484,404.73277791026106,9.500103046207306,10.800595862696088,3.8794776345973503,0.4602564541322889,0.0787220137074977,0.3133457136495468,0.1960338636785222,0.0,0.02367932669964189
13,197.17294481816535,2.598920032391544,418.4803205563559,8.965660710771292,11.66173723377934,14.580662982342602,0.3141380486065213,0.3155768879913217,0.195289052222295,0.2554329701068084,0.0,0.11329111145428854
18,380.74467494454507,8.74521813124756,734.5570984021056,2.0086126946856453,6.124268190576862,197.53467570275583,6.150721198982246,4.067290816269778,3.7131646489956935,3.890227732632736,1.0,26.219845743599514
7,139.7620713558681,2.8090401368216393,595.5731963357005,19.78198298200464,2.213718069699014,43.241351252348665,0.086760826152004,1.2999340401588229,0.0748306491716781,0.6873823446652505,1.0,4.640593212381196
14,168.06755161142226,2.4967280881527714,357.077344329357,8.336908079738643,12.892430707663593,31.078859385158125,0.6924618881350879,0.5799266082606739,0.4961976743409059,0.5380621413007899,0.0,0.04174751799577167
9,178.04390557630794,2.014987527853986,399.55172361068503,7.3218135283643635,21.849543507880803,23.198785710412153,0.8986610870293785,0.5035332361988697,0.5658923236056117,0.5347127799022406,0.0,0.03826583778375109
9,200.750528024089,2.268655192202955,407.2222576542918,6.898437126279788,19.66711310088625,0.4921632626310952,0.6449934226804093,0.0106824798273645,0.4061562606182156,0.20841937022279,0.0,0.04126536351976426
15,212.18500150124004,2.21146182564152,414.40927613852966,7.920630142924442,18.06920737518115,11.038789537751851,0.3641328235262695,0.2132554692899838,0.2076913287525284,0.2104733990212561,0.0,0.3517785800020843
5,193.18289275327936,2.335521159225317,423.9522645572037,8.072667558475535,17.678391808285344,3.240543828614051,0.5074321775961588,0.0733352359480117,0.3677405000506786,0.2205378679993452,0.0,0.016141981208447263
5,169.63664223031526,2.426574802410424,420.2451430668128,6.956405179683246,13.845831457135075,26.786794351578152,0.4163785344110517,0.6061994492152925,0.3017531351284333,0.4539762921718628,0.0,0.06468136960857815
14,176.1904895938164,3.131363394269258,320.99124993254304,7.123000985004215,19.610227703195356,22.955921402763977,0.0578265820186012,0.4283538682555737,0.0414368155191755,0.2348953418873746,0.0,0.08955834031126425
3,193.11082119864255,2.999986926277836,258.438087382416,10.015035652186477,32.60986845779091,1.9677203322810044,0.1857159995023889,0.0595009795061828,0.1193007678332583,0.0894008736697205,0.0,0.26045108141570067
5,188.90008706071956,2.131475516547133,433.0706673305738,7.596747442847266,12.733260088261485,7.523349521173856,0.7114778202743426,0.1702574140127011,0.5156141469823773,0.3429357804975392,0.0,0.01673796155507242
2,162.29657732717453,2.1423104163219144,477.8919584312123,6.440562220797965,12.071008163422526,2.355749751973093,0.2791895744078969,0.0565168740271444,0.1587815883100802,0.1076492311686123,0.0,0.033811042582189366
18,90.25382788983424,2.891175154983409,285.5358273155168,2.213672198479687,2.285661495023475,92.95617135195496,0.2966782227180946,1.9139919647542245,0.1791034015500464,1.0465476831521354,1.0,1.701905932934025
7,173.248394580814,2.286892197626796,450.2269800503739,6.905513180362552,9.198595863623815,9.755028027402773,0.435387113042839,0.2932584812514496,0.3755185577981718,0.3343885195248107,0.0,0.05905191851650809
7,179.62605071007542,2.417893073453097,432.70140867426886,7.996452482798541,10.261664598295807,3.377371898141348,0.3043862372165384,0.101531533347522,0.2625311530567055,0.1820313432021138,0.0,0.014313983885391434
16,150.05600353160793,2.6960603949176987,273.14185797656944,7.1738398020144185,8.192066134491997,4.777866688097646,0.5525686928282822,0.1004248198641898,0.3209850126253558,0.2107049162447728,0.0,0.0579276382925285
18,194.97382156415492,1.7945612124186294,409.2186927306282,7.580661440001585,28.29310869230468,11.763822322365712,0.7999357198466848,0.2422201890668857,0.4829178465925466,0.3625690178297162,0.0,0.19966454456573662
7,193.15315780387115,2.2430369015977054,490.276721099888,8.046688437142045,11.539888883321897,10.149735195654388,0.4792424090719298,0.3051242825977269,0.413343465847381,0.3592338742225539,0.0,0.08106261281307597
13,151.53561494783526,2.79879859303296,440.1416201811556,6.920245357106397,12.80709095162078,31.05666688798749,0.1142594879651048,0.6721756273883492,0.071031278162867,0.3716034527756081,0.0,0.11435861116842942
1,194.36883221279237,2.067619024749891,361.32078555398,8.392672147809233,20.610866779159288,1.9392810673285223,0.639711788987595,0.0467358848117946,0.5226480247741828,0.2846919547929887,0.0,0.12713396369832283
8,201.88425327890624,2.911739276794719,407.1147532225489,7.224560680829984,17.3872472735417,5.737469917218135,0.4344842460020048,0.1220536034799038,0.4060514729928443,0.2640525382363741,0.0,0.06999690142635774
4,171.51027512193912,2.830513012899768,431.0559383410253,8.608704396593929,12.140270209300454,16.959087297251614,0.1871422465348668,0.3012012934531172,0.198985623770797,0.2500934586119571,0.0,0.03970222134319879
5,271.4491575620103,2.167938967651121,498.6677139548326,6.407973272656444,11.892914471600662,75.02572098011692,0.6750143691703547,1.6978720984001423,0.4891887677207066,1.0935304330604243,1.0,3.988249816670471
13,189.28545428687832,2.0099600201504404,440.036093106494,7.456222791789808,10.492281738542292,6.693172451055574,0.9030980608476248,0.1448638196665873,0.5614256698577581,0.3531447447621727,0.0,0.06911277954432088
11,171.88401245370548,2.6690951287972773,433.3357038819992,12.48299323292174,13.807474974604313,8.415819777300868,0.269843655047171,0.1660471465853262,0.1341908610620869,0.1501190038237065,0.0,0.37665993587846774
10,185.03749933389983,3.270461184137981,376.534359749567,10.660046172155658,8.72078178107927,10.447415453603156,0.0245754918422176,0.2389469510960526,0.016805385261073,0.1278761681785628,0.0,0.16307576854206707
3,188.94035422207745,2.725618273516499,287.0807992225738,9.49297040608146,58.55158900042395,2.2027466442841046,0.4600846522637258,0.0666078307921577,0.2955504772363681,0.1810791540142629,0.0,0.4674346473387798
8,220.7416403666507,2.880959113786989,410.33478532001067,8.257784774387153,28.5511069380804,13.11991717052632,0.4652644090097348,0.2791009262140102,0.434817373352304,0.3569591497831571,0.0,0.12217124741957891
19,198.6741495583984,3.3492867707434053,465.09284007792616,9.128258730559311,13.440470972855538,5.480267187164571,0.2463612613577552,0.1077527353260182,0.180787149084749,0.1442699422053836,0.0,0.09261496464085046
5,180.1483456754865,2.347762136647054,427.0266718068085,8.099144278891954,13.388211422920712,16.275090906406916,0.4951912001744216,0.3683139913608748,0.3588693575474509,0.3635916744541628,0.0,0.013000553154751402
8,186.17973651034535,3.2448400944345415,318.9883709816082,6.898400729670456,23.717946014421283,21.441986685779028,0.1013834283621823,0.4561368998055441,0.0947488678872345,0.2754428838463893,0.0,0.02437008790151896
1,193.84165533351864,2.335144793346035,362.8787945773644,7.680279987410929,11.421045982003193,1.4121041880547978,0.3721860203914509,0.0340311364799199,0.3040780109961795,0.1690545737380497,0.0,0.061821038625521435
8,212.6481219206128,3.5325589901630376,376.1302117936178,6.986915841721,16.545640666413373,5.026398724488416,0.1863354673663138,0.1069269356880672,0.1741416212235982,0.1405342784558327,0.0,0.11287176584785445
2,162.66122735732654,1.9621717708072288,462.84471232209586,7.29062826879375,10.100471099700284,1.9910997218210864,0.4593282199225825,0.0477685425030366,0.2612306153251781,0.1544995789141073,0.0,0.039259426894428344
11,184.6915876577343,2.3874892344949137,453.8734217578115,8.145249612272805,16.44239293020094,4.39175542672794,0.5514495493495346,0.0866509117835076,0.2742309795891924,0.18044094568635,0.0,0.04212137639544388
0,197.760707520128,2.7822283034198123,419.5911132176083,8.545949442992626,12.252180443574805,1.13965135195906,0.5105309960400621,0.0225180412461684,0.3190744955659743,0.1707962684060713,0.0,0.10111178954351606
3,188.6734611769895,2.8274441934372647,255.61559325401095,8.506322065982898,21.06986813749192,2.469639689372059,0.3582587323429602,0.0746782853916243,0.2301392554545907,0.1524087704231075,0.0,0.11923579122584163
14,182.4492743430571,3.0135240363316917,374.860240815384,7.808089230879962,20.420219575082672,16.697136653523273,0.1756659399561675,0.3115659332004621,0.1258770083389125,0.2187214707696873,0.0,0.05857635199304006
0,190.88689519085312,2.850889031115277,462.66745580970104,8.426126646031593,15.269616207480656,8.01346368123393,0.4418702683445974,0.1583357097664202,0.2761625328750665,0.2172491213207434,0.0,0.08325188376168823
17,156.11790973511154,2.769500734906406,465.44629417830095,7.90279474081916,14.148594141396742,16.198386229565358,0.6104632570626078,0.3285410052137231,0.3874666485566657,0.3580038268851944,0.0,0.04116418552792451
8,187.35504731724444,3.5473401200664707,373.8907392139825,7.592196182056624,21.323918211879988,20.266675878879937,0.2011165972697468,0.4311344298561311,0.1879554697693516,0.3095449498127414,0.0,0.06544022782910094
3,190.5418939091816,2.6641196681953963,269.45064792355714,9.612817020148729,27.500961845379713,0.6012069571799543,0.5215832575848287,0.0181796174239208,0.3350561248657621,0.1766178711448414,0.0,0.2515113398314843
1,186.87114411849257,3.067120129770233,355.22850835272527,7.814817709760553,11.694028286794287,5.558407026971281,0.3597893160327468,0.1339553481576852,0.2939498358424278,0.2139525920000565,0.0,0.1179848513269537
15,209.00889268868357,1.697419891741751,367.0140763295264,7.119146145634903,17.763628922571435,7.862680725195389,0.8781747574260386,0.1518970592015055,0.5008866832725539,0.3263918712370297,0.0,0.31402665113714673
13,168.0243716422,9.860748269386686,668.1881651171103,5.273703029889557,5.979490610655891,14.567910193622737,6.947690188388622,0.3153008727386339,4.319145159407431,2.3172230160730325,1.0,37.62637689121279
9,183.87114424424357,2.7073404417379323,410.6785441411453,7.04312645121588,41.50926132994939,17.37154704247652,0.2063081731454321,0.3770521185577908,0.1299135048408753,0.253482811699333,0.0,0.08822935146796505
11,175.60935894258577,1.5303605750359517,382.71605648878966,11.148888712169272,17.833409270179747,4.690473288420577,1.4085782088084966,0.0925447224734557,0.7004734748358719,0.3965090986546637,0.0,0.3687913477591033
1,193.3347002856777,2.6631859086363647,367.53145071352407,8.100374668007335,20.56958591766599,0.9051491402138652,0.0441449051011213,0.0218137260592168,0.0360666285226021,0.0289401772909095,0.0,0.03453056153548526
16,117.15561454157552,7.3816549873564545,398.81114441027154,2.112423012659411,17.132126772175212,28.122522301934765,4.133025899610473,0.5911004681930427,2.40085873084319,1.4959795995181162,1.0,13.974221777401906
1,196.8820115690197,2.55848911084946,332.6719155532397,7.622684268461726,17.577300149619372,4.452460423555863,0.148841702888026,0.1073024849208873,0.1216044840154745,0.1144534844681809,0.0,0.03440851388031347
17,173.39694323394804,3.077914580666421,420.3133363295088,7.132633212932767,41.36521688247981,1.0806472692711395,0.3020494113025926,0.021918043877716,0.1917135417110397,0.1068157927943779,0.0,0.197132525369506
7,188.75822383859156,2.8517510788841265,468.6199279518322,7.048835871056905,12.033127495441994,5.754801230374795,0.1294717682144912,0.1730025033226903,0.1116685593555938,0.1423355313391421,0.0,0.045245075969316415
16,151.28921920239696,2.5725518199888797,411.37292571268586,7.94487297337562,8.259352631671737,6.011082358886682,0.6760772677571012,0.1263454806271203,0.3927306652426796,0.2595380729348999,0.0,0.06000324508420041
13,67.92850374150964,3.9633616408815513,899.2744045893794,11.876326934252008,2.1607810359315343,114.6637780943131,1.0503035598834862,2.4817279090910795,0.6529383742759093,1.5673331416834944,1.0,4.579171382706853
0,181.43364617287452,2.229107532110368,479.6912146892712,8.588804598459546,13.17010442267786,17.466712699212536,1.0636517673495065,0.3451197213250624,0.6647669852708978,0.5049433532979801,0.0,0.07768610013543703
7,194.23912553940175,2.61665352163641,503.7089442420945,9.222847695678611,9.79915729872783,11.235702931184989,0.1056257890332252,0.3377709595642277,0.0911015571564425,0.2144362583603351,0.0,0.14391544951276264
9,186.041273444812,2.713651379080292,440.50732797839635,7.111330519745573,20.53429001832168,15.201417841908096,0.1999972358030723,0.3299491282128504,0.1259394694137904,0.2279442988133204,0.0,0.07253505055055283
13,178.85249178683208,2.4770613469351246,471.6255756461634,7.799965909774661,14.387103873929531,3.7397900489906704,0.4359967340629405,0.0809422251121651,0.2710444957077387,0.1759933604099519,0.0,0.03389699972728762
4,178.23386939545895,2.940724116628078,428.2662762929547,8.017607730433866,10.779545309813642,10.235493023731776,0.0769311428065568,0.1817871259131964,0.0817997631331783,0.1317934445231874,0.0,0.05344066834551209
16,134.08632744539753,2.5228043166914036,326.69351004947026,7.460887955863504,12.75775887181925,11.191809398112753,0.7258247710545773,0.2352379243982896,0.4216287971514713,0.3284333607748804,0.0,0.08715487990371346
10,205.1371778221983,3.0066623981458327,348.54741681588115,8.83435640602025,12.967295026997906,9.652263034695324,0.2392232941499306,0.2207607071395007,0.1635873514729136,0.1921740293062072,0.0,0.03440125881993761
14,178.81377526313378,2.6942317182705744,342.8003395601283,7.552999003135321,16.32089557725054,20.332635733446608,0.4949582580172849,0.3794037719263447,0.3546724241899229,0.3670380980581338,0.0,0.051401269447151836
13,93.16147187635228,9.122283980542448,140.1067335904983,2.804640933374675,1.063804534733625,89.43080995947047,6.209225899544384,1.93559762897823,3.860066764707654,2.897832196842942,1.0,28.49766722432973
16,122.5641677149614,2.9054926712524227,317.6812669617085,7.645807064563485,11.394697815292458,22.71396912854888,0.3431364164935582,0.4774194022235292,0.1993266147900131,0.3383730085067711,0.0,0.05734286209637249
18,159.1775140741059,2.0417319773852993,388.614648780055,7.347709765195186,26.557210287935924,24.03248516768332,0.5527649548800149,0.4948351769982141,0.3337018901139263,0.4142685335560702,0.0,0.11706786178395209
2,165.51953453668617,1.9456855973958396,523.2594745036826,6.740100098789413,17.118576051552086,0.8672074575385409,0.4758143933339718,0.0208052041996631,0.2706066846320904,0.1457059444158767,0.0,0.035110668037259256
18,174.2380927957692,2.237571587109785,347.088294465259,7.80814411531444,19.672062747043277,8.97190644602,0.356925345155529,0.1847339084264873,0.2154743372503043,0.2001041228383958,0.0,0.09182063472321468
3,184.52959290488516,3.0382807427973955,277.20980482603613,8.488384590361388,24.945025246684715,6.613507961476387,0.1474221829828295,0.199982789842712,0.0947014779159101,0.147342133879311,0.0,0.10075453983209627
18,157.61415400658706,2.4365539936831007,318.6319284290473,8.410164420533787,31.866354414051237,25.595845235202148,0.1579429385822135,0.5270251710968226,0.0953494910806582,0.3111873310887404,0.0,0.10938204133566859
2,163.87157740147634,1.720234642604772,462.54983790678,6.913933774471953,16.223373600892696,0.780749677671281,0.7012653481250393,0.0187309926034051,0.3988258732019673,0.2087784329026862,0.0,0.05037634695881043
19,181.00540196869952,2.831842698041042,439.4235746437452,9.384494896524297,16.22207417699075,12.18848040253431,0.2710828113446082,0.2396492831438293,0.1989285505309329,0.2192889168373811,0.0,0.03948526357619913
7,131.3770972727409,1.5263799815306758,485.5098529248661,2.305779193593823,10.813668464707076,51.626325335475855,1.1958993291389597,1.5520055624592393,1.031455405768697,1.2917304841139683,1.0,1.7931843305960626
2,208.31139958140503,9.750452305253154,755.571195139982,2.0484080807450553,3.331483370942042,43.6590725022574,7.328952314523342,1.0474263230571832,4.168145216800544,2.6077857699288636,1.0,31.5006118091424
3,159.1914485369796,2.602687950856928,311.06416402306473,10.551867353627664,43.5093272974851,31.951652329381943,0.5830149749232971,0.9661711470122348,0.3745188048041197,0.6703449759081773,0.0,0.37144045649250895
2,147.31170549149863,2.5650906147206585,426.4786778911657,6.950138769860458,13.504591867749609,17.340621587648997,0.1435906239908471,0.4160194541040257,0.081663319241255,0.2488413866726403,0.0,0.07547833486030545
8,205.48396413220627,3.087977749923491,424.7895571145774,6.4617984699571815,20.491830492888703,2.1377590639181108,0.258245772873233,0.045476699815019,0.2413460958233867,0.1434113978192029,0.0,0.10167622964974758
2,155.39596290946213,1.749365132506126,467.36556784941894,7.309214471149586,22.4069466664653,9.256364169685495,0.6721348582236855,0.2220697539241273,0.382258687752449,0.3021642208382882,0.0,0.05693387939943418
19,192.99253195079416,2.9419899129523923,411.32435454020185,8.003928098611526,17.475564068077095,0.2013504204396667,0.1609355964332577,0.0039589417487221,0.1180992803213965,0.0610291110350593,0.0,0.10619783309119125
11,159.551478013536,2.4416881757458015,449.62090315230864,9.206545360521773,16.899708752773556,20.748354217470336,0.4972506080986467,0.4093724800814971,0.2472783258614673,0.3283254029714822,0.0,0.02840598616067952
12,208.51319912350397,3.2435153885872956,380.8890086911522,8.737264726374963,10.638462577569031,0.1984399246730106,0.0049655718378582,0.0040267252299406,0.0033805949644859,0.0037036600972133,0.0,0.02596923323581528
10,199.23246451294625,3.1647894863613826,428.16368275094067,9.310072472229717,12.738521651020246,3.747549725443264,0.0810962059343807,0.0857116848614156,0.0554557765390221,0.0705837307002189,0.0,0.014188012920992409
7,180.685972436178,2.034965929466939,463.84949427079215,7.300133713728667,11.443855185734304,2.3174501720387752,0.6873133812026961,0.0696678590690779,0.5928033281941131,0.3312355936315955,0.0,0.04939350342321236
14,166.154228601485,2.458345898603474,350.0467582265573,8.36347092702463,14.261956579216967,32.9921823950954,0.7308440776843854,0.615628913480727,0.5237012142711178,0.5696650638759224,0.0,0.03759109856005562
16,256.8206324895294,1.2225322459704682,190.69575869577108,2.990652226023232,0.0772118402073401,111.54249564601908,2.0260968417755127,2.344484633771498,1.176951804867472,1.760718219319485,1.0,7.570690929844485
1,192.99081835584823,2.721547450643385,330.5721680705311,8.363486416982212,12.215455367118771,0.5612672103843863,0.0142166369058989,0.0135263114434965,0.0116150699826229,0.0125706907130597,0.0,0.09825746164620658
1,247.69439664191577,0.3682503257844866,144.4693231213779,2.313288931434389,0.4324863341125114,55.264845496451926,2.3390804879529994,1.33186029440376,1.91104153129836,1.62145091285106,1.0,4.066954817073448
18,191.3890364576883,2.3918896484585086,350.0498836812611,7.940578265820704,25.673470038696816,8.179037215899086,0.2026072838068056,0.1684085228874627,0.1223131693865351,0.1453608461369989,0.0,0.17611696600455987
3,199.2358304862917,2.746167634292215,322.88836494899573,7.534431885801491,29.40686189906333,8.09272961993014,0.4395352914880099,0.2447122852597412,0.2823499208729191,0.2635311030663302,0.0,0.024406823896543604
3,183.4769903057976,2.9099359156940894,260.99788357700425,8.452024611615863,26.52052062537499,7.666110560563936,0.2757670100861356,0.2318119500383891,0.1771479901274455,0.2044799700829173,0.0,0.12425800971387772
18,293.1872554551023,4.491637043050053,931.4019054065498,7.0176529261778615,8.29667509963785,109.97725621331308,1.897140110784739,2.264460569282804,1.1452955459472454,1.7048780576150246,1.0,10.597418800060863
16,137.57817246209456,2.433754054920003,336.85101625621263,7.033868893989257,8.556873467098752,7.699964381415725,0.8148750328259777,0.1618436818027328,0.473357749171319,0.3176007154870259,0.0,0.061393262264651055
9,202.39829393558216,2.905450459671363,442.23792982686746,6.658962326322117,20.692676940553167,1.1556026488620716,0.0081981552120016,0.0250825344397375,0.0051624279376941,0.0151224811887158,0.0,0.11821156663544939
11,171.7924235867322,2.4435118376021148,407.106660253008,11.899357861098244,14.95448890079166,8.507408644274136,0.4954269462423335,0.167854227823082,0.2463714349629506,0.2071128313930163,0.0,0.23315799410676707
18,181.94071127794007,2.2698362343994845,355.6627696984009,7.257393386652456,24.57723952423333,1.2692879638491377,0.3246606978658297,0.0261349723039707,0.1959963046988939,0.1110656385014323,0.0,0.13828769573256394
16,187.7886600967145,8.124978097775594,85.81252090153708,2.817385785740754,44.73830045113773,42.51052325320421,4.876349010029614,0.8935183668205854,2.832652245530699,1.863085306175642,1.0,19.752137404452153
12,200.60925074688228,3.11341528833832,413.09802919448896,8.728459109811128,6.773479859579522,7.705508451948674,0.1251345284111171,0.1563594893724658,0.0851924351199016,0.1207759622461837,0.0,0.04238686567847444
3,187.43798972477583,2.7631222650382914,274.68446294517236,8.823927398488069,24.62378746463688,3.705111141585718,0.4225806607419335,0.1120371317442577,0.2714585573298967,0.1917478445370772,0.0,0.13362373565504468
7,201.7510579961461,2.547487846546948,472.0259703908689,8.477319635887184,8.235221524641409,18.747635387929336,0.1747914641226873,0.5635968513340989,0.1507565027914001,0.3571766770627495,0.0,0.2859268002730334
10,113.05552670641674,3.1460229858316904,235.6851003499799,7.8122638086633955,9.804172930609322,82.42938808108624,0.0998627064640729,1.8852749802245032,0.0682888166030191,0.9767818984137612,1.0,0.5066103074995805
5,179.2355730397128,1.9600178492009903,421.8347678960969,8.010595570062891,14.29924392480674,17.187863542180622,0.8829354876204853,0.3889705231504733,0.6398710055562408,0.514420764353357,0.0,0.02152394290669349
11,177.6039403622857,2.1477372594422453,429.1717731736754,9.434639731645245,13.82846161930002,2.6958918687206506,0.791201524402203,0.0531909147473707,0.3934575145545209,0.2233242146509458,0.0,0.047557989312756295
12,379.2628007320614,6.000831595228707,967.17620287059,7.352149088176899,1.68917332211937,170.94804153323045,2.7622817784792697,3.4688623924095894,1.8805801578829056,2.6747212751462475,1.0,20.45882584356424
17,189.94723835664104,2.5305110712588017,395.4140902588928,7.871063422135396,21.66538383798812,17.63094239196414,0.849452920710212,0.3575965811797148,0.5391555879676826,0.4483760845736987,0.0,0.061246104539272365
9,216.2814555033688,8.342856555928698,996.6999933586882,8.326940682373019,1.935928056883415,15.0387642166487,5.429207941045334,0.3264187060895243,3.418805088414542,1.8726118972520331,1.0,20.93341496965647
14,143.68395301800413,8.945748716793847,175.12405844603734,7.855384272918632,6.149397411203309,55.46245797857625,5.756558740505988,1.034920707439992,4.124979451127065,2.5799500792835284,1.0,32.86441086595195
3,209.03774936672377,2.7681988641041886,226.24622589765332,9.098002290312763,21.74849932028859,17.894648500362223,0.4175040616760364,0.5411079492460844,0.2681974372962653,0.4046526932711748,0.0,0.2821378240263281
9,372.8519992796435,8.061239093340454,178.456448027212,4.861851361462394,3.145256042040877,171.60930799292342,5.14759047845709,3.7248066038534953,3.241468868373262,3.4831377361133784,1.0,22.648041664113325
0,182.81653536704388,2.118675196840495,431.6807441495014,8.784597012344868,17.807476791376413,16.08382350504317,1.1740841026193791,0.3177956139481381,0.7337855991135768,0.5257906065308574,0.0,0.15535413432421247
4,168.64623347944968,3.0390905193772246,391.9572792347283,7.269417772900243,9.332430140625672,19.823128939741057,0.0214352599425895,0.3520680076872735,0.022791799550032,0.1874299036186527,0.0,0.06094662308248652
1,202.3691327298908,3.000437628150963,390.0876096909209,9.864190777529329,20.29169035008575,9.939581584426946,0.2931068144134769,0.2395398727050629,0.2394698678970685,0.2395048703010657,0.0,0.1020731861109316
18,171.63697830330284,2.054748562602667,368.91339897765073,8.030902975330633,21.32285132847058,11.573020938486366,0.539748369662647,0.2382915384964319,0.3258438320885085,0.2820676852924702,0.0,0.061019836440866435
15,120.4896859778606,1.3125660268179429,487.8252985061694,2.174056402004281,6.481697216364857,80.65652598562758,1.2630286223498466,1.5581821939389753,0.7203967230638593,1.1392894585014173,1.0,1.932444445263087
16,131.86258384925404,2.686727135476798,335.8113707028765,7.820988878674472,7.16358151705504,13.415552994256243,0.5619019522691828,0.2819782511267804,0.3264066668709831,0.3041924589988817,0.0,0.07801463693750632
0,168.31790984859052,3.4332791951757935,436.3007247057697,9.375120931957074,18.256051914071676,30.582449023496537,0.140519895715919,0.6042697596384519,0.0878229043688109,0.3460463320036314,0.0,0.1527115183030394
5,184.4774996362085,2.381126626811562,449.4279937051832,6.830430152037531,13.849643121315273,11.945936945684906,0.4618267100099138,0.2703429272569213,0.334689822155833,0.3025163747063771,0.0,0.023834804932444786
3,102.51703264289448,6.627603829837249,89.58925557226506,2.527852771226171,20.431305707483173,88.62606822346707,3.4419009040570243,2.679922437435589,2.211018015465636,2.4454702264506123,1.0,10.499113274515533
2,126.72489557531551,7.29897379068645,738.9947773943796,2.0071711453262,6.38722003860208,37.92743150383211,4.877473799956638,0.90991832501728,2.773932509981333,1.8419254174993065,1.0,14.739846258328095
8,208.25145951488608,3.439042886686857,337.5459405931353,7.28931435946541,19.967566889645123,0.6297363187617009,0.0928193638901331,0.0133964252634028,0.0867452382374146,0.0500708317504087,0.0,0.05175518193133686
6,172.81903746666035,1.997366119390597,410.5605812700787,8.005913709752729,19.043108764294313,10.555555524749366,0.2280639445522689,0.2428660742152282,0.1371642926679731,0.1900151834416006,0.0,0.05941981081590533
17,173.65083321678588,3.086029960483706,419.36281993810906,8.190409308043265,25.14751432018552,1.334537252108987,0.2939340314853078,0.0270675241403236,0.1865626354391406,0.1068150797897321,0.0,0.1337745117152293
4,64.70863630999185,2.4947488997625062,859.6506806716224,2.075605702103994,5.966072709316833,123.76072610919888,0.5229063596721288,2.1980481690679636,0.5559987126353607,1.3770234408516622,1.0,4.008782324823472
19,314.4030453804534,8.297628529165097,684.2216279040733,8.645023627758743,8.160206132198114,121.2091630092196,5.194703019779447,2.3832084120661383,3.8120260633188208,3.0976172376924795,1.0,20.369854313464966
17,166.19118349075882,2.525630037006642,398.9595384972781,8.51138134890846,20.524440474524145,6.12511247391808,0.8543339549623719,0.124231548791892,0.5422536253373268,0.3332425870646094,0.0,0.07187970084076889
19,177.53110479623265,2.7217152460768097,442.1912004786128,8.614085100260787,12.308207080655276,15.662777575001172,0.3812102633088403,0.3079607378381483,0.2797433181078421,0.2938520279729952,0.0,0.06366062274962254
17,372.90034171703,4.16399773134873,153.81547309975193,8.44476683786757,5.07049357698754,200.58404575235312,0.7840337393797165,4.068311687804581,0.4976334313952876,2.2829725595999344,1.0,21.781492777238313
4,172.67289115553248,3.052538274525632,427.5424470343432,9.67885440054098,10.244824880378635,15.796471263658248,0.0348830150909971,0.2805526909092524,0.0370906016434667,0.1588216462763595,0.0,0.1654705146413825
8,209.97462024446975,3.620552286610512,411.9446766716746,6.838294442284521,14.724127259294365,2.352897048345369,0.2743287638137883,0.0500533453789372,0.2563766112485948,0.153214978313766,0.0,0.14172439998558517
4,192.18195186372031,2.837356117501628,463.49549295047194,8.929383629985814,10.53758427870504,3.712589444529584,0.1802991419330069,0.0659373186276316,0.1917094503629063,0.128823384495269,0.0,0.05200470145802219
13,172.58099037057147,2.2969787754410005,483.7980552735333,7.1989908391032005,14.045745617165942,10.011291465251276,0.6160793055570646,0.2166795988086464,0.3829957695659768,0.2998376841873116,0.0,0.041483776678852585
5,186.83698326658777,2.943440292676162,453.0159585852132,7.348686137831248,13.84388017321377,9.586453315305649,0.1004869558546861,0.2169465537157126,0.072823768428777,0.1448851610722448,0.0,0.0238788279423805
4,157.55217482580977,3.008667894599571,393.64934212826506,8.851955435211455,10.69155864411984,30.91718759338096,0.0089873648350642,0.5491036592852588,0.0095561340684653,0.2793298966768621,0.0,0.08794678736766076
6,191.46963565592057,1.7626066836183707,408.034312653966,9.666815375146214,21.699365816125532,8.095042664510856,0.4628233803244952,0.1862536962573757,0.278355448587185,0.2323045724222803,0.0,0.0992836172487392
1,211.17948200657383,2.235909877230714,403.14588403422465,8.509232333328864,20.16631563422809,18.749930861109988,0.4714209365067718,0.4518657061717715,0.3851534793385489,0.4185095927551602,0.0,0.11277680314782747
1,191.71949589550417,2.231609661613766,371.0332016156269,8.828311329407212,14.929108645738776,0.7100552499596802,0.4757211521237199,0.0171120426694208,0.3886667789790914,0.2028894108242561,0.0,0.12491536793664161
14,184.39224236450795,2.738801254136949,346.0393391501383,8.075636560352274,14.518188387692438,14.754168632072435,0.4503887221509104,0.275310456747004,0.3227352151936145,0.2990228359703092,0.0,0.04261367058322214
18,194.09368408436765,2.357121091736706,388.5290551183412,7.908236313702051,33.15007973780179,10.883684842578448,0.2373758405286081,0.224097927363425,0.1433028015840344,0.1837003644737297,0.0,0.18879765888181044
16,128.28041579941936,2.883145169656033,373.5403708391114,8.114218385047971,11.570076564722651,16.997721044090923,0.3654839180899478,0.3572709716256726,0.212308191877464,0.2847895817515683,0.0,0.10117404140090357
2,142.3848173992393,1.8605820647391536,492.4727201675224,7.049495437448548,12.714370636351044,22.26750967990833,0.5609179259906578,0.5342205972529688,0.3190070381004654,0.4266138176767171,0.0,0.05196547461870685
13,177.13523679865355,2.596568840148663,451.88387334534366,8.77788391932245,19.593498738693913,5.457045037169195,0.316489240849402,0.1181096698102034,0.1967507093082207,0.1574301895592121,0.0,0.0276080404434587
6,189.66236117485215,7.169121961443455,109.39998095570346,2.1827444022481552,7.91742411938251,6.287768183442438,4.943691897500589,0.1446712653547754,2.9732801632467076,1.5589757143007414,1.0,16.051686592987853
9,197.64875669347325,2.095716349250231,418.2656500628241,7.077752603525783,27.659044466660628,3.5939345932468427,0.8179322656331336,0.0780069068706657,0.5150568963447337,0.2965319016076997,0.0,0.02700550495639723
19,186.01519669761524,2.501039905756658,400.85892296277234,8.228982935998923,14.596202593574487,7.178685673618588,0.6018856036289919,0.1411469534167575,0.4416813818680076,0.2914141676423826,0.0,0.05943283088704629
16,122.7190762778709,2.3067067526969907,305.0274498244888,7.268372745327885,7.787736780639082,22.559060565639385,0.9419223350489904,0.4741634167511089,0.5471590347623289,0.5106612257567189,0.0,0.059442179977535585
1,199.76633426514144,2.4605967227219447,342.59568549743767,8.214648447156742,12.334935895212102,7.336783119677591,0.2467340910155413,0.1768134885381644,0.2015830996608799,0.1891982940995222,0.0,0.07019252842188838
5,173.0925239982254,2.5428137932575745,393.02587203626297,7.2800538816963165,10.998803533614108,23.33091258366801,0.3001395435639011,0.5279910007998562,0.2175137303236068,0.3727523655617315,0.0,0.06795758333562338
8,202.18897137330717,2.591957577408507,429.6460440761628,7.747057621800758,20.303362374021443,5.43275182281721,0.7542659453882168,0.1155713138986462,0.7049065667430724,0.4102389403208593,0.0,0.15869309225003042
12,210.8204108362417,3.002963893588842,330.32034083612683,8.836150719052979,10.877605686958294,2.5056516374107503,0.2355859231605954,0.050844459261056,0.160388493318828,0.105616476289942,0.0,0.046102917716654736
7,190.26340890626844,1.867774276034007,430.8977411284338,8.979418030256545,8.886945410599033,7.259986298051672,0.8545050346356282,0.2182518132897478,0.7370050436152329,0.4776284284524904,0.0,0.13659214429523184
19,99.01568424698016,4.880654922326126,614.615147230266,3.153240517107879,3.7236156929081665,94.17819812425368,1.7777294129404764,1.851726952242716,1.3045501985107293,1.5781385753767228,1.0,2.497518752874392
7,181.42198207234915,2.8538778314076203,441.96517084705926,7.891191274989816,15.21010216748348,1.581440535867614,0.131598520737985,0.0475417239638102,0.1135028695969662,0.0805222967803882,0.0,0.01662153704087371
13,186.7742149119544,2.7301023706362697,427.76184889015735,7.673957256643699,15.305725106136626,4.181933076131656,0.1829557103617953,0.0905117570820891,0.1137374075942166,0.1021245823381528,0.0,0.054535735720263295
7,189.3841578061653,2.172413714794498,399.2516557826641,8.61282267372399,10.75909244668898,6.380735197948525,0.5498655958751373,0.1918195117596449,0.4742555058710413,0.3330375088153431,0.0,0.04979049810693656
11,147.6529016217288,9.4888585726103,995.6504372791832,6.057889404564718,3.3382933261388468,32.64693060927755,6.549919788765851,0.6441356654358265,3.2572171325964505,1.9506763990161384,1.0,29.927493588552156
16,162.47869691205742,3.29468291775952,331.29367042756496,7.736156207131968,8.270527978208897,17.200560068547134,0.0460538300135389,0.3615343958319585,0.0267524914100329,0.1941434436209957,0.0,0.028147811871273784
15,193.06765829468316,1.870569023470052,350.94076524451316,8.504649959875167,21.623764078288776,8.078553668805029,0.7050256256977374,0.1560674517739016,0.4021271897098894,0.2790973207418955,0.0,0.09662043196394601
1,116.7407022322833,1.6459107139252849,219.61742895161697,3.518230880679788,1.1860374446143362,75.68884891318055,1.0614200998122012,1.824070468143484,0.8671860174726598,1.345628242808072,1.0,2.2342186795012307
4,172.94726618151023,2.751803416018835,400.21145307208496,9.205835743801542,9.807739835300907,15.5220962376805,0.2658518434157999,0.2756796625871962,0.2826763912062643,0.2791780268967303,0.0,0.07158824621623089
15,220.35460997746725,1.9845858746629248,325.0010335397364,7.540998853544186,20.057688481723968,19.208398013979064,0.5910087745048647,0.3710819849197112,0.3370951195572829,0.354088552238497,0.0,0.6258411777458346
12,200.9280495530345,2.7569939252292444,402.88456258007113,8.893324296478765,8.692648206253795,7.386709645796458,0.4815558915201929,0.149890452468106,0.3278465149935044,0.2388684837308052,0.0,0.024293634126010665
0,169.82031074154116,2.7834019634001637,426.6320853214023,8.599821324702743,13.792758963209591,29.08004813054589,0.5093573360597108,0.5745842551922129,0.3183409750371498,0.4464626151146814,0.0,0.06387125967537413
0,192.87631273102815,2.6719727867003575,480.61780251533594,7.789204906459205,18.144877849239993,6.0240461410589035,0.6207865127595169,0.1190273843311853,0.3879826003695958,0.2535049923503906,0.0,0.06383284408417887
15,205.78403664581387,2.0451227305197097,362.6776830039871,9.795993002549372,16.901408139103673,4.637824682325686,0.5304719186480797,0.0895969142025568,0.3025665650874085,0.1960817396449826,0.0,0.14847888957139863
17,187.0455376172303,2.7540879498097004,386.6450695338313,8.092520612557973,21.878007071944246,14.729241652553412,0.6258760421593133,0.2987433309704201,0.3972492851318463,0.3479963080511332,0.0,0.04373124889688808
0,189.1643951070682,3.086449387714936,486.6131580860252,7.793393588805953,15.453337684465485,9.735963765018852,0.2063099117449383,0.1923700904272443,0.1289407137487715,0.1606554020880079,0.0,0.06274422644523282
3,84.32890327448561,4.6686268997848686,536.6108247720407,2.2364785424660965,6.660315721415832,106.81419759187594,1.4829239740046436,3.2299048180877143,0.952604887091729,2.0912548525897217,1.0,3.7455109784600675
0,181.82783700275877,2.7847707641302915,473.304622064416,7.564882640091769,19.203490860446255,17.072521869328284,0.507988535329583,0.3373310187969284,0.3174854943594172,0.3274082565781728,0.0,0.06514547080814295
0,193.5674751835772,2.7639826705785087,492.5352558173681,9.041216567689002,14.688935480934171,5.332883688509867,0.5287766288813658,0.1053709054549498,0.3304777524500364,0.2179243289524931,0.0,0.08428700057011988
10,214.43896964723064,2.5770850964909107,438.2657114595906,8.680506531342266,12.299708732594006,18.95405485972765,0.6688005958048526,0.4335056492921657,0.4573439159426199,0.4454247826173928,0.0,0.1535081864406019
14,195.334694409004,2.441127895441485,302.5792098956901,7.591237593780304,13.03422247206489,3.8117165875763983,0.7480620808463745,0.0711260295910272,0.5360391252408933,0.3035825774159602,0.0,0.07265495223207626
5,222.83491415992503,4.384018446595076,251.39435196372517,2.1013320001966243,31.80831729068688,26.411477578031626,1.5410651097736,0.59770583036643,1.1168232506725595,0.8572645405194949,1.0,1.2081081640817117
14,188.91801366805777,2.8355823129964866,369.31235636193173,6.903536803997013,14.293023166593809,10.228397328522618,0.3536076632913727,0.1908602789169728,0.2533847756254739,0.2221225272712234,0.0,0.07988486493186805
18,99.56397271626476,7.078620214040227,777.4751549951629,7.473010974410034,6.624519254601159,83.64602652552445,4.484123281774913,1.7222936393034385,2.707046460564701,2.2146700499340697,1.0,12.960888249522064
5,171.85613197255336,2.100587943691976,469.7966861600991,7.318848165756072,14.2072556776523,24.567304609340056,0.7423653931294996,0.5559712120613959,0.537998638917666,0.5469849254895309,0.0,0.044490623502856264
17,174.66465260118989,2.655829064277756,420.011153688515,8.317780023186744,21.98512440700056,2.348356636512989,0.7241349276912579,0.0476301428442354,0.4596151042495578,0.2536226235468967,0.0,0.07181943016823135
18,182.5810138844897,2.0759473055877544,371.749184158533,6.83689847935594,27.78184022405756,0.6289853572995128,0.5185496266775598,0.0129509735858329,0.3130462396584701,0.1629986066221515,0.0,0.1657282097264276
14,169.9627285781214,2.9776627563935625,336.2685565073498,7.66573360858982,15.948972733996182,29.18368241845897,0.2115272198942968,0.5445629053418836,0.1515741391255769,0.3480685222337302,0.0,0.06197807982052133
9,208.6266942687541,2.072666174255395,387.8294612898378,6.6651660947296705,16.958509562068784,7.384002982034019,0.8409824406279696,0.160270928145042,0.5295717309977638,0.3449213295714029,0.0,0.1273284479785459
2,168.2262006527829,1.7665696095029857,445.9303535333439,6.789627438976591,15.407817079625564,3.573873573635268,0.6549303812268257,0.0857409248927693,0.3724741025314603,0.2291075137121148,0.0,0.04037311981193309
10,202.77511381548143,3.2707694846307858,442.9044078898483,8.608459943524442,14.487075113935084,7.290199027978446,0.0248837923350224,0.1667370114986742,0.0170162094671978,0.091876610482936,0.0,0.03168593527169573
9,200.9692595450064,2.1058735352903506,392.6340734752292,7.717443339212652,21.26941230427864,0.2734317417136935,0.8077750795930139,0.005934878295065,0.5086608548419932,0.2572978665685291,0.0,0.015846713435574655
7,192.46099789459024,2.7907637747746277,458.5989765513295,7.27593090449745,10.634216387753886,9.45757528637347,0.0684844641049924,0.2843163706974567,0.0590674055843196,0.1716918881408882,0.0,0.0926111005851184
17,209.36506243301076,6.215496548211764,266.2509090284227,7.346508950455159,118.391220435049,37.048766468333866,2.8355325562427502,0.7514352852766553,1.7997386144536065,1.2755869498651309,1.0,10.33197715311925
6,174.33897872355166,2.216463674851994,367.4455572992963,8.931476715935272,13.894126540852987,9.035614267858053,0.0089663890908719,0.2078947110090535,0.0053926473114798,0.1066436791602667,0.0,0.21795970756632366
6,176.77986615285934,1.2959471953459392,380.8397513374227,8.527760176872398,18.535190269692155,6.594726838550372,0.9294828685969267,0.1517338821291986,0.5590180441208532,0.3553759631250259,0.0,0.13243432005592515
1,195.10581916613447,2.6785451476422213,374.92634104321905,7.467025552311548,11.803363341284212,2.6762680206706193,0.0287856660952647,0.064496970576758,0.0235180463850902,0.0440075084809241,0.0,0.03754882058417055
9,180.8450813716086,2.3324032292809616,430.83717827229594,7.342708238010919,17.198072850203847,20.397609915111502,0.5812453856024029,0.4427332817970916,0.3660137359801255,0.4043735088886085,0.0,0.049441546398653106
0,196.76351348633048,2.4800011360222975,432.78644305886735,8.152094238078584,13.524416795080803,2.136845385756573,0.8127581634375769,0.0422213095701918,0.5079621081334355,0.2750917088518136,0.0,0.09315070598315987
19,202.1534391398608,2.547896089341445,503.09479600565015,8.9136932255316,12.19760211192292,8.959556768626982,0.555029420044205,0.176162350512657,0.4072969344082098,0.2917296424604335,0.0,0.1700972291494431
8,199.69523962076053,2.994528660110336,308.67352364068086,6.995152636172432,24.662534706284188,7.9264835753638465,0.3516948626863878,0.1686206459042332,0.3286798505397706,0.248650248222002,0.0,0.06728435764471193
5,180.74382919413617,2.217004425662836,496.86540551473536,7.466303730498097,15.19897155385588,15.679607387757244,0.6259489111586398,0.3548378815925946,0.4536306047561114,0.404234243174353,0.0,0.05064523681470383
14,166.70110983449257,2.788194483629701,310.344637987003,6.118490477525352,16.54678488899544,32.445301162087816,0.4009954926581582,0.6054241960344053,0.287341490250143,0.4463828431422741,0.0,0.1502782183846176
19,177.77928564954024,5.318002291283237,424.0332111703857,2.711258716813006,8.366068568445948,15.414596721693584,2.2150767818975874,0.3030810184948887,1.625488578017784,0.9642847982563364,1.0,3.851473264415361
11,164.63702294535963,2.2866129145587935,443.45948671993307,9.723298967723736,12.7533378823729,15.662809285646716,0.6523258692856548,0.3090328522013467,0.3243958805598534,0.3167143663806001,0.0,0.04815644569659903
8,181.08700041634276,2.6691678391659517,395.40771823168586,6.89512243283368,20.3388015681228,26.534722779781617,0.6770556836307722,0.5644750350487122,0.6327489665417781,0.5986120007952451,0.0,0.10524230495966416
12,201.77841966373435,2.7398131263150907,422.06068957059495,7.77586482333284,6.198657451102578,6.536339535096602,0.4987366904343466,0.13263481812343,0.3395433193478818,0.2360890687356558,0.0,0.07415653300712506
2,160.22410347534506,2.195065290154489,528.164390894592,6.423332528287657,19.25536555297709,4.428223603802564,0.2264347005753224,0.1062376661063087,0.1287786676207999,0.1175081668635543,0.0,0.018636426459374248
14,159.05365325940463,2.2485768594903774,326.77415081417166,7.283275476619666,15.31983655890474,40.09275773717576,0.9406131167974818,0.7481245280655571,0.6740154931362953,0.7110700106009262,0.0,0.10909089605835445
7,188.23209558881615,2.4558880762253774,465.9436944328481,8.04965940685124,9.237351612492274,5.228672980599384,0.2663912344442578,0.1571858833151208,0.229760709887478,0.1934732966012994,0.0,0.03151364952801079
13,171.03738477325135,2.4513830253063187,467.09214919926694,7.538485884812185,15.064938483813998,11.5548970625714,0.4616750556917464,0.2500886592387645,0.2870078440375362,0.2685482516381504,0.0,0.026275583980584626
0,202.10719998438404,2.931616145543122,434.2357613675553,8.180540400815165,14.764817542097946,3.206841112296985,0.3611431539167524,0.0633630454721789,0.2257092528306556,0.1445361491514172,0.0,0.05211680416712914
12,203.86479124622952,3.057246502395963,393.11554078616433,9.665264883160354,11.04877082552838,4.44996795260144,0.1813033143534741,0.0902983522932398,0.1234325253085722,0.106865438800906,0.0,0.013811610814356516
3,197.3172790659413,2.798683853413902,293.0718725285194,7.561499148310053,35.609082485385834,6.174178199579757,0.3870190723663231,0.1866981016020995,0.2486144038377469,0.2176562527199232,0.0,0.03876209869476047
6,182.48914260731348,1.9990791038511997,362.9239235618028,8.077871260514137,16.07979087106934,0.8854503840962309,0.2263509600916662,0.0203727656203034,0.1361340539673707,0.078253409793837,0.0,0.07223081674217684
8,200.1894245330981,2.268293278764223,356.3853743195492,6.5139554216671005,18.08536341595849,7.432298663026273,1.0779302440325007,0.1581078153000692,1.0073901813482862,0.5827489983241777,0.0,0.18890867075760054
16,130.78942357805343,2.984112299390709,323.36224878134215,6.553541841067209,10.45049817708466,14.488713265456852,0.2645167883552717,0.3045347463067739,0.1536567774320523,0.2290957618694131,0.0,0.06806770027245604
12,212.2797450079025,2.3251164919559826,411.48993074900915,8.904640898402182,9.7490207477848,3.9649858090715497,0.9134333247934548,0.0804571379476867,0.6218715988856436,0.3511643684166651,0.0,0.08892651771066841
8,83.37632244555124,3.674639790776269,891.7818033728405,5.751536685214194,2.0514632704162294,124.24540075057314,0.328416267979545,2.643081200635715,0.3069246137115213,1.4750029071736184,1.0,3.929917874339432
9,75.45723172253395,8.677589517043032,691.6832430696043,4.744965101974695,15.632365206393812,125.78545956418614,5.763940902159668,2.7301928778405644,3.629588459238503,3.1798906685395334,1.0,22.985936598212994
9,206.18296618476543,2.0693682171190675,430.807581269738,6.716485739874905,23.04782153827661,4.940274898045345,0.844280397764297,0.1072294316684137,0.5316484745598972,0.3194389531141555,0.0,0.07385394297547372
3,187.34683651783067,2.863652034582623,249.34008717192927,8.586665204896812,35.77798907554454,3.796264348530883,0.3220508911976019,0.1147934711535679,0.2068799602845463,0.1608367157190571,0.0,0.17515489236401516
1,211.62660274018916,2.169830736544875,348.3621590875929,9.559352094548911,13.643647467415407,19.19705159472531,0.5375000771926111,0.4626411339605845,0.4391404981066193,0.4508908160336019,0.0,0.2320202280522409
1,62.79238374683321,7.188125065589236,670.1088024592809,11.61740801360702,1.8251480522494496,129.63716739863065,4.48079425185175,3.124202997152949,3.66083337131566,3.3925181842343046,1.0,21.309661815523988
9,174.5942077125539,2.054500304296379,477.34694302637615,6.848123515380382,23.148218999218717,26.648483574166193,0.8591483105869853,0.5784094625206972,0.5410108892185856,0.5597101758696414,0.0,0.1257585254879656
7,184.41890147313077,2.801971528251811,512.4096170248347,8.324327347368804,8.632592531971358,1.415478864914007,0.0796922175821759,0.0425525360872516,0.0687340201804556,0.0556432781338536,0.0,0.0570150655671672
13,169.11225488399418,2.298648647635953,468.76936129178256,10.0475481585166,14.781353982287907,13.480026951828563,0.6144094333621122,0.2917552487598704,0.381957666223414,0.3368564574916421,0.0,0.027126330187738242
1,123.466957583455,6.475595478066256,68.72501086664595,3.745862246059944,22.311146631557072,68.96259356200885,3.76826466432877,1.6619704504600623,3.078692807513623,2.3703316289868424,1.0,13.624397788018632
7,285.89797285100565,0.9144960103429126,788.1968213691683,6.321289906442061,28.40509606806747,102.89455024278888,1.8077833003267227,3.093245806007705,1.5592013576284136,2.326223581818059,1.0,12.766440333728122
4,177.56733421225363,2.635063466527749,402.8702750022903,9.14748369956167,10.26692610853684,10.902028206937104,0.382591792906886,0.1936251013770051,0.4068042784074429,0.300214689892224,0.0,0.11343661314225863
10,180.96230542150545,3.2817133702949763,416.87719797930765,8.570588923077727,12.935899983722196,14.52260936599754,0.035827677999213,0.3321523151228081,0.0244999341478942,0.1783261246353511,0.0,0.02255619496388681
12,206.4619130316765,3.565364444552493,415.13793432529826,7.899129866576521,8.778426011704582,1.8528461671544676,0.3268146278030555,0.0375977889569035,0.2224976137990788,0.1300477013779912,0.0,0.09744073785265983
5,190.33930550298953,1.9875025999911424,374.04475546875665,6.771799373262512,14.680333661087662,6.08413107890388,0.8554507368303332,0.1376871327183606,0.6199525682840528,0.3788198505012067,0.0,0.04699307368063838
8,222.44542662567957,3.193645782317436,398.75210471389505,7.46412911594955,29.35095138910285,14.823703429555197,0.152577740479288,0.315345691846672,0.142593009614551,0.2289693507306115,0.0,0.15299380903732684
9,195.61720660964008,2.4420815148325365,441.3423871544636,6.91119374567193,21.884726994936187,5.62548467708001,0.4715671000508279,0.1221020160277572,0.2969486559898182,0.2095253360087877,0.0,0.0598313097875566
18,285.7308753860407,2.279279517555514,52.869827788353184,2.076924741246506,9.455341327474414,102.52087614425147,0.3152174147098003,2.110931746712195,0.190295434174763,1.150613590443479,1.0,10.89978941040965
15,211.3140354482063,2.0331410935440357,351.7378069702956,9.727891157583564,15.293308158242125,10.167823484718127,0.5424535556237537,0.1964295053797072,0.3094005606608085,0.2529150330202578,0.0,0.23779787927885054
2,151.5612272514467,1.6884790197074542,478.91845399778856,6.805462723277726,12.139817851087573,13.09109982770093,0.7330209710223572,0.3140690301332977,0.4168860326907503,0.365477531412024,0.0,0.05532696236767553
17,162.2741840880837,2.8221686068187224,367.24396940146465,7.708585039953121,31.23890980936579,10.042111876593196,0.5577953851502913,0.2036774209262155,0.3540378654474733,0.2788576431868444,0.0,0.08851456446317807
8,203.43008519846111,3.689843029409108,353.5737445110012,6.955293696564648,17.86287311278342,4.191637997663264,0.3436195066123839,0.0891690116862776,0.321132948071008,0.2051509798786428,0.0,0.2151424134073263
6,168.46242615779633,1.1977236271594518,417.5271045100816,9.460799795838694,14.749460889566167,14.912166833613384,1.027706436783414,0.3431045773413433,0.6180925562278565,0.4805985667845999,0.0,0.1368508076954793
16,150.8434031028646,2.2411370768928696,322.32497256642733,8.729625568853049,11.015409408894838,5.565266259354331,1.0074920108531114,0.1169749802739767,0.5852482053740394,0.351111592824008,0.0,0.1151099868276682
3,168.17199547359542,2.897256599519648,262.9590982430377,9.81322028242507,20.021390232682258,22.971105392766137,0.2884463262605767,0.6946125670333088,0.1852929650314091,0.439952766032359,0.0,0.31045706526573463
15,195.5907373472812,2.406348589009672,376.1217748594301,9.136459286239402,28.27496279724984,5.555474616206993,0.1692460601581173,0.1073247517181215,0.0965332890893146,0.1019290204037181,0.0,0.10915724494213742
0,194.8353780951226,2.7625445418114465,447.5257456943104,8.36133457311668,13.727921714258976,4.064980776964461,0.530214757648428,0.0803187787591513,0.331376562149092,0.2058476704541216,0.0,0.07253793449348116
5,187.06143085472848,2.3586195986848897,475.97262690953727,6.600673381602755,15.223243851829924,9.362005727164927,0.484333738136586,0.2118671850341597,0.3510008606421313,0.2814340228381455,0.0,0.03270875255093006
0,178.37047153995638,3.037153405784714,453.5595507762349,8.1803795122396,14.729139637250542,20.52988733213067,0.2556058936751606,0.4056441024085371,0.1597499901488684,0.2826970462787028,0.0,0.0480856832706834
12,190.72894777557505,2.976584147180451,425.24686294818366,9.45446008342332,7.879941266050545,17.585811423255905,0.2619656695689865,0.3568497149134118,0.1783480034789082,0.26759885919616,0.0,0.02684506558481773
15,65.28132504955299,0.7517154492952225,314.2364584264653,7.696150497345324,14.058712109667251,135.8648869139352,1.823879199872567,2.624737985969668,1.040290438080499,1.8325142120250837,1.0,1.802429786164648
4,178.2481325433576,2.868412019610731,416.7623071428812,7.9817836160317475,10.928158453395008,10.221229875833131,0.149243239823904,0.1815338057597892,0.1586881621857694,0.1701109839727793,0.0,0.040033118582277545
14,159.18823712626153,2.3281928226786097,341.9081674736764,8.597272754764226,16.884214878433134,39.95817387031886,0.8609971536092496,0.7456132143630277,0.61696505259753,0.6812891334802789,0.0,0.04768083867614199
6,177.0798782884599,1.906623796503152,421.7246310194471,8.719290328097186,19.163279493868952,6.294714702949818,0.3188062674397138,0.1448310934110309,0.1917393661559818,0.1682852297835063,0.0,0.045504808150255885
15,200.31112024614671,2.2778521076738993,376.1973859100595,9.052533607176958,14.42940843368149,0.83509171734147,0.2977425414938901,0.0161329170623994,0.1698241412849717,0.0929785291736856,0.0,0.12273145489258926
14,193.7095440333933,7.592213306733731,865.8077201031011,4.655177742347343,0.1740446739818485,5.436866963187072,4.403023330445872,0.1014510789617753,3.1550760757677674,1.6282635773647711,1.0,15.794104617361823
7,176.89071305623966,2.7978107525721576,467.4696867361279,8.4717935069701,12.701540299151404,6.112709551977105,0.0755314419025223,0.1837620470703359,0.0651453781748952,0.1244537126226155,0.0,0.04879835542775488
10,195.48200249911807,3.132363010778359,509.8180746883682,10.062568938597328,11.595963612294966,0.0029122883849197,0.1135226815174044,6.66080939711287e-05,0.0776298765867515,0.0388482423403613,0.0,0.12634149826848098
7,329.4026190232153,1.4577700327121574,831.2621506260866,2.460438706044376,3.217640544882707,146.39919641499856,1.2645092779574778,4.401095094395724,1.0906310411035938,2.7458630677496587,1.0,25.927068720258763
11,163.87868494922628,2.6618146341679796,477.10783042968626,12.456534764540324,18.59380687090671,16.421147281780065,0.2771241496764687,0.3239951332075069,0.1378113865960024,0.2309032599017546,0.0,0.2640456835754615
18,186.25985658026585,1.4349340795820458,395.3725881594048,7.456356079209009,23.73536153696357,3.0498573384766416,1.1595628526832684,0.062797363043161,0.7000232417597736,0.3814103024014673,0.0,0.1159507083148188
11,162.4397049318632,2.1230360913920996,417.92356049850065,9.42658801820158,13.132653705979177,17.86012729914316,0.8159026924523487,0.3523867257319701,0.4057411867769007,0.3790639562544354,0.0,0.04912153966376651
2,153.23973038902253,2.6120112196081515,472.2596653246012,6.926505334665147,12.76569004859031,11.4125966901251,0.1905112288783401,0.2738000031277401,0.1083481558233732,0.1910740794755567,0.0,0.050414987897318686
1,186.8709678935901,2.2076330054490656,310.05322354641885,10.202177268971296,11.737768871742809,5.558583251873756,0.4996978082884205,0.1339595951061455,0.4082558379911233,0.2711077165486344,0.0,0.3738184936321272
15,200.47932879100304,1.9319553802851963,366.5981048244609,7.792322834201788,17.12387181888326,0.666883172485143,0.6436392688825932,0.0128833404626061,0.3671141033016152,0.1899987218821107,0.0,0.1411916605642987
4,183.7645373009654,2.995408556810152,391.7745458066745,7.419976939152764,11.092436937729024,4.70482511822533,0.022246702624483,0.0835598865812689,0.0236545947296374,0.0536072406554532,0.0,0.017658489821814616
6,173.94209297781703,1.676932650395976,393.383462020634,8.961851409699316,17.420974790236205,9.432500013592689,0.5484974135468899,0.2170264031073567,0.3298823051888822,0.2734543541481194,0.0,0.0858356241832458
6,186.44434643579072,1.835602847422908,405.5439264146,9.391161184685982,14.36298949125289,3.069753444381007,0.3898272165199579,0.0706300076862314,0.2344534315656818,0.1525417196259566,0.0,0.15860379701194013
13,191.3709551119432,3.1600331973352396,412.23283229200945,8.23496939688966,15.06918856310673,8.778673276120458,0.2469751163371745,0.1900014009325642,0.1535361176588674,0.1717687592957158,0.0,0.06561467721125641
18,166.86906133836942,2.3482194967886256,365.8364391479756,7.054453039580064,26.45133039785743,16.340937903419785,0.2462774354766885,0.3364642001580827,0.1486766572038209,0.2425704286809518,0.0,0.12044132962421639
18,184.50042107390823,2.3339459130531464,379.65279052896375,7.255101878498747,41.67289301338656,1.2904218321190228,0.2605510192121678,0.0265701241982928,0.15729355997448,0.0919318420863864,0.0,0.1635506585243966
4,172.39166941847876,2.562573012568014,397.941627265595,8.839615939930916,12.121167701506057,16.077693000711974,0.4550822468666209,0.2855473200106334,0.4838823217979213,0.3847148209042774,0.0,0.1396643938476914
17,156.4123025736631,2.449750890212264,388.5059835184781,8.165358505956354,17.938142241460373,15.903993391013785,0.9302131017567494,0.322570032689996,0.5904148182733686,0.4564924254816823,0.0,0.03759100252667559
19,199.78202271881855,2.6198741495287714,418.13000926690427,8.515324824026429,12.102596520587545,6.588140347584726,0.4830513598568786,0.1295356811847796,0.3544773140417566,0.2420064976132681,0.0,0.11967894742848655
12,73.54961452253009,8.214802327526545,978.5662749938116,12.255304896699167,8.378475121029869,134.76514467630085,4.976252510777108,2.7346422806744117,3.38786643900408,3.061254359839246,1.0,23.594426315843233
10,58.87201149237847,7.441504473821613,771.832475506969,18.521209144483223,4.865034295331715,136.6129032951245,4.19561878152585,3.1245274841149087,2.869077472989167,2.9968024785520377,1.0,22.490621144713472
11,183.28120599334932,1.957216056143786,419.1192827700109,8.522524553078291,15.945054611915278,2.981373762342969,0.9817227277006624,0.058823575033849,0.4882020225057491,0.2735127987697991,0.0,0.06354205512942593
13,174.51762921717636,2.428557553235673,456.4714281345003,8.190958634383106,10.600626987475522,8.074652618646383,0.4845005277623921,0.1747639149254926,0.3011976718122235,0.237980793368858,0.0,0.027317871510326396
11,99.98500656550358,9.10499437199835,477.44649055541663,4.436639085636266,5.499464611977164,80.31482566550277,6.166055588153902,1.5846403538992864,3.0663248635081795,2.325482608703733,1.0,25.860462854989237
9,189.6711175222523,2.031088869032363,448.86082508498487,7.11256948794946,26.454033298719526,11.571573764467786,0.8825597458510015,0.2511628004271471,0.555753211648825,0.4034580060379861,0.0,0.03555291967355112
18,154.09698571959598,2.1815600475329453,379.56255594212627,8.791947351026584,29.866977561240024,29.113013522193228,0.4129368847323689,0.599444589217013,0.2492882693022008,0.4243664292596069,0.0,0.06952798011131318
14,172.76549689389674,2.550957865730013,395.1202334144532,7.2475521257879265,16.913327531695074,26.380914102683647,0.6382321105578463,0.4922636911730301,0.4573382223264112,0.4748009567497206,0.0,0.07469132855784172
8,216.89538796139817,3.3988562758637935,367.82664126061286,7.574195350935271,16.60229386956384,9.273664765273791,0.0526327530670696,0.1972793266714133,0.0491884506911526,0.123233888681283,0.0,0.09936117071552202
11,160.2752049119086,2.175418510108958,428.4444140717581,10.73147574528656,15.04535044822201,20.02462731909776,0.7635202737354905,0.3950930884640644,0.3796918736259162,0.3873924810449903,0.0,0.06412579305506437
7,184.10316675475076,2.369845896627872,486.3697439558659,7.330831738819024,8.080613149794436,1.0997441465339932,0.3524334140417631,0.0330608274288676,0.3039715310724573,0.1685161792506624,0.0,0.0450108599400768
17,176.42607683558575,2.9193208314688586,409.63007645281334,6.595520815314838,26.235207188181864,4.10978087090885,0.4606431605001551,0.0833559293747469,0.2923744541782314,0.1878651917764892,0.0,0.10913677278771244
2,167.79665850664566,2.065300722961537,532.7558964307653,7.775332162954178,16.933996530410397,3.144331427498031,0.3561992677682744,0.0754357643627706,0.2025787875893349,0.1390072759760527,0.0,0.05750100197120068
4,391.8801149787308,7.066491176861878,756.0335387950232,2.6353840760551597,40.29204814479056,203.41075255954004,4.048835917427243,3.6126697562984087,4.305068232814886,3.958868994556647,1.0,33.618455611323846
8,129.12767485369693,1.6236090564683594,233.76357580865843,28.454370542298808,4.149053448284165,78.49404834242745,1.7226144663283645,1.6698094439097697,1.6098860842199263,1.639847764064848,1.0,15.589154741891338
14,176.85973275113355,2.7032482891867566,329.57773282803237,6.743401097274363,16.180342702817736,22.286678245446836,0.4859416871011026,0.4158658966246091,0.3482114165939833,0.3820386566092962,0.0,0.075408816956724
7,182.2592826283212,2.5679242092311414,474.6994246632271,7.363220653840472,10.290753381057634,0.7441399798955786,0.1543551014384938,0.0223705518558887,0.1331302726805112,0.0777504122681999,0.0,0.027910680953059028
4,162.9168200544743,2.6742947388103704,375.3534761151267,8.6531332922191,10.74080670150363,25.55254236471643,0.3433605206242647,0.4538250600617787,0.3650902382533671,0.4094576491575729,0.0,0.07868687115755833
5,81.25133358395053,9.572318173294434,831.0708924756021,2.06879454558387,1.9479661170856837,115.17210299794289,6.729364836472959,2.6064061449819063,4.87682906060696,3.7416176027944337,1.0,35.99795306900286
19,202.09794406670773,2.3689987994930237,500.4858811921968,9.323144810525072,16.031021270799513,8.9040616954739,0.7339267098926263,0.1750712092005386,0.5385770343412832,0.3568241217709109,0.0,0.14734569203742603
8,203.07936089434435,3.527432424998485,336.4039648476762,7.36298587546213,21.125419937510976,4.542362301780031,0.1812089022017611,0.0966299946217992,0.1693505399459336,0.1329902672838664,0.0,0.09584097928330407
14,183.94326114451476,2.895136497285539,348.4851097982433,6.887495335957441,14.548277155564524,15.20314985206562,0.2940534790023204,0.2836883754105097,0.2107100115007909,0.2471991934556503,0.0,0.07275210960481081
5,188.49243652221972,2.4508437185240144,517.4452822986286,7.835626625165729,13.351937585155676,7.931000059673693,0.3921096182974612,0.1794827632152778,0.2841652411372043,0.2318240021762411,0.0,0.029137055120921407
19,184.90580328406213,2.4076727398062077,472.0493547107663,9.025627528063444,12.674339962186384,8.288079087171695,0.6952527695794424,0.1629597904154705,0.5101969579666086,0.3365783741910395,0.0,0.05763909293293722
12,211.50263175753597,3.02820371372867,376.8204177922552,8.548428529717274,12.471003678054656,3.18787255870501,0.2103461030207674,0.0646880252707471,0.1432050526889494,0.1039465389798482,0.0,0.047959910203795975
13,179.82954734569157,2.3862599336081542,495.85469108329903,7.450272710200476,11.938237457525528,2.76273449013118,0.5267981473899108,0.0597953024356792,0.3274926783705147,0.193643990403097,0.0,0.052056154594156384
1,187.6073441312227,2.5553342283893605,323.5683394216139,7.96266863602871,19.78916008838321,4.822207014241144,0.1519965853481255,0.116213227341338,0.1241820402127352,0.1201976337770366,0.0,0.030929639417567843
6,179.0105332489847,1.2620274188480916,368.11091784676546,10.369704198206271,17.158718489679263,4.364059742425013,0.9634026450947744,0.1004098794041111,0.5794183847354859,0.3399141320697985,0.0,0.28137082248844103
9,182.6857838647871,2.854045715665356,434.8701073021729,8.562936591899263,23.325989800927005,18.556907421932976,0.0596028992180084,0.4027805491480928,0.0375323062486261,0.2201564276983595,0.0,0.03382494311816477
16,148.78694348054725,2.321360732417254,384.8490547465431,7.839244954236587,8.089130557601345,3.508806637036969,0.9272683553287272,0.073750754775247,0.5386465947226212,0.3061986747489341,0.0,0.07415524194720763
10,202.23143116467415,3.014555130382368,409.3351755245867,8.4614745307713,13.335079769897307,6.746516377171162,0.2313305619133951,0.1543022315905567,0.1581900879369868,0.1562461597637718,0.0,0.03789270922634954
8,197.53912734523087,3.0069407576152356,355.02328452647043,7.754340844547194,22.02456454380393,10.082595850893512,0.3392827651814882,0.2144877748883704,0.317080004236547,0.2657838895624587,0.0,0.05432608733350322
16,154.61483373976677,2.6427007545525822,351.9120073677024,8.627279714025821,10.05955578265004,9.336696896256484,0.6059283331933987,0.1962457651380028,0.3519814209607877,0.2741135930493953,0.0,0.045851582114514226
10,203.8750489540012,3.072956708417496,391.0848652908133,9.590769630410476,13.789910503814845,8.3901341664982,0.1729289838782675,0.1918940610024407,0.1182535110808153,0.155073786041628,0.0,0.013353398839361123
18,274.9916867855083,0.9434847278406536,136.90881003316477,4.463671701003617,918.938919148748,91.7816875437191,1.6510122044246605,1.8898090348959575,0.9967091588453896,1.4432590968706736,1.0,68.40336721976549
17,158.71609003325628,2.8282417273863207,380.34719848288375,7.385617360996464,20.800536186514805,13.600205931420618,0.5517222645826929,0.2758438565730176,0.3501831999202956,0.3130135282466566,0.0,0.04304668712201012
6,182.14791187715096,1.7909843464003552,418.9885522722083,9.08600097293047,19.753144075356552,1.2266811142587528,0.4344457175425107,0.0282239268066432,0.2612882964307901,0.1447561116187167,0.0,0.10006704963243075
13,159.7114060402477,2.6212806916694364,467.7897217504277,7.998857929230058,12.76905363456246,22.880875795575037,0.2917773893286286,0.4952227197643805,0.181388182917173,0.3383054513407768,0.0,0.04466467870140984
2,171.0851160858122,1.8650157114188493,488.3149994203909,6.985394071229836,15.6118738551361,6.432789006664564,0.5564842793109621,0.1543292642303601,0.3164855203707981,0.2354073923005791,0.0,0.027612753715196916
5,201.83609685178533,7.8400562471148625,401.3225931878178,82.31806262541494,1.5565380782956697,5.412660269891916,4.997102910293387,0.1224913900234824,3.621443818839727,1.8719676044316047,1.0,239.60034076360947
9,202.7734634267381,2.91600226908924,432.664698342809,7.384116630318164,29.122671972343277,1.5307721400180014,0.0023536542058755,0.0332256463406351,0.001482110293581,0.0173538783171081,0.0,0.09113943060078798
11,151.88521880844272,2.617161072321162,435.71813563589944,9.823476486903273,17.283024185874428,28.414613422563633,0.3217777115232865,0.5606305273869611,0.1600172076395476,0.3603238675132543,0.0,0.047190926068079106
13,140.49504227408607,1.301582053031335,662.002365190137,11.739526342613336,1.4018919502638023,42.09723956173667,1.6114760279667302,0.9111324958272636,1.0018004109230287,0.9564664533751462,1.0,0.4397093662806249
2,71.12322939669733,0.40345977183748,88.10373184185836,3.9350573704640857,12.29526365020801,93.5290976824503,2.018040218892331,2.2438598272860637,1.1477062920737884,1.695783059679926,1.0,3.0176643137442096
7,192.6893308015529,1.7566732876511877,434.5875692890103,7.601370549024741,12.647436493016366,9.685908193336132,0.9656060230184476,0.2911805807568744,0.832828924657304,0.5620047527070892,0.0,0.15579820601907488
14,186.87944605148297,2.5830728979023725,360.08958806941996,8.66647288558441,18.257690327320944,12.266964945097412,0.6061170783854868,0.2288996287186854,0.4343255417033305,0.331612585211008,0.0,0.027180139725220175
10,214.16426163135387,4.890216166756683,576.2935927279744,26.79311713461894,10.666651462151687,18.67934684385088,1.6443304744609195,0.4272226941319244,1.1244376021955194,0.7758301481637219,1.0,13.901421375983928
4,185.88487579046597,3.073087553595302,384.6205176809489,8.976351200177971,9.632060203820638,2.584486628724761,0.055432294160667,0.0459016869150935,0.058940350641519,0.0524210187783062,0.0,0.11395227500140677
11,184.1486803065695,1.9720266638973316,409.4744134170767,10.51264983123761,13.197442186149948,3.8488480755631542,0.9669121199471168,0.0759391547703337,0.4808368383699439,0.2783879965701388,0.0,0.09613644211825831
2,158.95372634902895,2.3114365207701937,521.6949906371351,8.206428128867813,17.581360747223172,5.69860073011867,0.1100634699596176,0.1367153278166996,0.0625956488961666,0.0996554883564331,0.0,0.10039699807273114
10,180.25617936502007,2.657788351381748,408.8635716368879,8.936197260713843,12.11234125861468,15.228735422482911,0.5880973409140151,0.3483024021023077,0.4021568499432639,0.3752296260227858,0.0,0.03505418493434419
17,160.77708489537778,2.5948362159263945,397.69543163036514,7.788156173638782,20.086336281142803,11.539211069299114,0.7851277760426192,0.2340420798932003,0.498327826535812,0.3661849532145061,0.0,0.042903692778919054
4,178.97138626619574,2.657504557350614,470.9895541301132,7.8706244433840284,10.117842922587508,9.497976152994994,0.3601507020840211,0.1686884826008635,0.3829429935390211,0.2758157380699423,0.0,0.037051654679513955
18,171.7988357741422,1.6002512666766702,404.7518290178056,7.859702631107101,27.94605627681566,11.411163467647016,0.994245665588644,0.2349588506918858,0.6002219477110791,0.4175903992014824,0.0,0.06640048050355556
11,169.72343626358136,2.622722710467015,430.896699676293,11.05785847481022,17.771204133910473,10.576395967424986,0.3162160733774333,0.2086760907456973,0.1572514542199338,0.1829637724828156,0.0,0.13906687313914784
12,198.65836863095083,2.6885989676823354,395.038503497088,10.092864162392354,10.158167014367669,9.656390567880123,0.5499508490671019,0.1959466150469272,0.3744102656810869,0.2851784403640071,0.0,0.056701987196141584
12,158.62981118784202,2.4268098582379944,250.8596950989656,2.188221940808145,2.0430629877825623,49.68494801098893,0.8117399585114429,1.0082025279631068,0.5526380658303898,0.7804202968967483,1.0,1.1668502857066507
0,180.6814922921089,2.4902991449566607,493.4127315515793,8.680539594287191,15.884028771004466,18.21886657997814,0.8024601545032137,0.3599813121803979,0.5015260013513745,0.4307536567658862,0.0,0.09555960303916354
8,202.7158715370231,3.761816869803683,428.25521361167034,7.373124705112926,26.03158903887554,4.905851659101273,0.415593347006959,0.1043625294372781,0.3883967998172788,0.2463796646272785,0.0,0.33045680001386035
1,196.2824541058019,2.3003232723564357,334.08642445596905,7.424082989081768,12.79319823559884,3.8529029603380422,0.4070075413810503,0.0928533939608027,0.3325273837889635,0.2126903888748831,0.0,0.08221455022393755
12,206.61239472066796,3.0904477216356754,356.16270654667204,7.939734507580746,11.105472295117549,1.7023644781629912,0.1481020951137619,0.0345442279625394,0.1008289102081255,0.0676865690853324,0.0,0.04960870412382519
14,172.64950426386525,2.172459037526089,370.6717858163138,7.172365819463257,13.743855027769856,26.496906732715132,1.0167309387617705,0.4944280953322612,0.7285592693090093,0.6114936823206352,0.0,0.07357695382097451
16,128.7461215829078,2.6694162545846685,365.5976476760635,7.682271355942178,9.525631873228782,16.532015260602492,0.5792128331613124,0.3474824148346169,0.3364624905067297,0.3419724526706733,0.0,0.06504422652487674
8,203.2995702784209,3.128821389955723,383.36171555826496,7.678735061813751,17.434559566250396,4.322152917703477,0.2174021328410007,0.0919454648143357,0.2031752752468429,0.1475603700305893,0.0,0.0358841008517515
10,180.49064472994073,2.893542353496106,393.8642414338948,7.799465788839159,11.037680476041222,14.99427005756226,0.3523433387996575,0.3429398524521843,0.2409418940917806,0.2919408732719825,0.0,0.024309211896202564
17,186.8110201105508,3.005763614025182,440.9372080819303,8.558636579544462,21.19047456065432,14.494724145873905,0.3742003779438314,0.2939867696504984,0.2375084243860792,0.2657475970182888,0.0,0.07037119991618647
5,187.29767102239057,2.395998883488334,429.53485523171423,6.7633414523548305,13.107499713721015,9.125765559502838,0.4469544533331415,0.2065209439856913,0.3239117687554613,0.2652163563705764,0.0,0.029677563073888448
10,183.4574672367907,2.741425122419043,347.21333420724056,8.942716033996994,10.702255145213051,12.027447550712282,0.5044605698767204,0.2750844871129551,0.344963766350148,0.3100241267315515,0.0,0.01968172731083963
18,384.8851347068072,6.5711991164156425,270.00384172454943,6.471392126916294,0.9687967225401124,201.675135465018,3.976702184150328,4.15254396945046,2.400718467326125,3.2766312183882924,1.0,22.893557503320313
18,164.48748304376204,1.8413315579804077,373.6344486602494,7.113457654096251,25.586697347470032,18.722516198027165,0.7531653742849065,0.3855015222961973,0.4546827846960581,0.4200921534961277,0.0,0.10361573276399895
11,158.5753123415522,2.5238732766346015,445.9105432164465,9.377779569851516,17.699012414903113,21.724519889454143,0.4150655072098468,0.4286325793607909,0.2064084026727428,0.3175204910167669,0.0,0.01824953126231633
17,159.1542456644327,2.3225420912292907,433.1601982951991,7.216855492724225,20.070192519526326,13.162050300244204,1.057421900739723,0.2669570397341889,0.6711554139416782,0.4690562268379336,0.0,0.041314103825612306
15,141.58497832312725,4.159235488743255,512.1202677847807,3.796539123319856,16.964989916649333,59.56123364036094,1.583640839575466,1.1506477941287367,0.9032650972055803,1.0269564456671585,1.0,1.0599786597896559
6,207.5889861500116,6.413113644269762,307.26601163512396,18.051686301022976,10.728684563195817,24.214393158601897,4.187683580326896,0.5571335958723365,2.5185947622736995,1.537864179073018,1.0,18.860376721760442
9,195.24141279944237,2.527929350279709,454.3419701181448,7.574101432130552,22.380213414025313,6.001278487277716,0.3857192646036553,0.1302586788701329,0.2428897546098761,0.1865742167400045,0.0,0.04102280428401437
3,172.58818333231898,2.223622568935888,287.37263933417023,8.380107508749395,37.02444790130692,18.554917534042573,0.962080356844337,0.5610735173184741,0.6180238945290665,0.5895487059237703,0.0,0.23175749200216222
8,199.19698509569915,3.544746073330841,399.3509082817496,7.4015246360202624,36.400487142451865,8.42473810042523,0.198522550534117,0.1792200496677995,0.1855311781921378,0.1823756139299686,0.0,0.16327060309693825
2,164.26937676617246,1.718563169488903,474.5718932807685,7.402869422989159,23.967082075628237,0.3829503129751685,0.7029368212409084,0.0091873742442063,0.3997764787420135,0.2044819264931099,0.0,0.06662803202565827
7,177.6600011934314,2.293549591320532,451.5890496710702,8.722915004230712,9.503923568150167,5.343421414785354,0.4287297193491031,0.160635484017531,0.3697765989673407,0.2652060414924359,0.0,0.04089035571127092
5,209.37746616785284,2.7685293069141896,414.4814693308704,8.91039807991477,14.080318171106065,12.954029585959432,0.074424029907286,0.2931566016097243,0.0539357399515832,0.1735461707806538,0.0,0.07608172015522595
12,203.63299564036464,2.950230683288257,429.0286695940132,9.71998633539035,10.306642739287495,4.681763558466315,0.2883191334611803,0.0950019280271224,0.1962896203238152,0.1456457741754688,0.0,0.020793359377562763
7,178.4986707264842,2.542371729628628,467.02769288706423,7.577942215013706,9.715524167677478,4.504751881732574,0.1799075810410073,0.1354231573236421,0.155169120411769,0.1452961388677056,0.0,0.033411759958250895
0,182.75596843581897,2.771571678647037,425.1820893402416,8.200755054350607,14.30645368769118,16.144390436268083,0.5211876208128374,0.3189923384140302,0.3257347320651942,0.3223635352396122,0.0,0.08390669024240693
0,188.55993819226717,3.351443249173202,485.73669172740176,7.883551615586543,15.072538984443325,10.340420679819886,0.0586839497133273,0.2043133796758585,0.0366766206123351,0.1204950001440968,0.0,0.08372226653277065
15,264.6906462827599,8.806680665767734,204.07420378748353,9.639863211958128,1.5201177067992495,63.54443431927169,6.231086016599945,1.227598199528919,3.554039764464077,2.390818981996498,1.0,26.24114860305921
15,205.70904365054656,2.023829597944697,348.2655788267285,8.071144472444194,17.42058534755331,4.562831687058377,0.5517650512230925,0.0881481442677285,0.3147115811696764,0.2014298627187024,0.0,0.1938861509137952
8,197.5134209129699,3.3056353646242647,381.23002558134857,7.658653221131372,15.24848924053503,10.108302283154472,0.0405881581724592,0.21503462964061,0.0379320575225587,0.1264833435815843,0.0,0.0320814837486109
19,198.5357604420676,2.93161657619191,420.319020377078,8.517012020060003,9.09587368725311,5.341878070833786,0.1713089331937398,0.1050317355435773,0.1257115403377968,0.1153716379406871,0.0,0.12069024431019432
8,207.52052379917885,4.143710255943978,900.9054470532856,4.9176191948050825,1.0312347716942754,0.1011993969455318,0.7974867331472537,0.0021528219311665,0.7452989738210198,0.3737258978760931,1.0,2.0606794952744742
0,184.53377479723576,2.543263865195348,542.5262692540095,10.126411248032245,16.4496422189905,14.36658407485129,0.7494954342645266,0.2838651770192161,0.4684238165202189,0.3761444967697175,0.0,0.15249468975403166
15,204.40174859774825,2.1230406115223044,322.77832125817145,8.208235914987986,13.20614713360461,3.255536634260068,0.4525540376454851,0.0628928552678301,0.2581243528136149,0.1605086040407225,0.0,0.21210808040757945
10,205.78358801492905,3.1746080350277546,382.6708311449248,9.88863120999862,10.340584532209371,10.298673227426065,0.0712776572680087,0.235545009094024,0.0487415876998991,0.1421432983969616,0.0,0.027865149045505692
8,197.58902356726668,2.82132665308974,395.9626071395638,5.696968031214055,13.335237600115695,10.0326996288577,0.5248968697069838,0.213426329026802,0.4905474688094223,0.3519868989181122,0.0,0.09270057662684866
13,190.87137843658303,2.9213225989589735,414.866402268757,7.327918863331189,16.285512203565432,8.279096600760283,0.0082645179609084,0.1791888025813001,0.0051377726665691,0.0921632876239346,0.0,0.10610481091147145
17,164.4381940995879,3.071344724895793,411.1615697093404,7.956005717670258,18.43123133463188,7.878101865089008,0.3086192670732206,0.1597862570537003,0.1958834896440155,0.1778348733488579,0.0,0.0751714753699285
1,191.77729286346172,2.284377485231418,352.7303840084954,9.70219378212813,15.73067186684964,0.6522582820021228,0.4229533285060682,0.0157191592537865,0.3455551789426992,0.1806371690982429,0.0,0.23768224519279152
5,180.14647493696887,2.5859837589509196,452.1457770410805,7.416626960928429,15.363282235974582,16.27696164492454,0.2569695778705561,0.3683563271717272,0.1862280817735935,0.2772922044726604,0.0,0.030077936379597155
1,188.36423963323787,2.2991023668926456,370.0269052767437,8.841104603302554,11.306275785025464,4.065311512225975,0.4082284468448405,0.0979723536522669,0.3335248702196823,0.2157486119359746,0.0,0.08220329981084523
6,178.21860968226488,1.763068238295977,444.5258794099206,10.628657144910903,22.444771837284897,5.15598330914483,0.4623618256468889,0.1186307458736028,0.2780778561733303,0.1983543010234665,0.0,0.10347681050107745
7,193.77529395384565,2.5536689266344186,427.87378601055514,6.517479137683055,13.693177130118572,10.77187134562888,0.1686103840352166,0.3238271199407498,0.145425361353014,0.2346262406468819,0.0,0.14253062120279125
0,198.02193455735767,2.298169577504925,465.5329474346869,8.248245143711843,12.915389952666938,0.8784243147293864,0.9945897219549495,0.0173565318171307,0.6216042048169302,0.3194803683170305,0.0,0.1433302365430031
1,183.8807476345467,2.4919033452342085,384.9695887764419,8.17987417740259,15.99990870234298,8.54880351091714,0.2154274685032775,0.2060226869100897,0.1760054181173201,0.1910140525137049,0.0,0.03773900775583495
14,177.10265832771455,2.78863677562583,296.52433185197043,7.470315561349597,16.125258158909535,22.043752668865835,0.4005532006620291,0.4113329437275775,0.287024556908945,0.3491787503182613,0.0,0.04561592371710628
16,137.7056103165499,2.337298406817819,280.048014966936,8.233581192961191,9.975292441939828,7.572526526960388,0.9113306809281618,0.1591650964814978,0.5293884614170595,0.3442767789492786,0.0,0.15864477011831588
4,169.8736355998704,2.59894261079823,440.8238282061823,7.240253781341781,11.726658999764052,18.595726819320333,0.4187126486364052,0.3302687740505829,0.4452110579644801,0.3877399160075315,0.0,0.08093258100994459
0,180.2522702112214,2.928853422963401,472.4807156481861,9.616105129156004,15.602065258768098,18.648088660865653,0.3639058764964735,0.3684621870589972,0.2274359145227971,0.2979490507908972,0.0,0.09789839871399098
3,186.1905038280667,2.441006276735413,334.9101938686531,8.10927513566204,19.334545153733053,4.95259703829484,0.7446966490448119,0.1497592772934157,0.4783803348766284,0.314069806085022,0.0,0.09394583866911739
4,187.54263313170432,3.1282823260701247,422.8730116062886,7.828260790739322,11.3409435700307,0.9267292874864096,0.1106270666354896,0.0164591440081229,0.1176281479355603,0.0670436459718416,0.0,0.03824516221732707
18,153.6959274560029,1.9396772566136773,334.46458875934627,7.790602678210275,29.80408510208069,29.514071785786314,0.6548196756516369,0.6077024841233022,0.3953118979769095,0.5015071910501059,0.0,0.09286018420869736
17,148.6861687800413,2.8496467428079857,435.783449228775,7.108112530158812,21.543763539168744,23.630127184635597,0.530317249161028,0.4792740232603169,0.3365972395995327,0.4079356314299248,0.0,0.07477199644338994
7,182.00772099853617,2.428783693277732,429.6799864061154,7.705379417546776,9.34667145282017,0.9957016096805944,0.2934956173919034,0.029933070516487,0.2531380641765743,0.1415355673465306,0.0,0.00872473950485213
19,177.36197930730933,2.747264104491859,436.06922489325046,8.513848167395794,11.2925150304918,15.8319030639245,0.3556614048937909,0.3112860746187201,0.2609948133722728,0.2861404439954965,0.0,0.06538100609371289
15,342.45009678172704,8.063306699963237,116.93764378361038,41.97490797071311,5.720683786071379,141.30388481823886,5.487712050795447,2.7298125547512138,3.1300397382570617,2.9299261465041377,1.0,68.2320920449009
13,194.33012941982795,2.566412435079306,467.8828560684761,8.183690185850718,15.9473915051674,11.737847584005207,0.346645645918759,0.254048352723237,0.2154979313991142,0.2347731420611756,0.0,0.10814506590306246
17,161.8477894304602,3.2181588420627794,416.9832349454075,7.028828050190495,24.2436974435941,10.468506534216688,0.1618051499062343,0.2123256978254101,0.102699218057849,0.1575124579416295,0.0,0.100199656393769
13,183.4732072488699,2.419246398175302,378.11504988712846,7.3487342637795265,14.833996788178585,0.8809254130471516,0.4938116828227632,0.0190663278301234,0.3069861035380229,0.1630262156840732,0.0,0.03499638563250917
19,185.57561739397065,2.7954282721436754,423.08954157387103,8.892443027995487,10.664387937442868,7.6182649772631805,0.3074972372419746,0.149789939377615,0.2256505286831019,0.1877202340303584,0.0,0.039081053291188994
4,173.48858527950384,2.7586472919942446,435.1136953859436,8.350834100297352,11.797785422968415,14.980777139686891,0.2590079674403904,0.2660655831483238,0.2753993976081186,0.2707324903782212,0.0,0.052317695176171505
9,210.06654916714288,3.0029081370722848,374.6761114471698,7.736341863104146,23.738115680459035,8.823857880422793,0.0892595221889203,0.191523201677492,0.0562072611626984,0.1238652314200952,0.0,0.08429293280628859
11,167.40674058674605,2.3556567996728575,471.6848461438287,8.78453461164489,14.951619259524204,12.893091644260297,0.5832819841715908,0.2543853284461795,0.2900609676529391,0.2722231480495592,0.0,0.033150494888029396
10,193.90379311616996,3.0938773404905113,436.3205562470866,8.814323623378964,14.25182464831702,1.5811216713330225,0.1520083518052519,0.0361624560978497,0.1039474176707857,0.0700549368843177,0.0,0.019833599419172603
14,197.52858659480324,3.043222587298975,340.54388025498247,7.953160456740218,23.96057454906379,1.617824401777142,0.1459673889888844,0.0301883478559069,0.1045959065573427,0.0673921272066248,0.0,0.030519664373245915
19,204.6252670205202,2.931812867385438,450.70370986595935,8.248511948373295,16.81420721637594,11.431384649286372,0.171112642000212,0.2247633048639299,0.125567496079082,0.1751654004715059,0.0,0.2858877979369639
16,150.95602185238303,2.621359610559493,331.31335805132716,7.616376464053531,10.338232138935505,5.6778850088727495,0.6272694771864877,0.1193420864265806,0.3643784088158163,0.2418602476211985,0.0,0.045115840156406496
5,182.0613188871175,0.5770415226936327,779.1892470920224,2.7823952801404865,3.4163558431716035,14.362117694775918,2.265911814127843,0.3250223868473247,1.642125943895642,0.9835741653714836,1.0,1.213837893985566
13,181.4915716150409,2.3840628965601924,439.1716901227807,6.9438162113367445,11.532422263143271,1.100710220781849,0.5289951844378726,0.0238232449700835,0.32885850235999,0.1763408736650367,0.0,0.06036987026553286
9,201.69622617025763,2.4855923405852556,364.6308635507621,7.622881165656502,22.703411057052453,0.453534883537543,0.4280562742981089,0.0098440448774971,0.2695496257629757,0.1396968353202364,0.0,0.018685043411191017
2,171.32997767863415,2.232126136967149,506.2118106098205,7.522462698011138,18.83822216132691,6.677650599486526,0.1893738537626625,0.1602037471986864,0.1077013042073892,0.1339525257030378,0.0,0.03901749313127487
3,163.636574411521,8.96166563299471,130.55241524351305,6.076833824872761,3.99290220608726,27.506526454840554,5.775962707214486,0.8317570541025525,3.710379223078677,2.271068138590614,1.0,30.651945998296537
15,215.53912330759783,1.947608291709197,364.3749983348354,7.071029201274854,16.71053903049334,14.392911344109647,0.6279863574585924,0.2780528655465552,0.3581861139459349,0.318119489746245,0.0,0.5352229103298372
14,182.9149570274207,2.8201449787479667,355.77619454220866,7.162302284409581,18.664467222177755,16.231453969159674,0.3690449975398926,0.3028763678492421,0.2644467120054938,0.283661539927368,0.0,0.05267948257716304
13,381.7497985387813,6.3192453112211355,850.9876217782581,2.4779244762450876,5.502562970882622,199.15751670295856,3.4061872302230705,4.310469929749492,2.1175119627585888,3.2139909462540404,1.0,22.247939275213845
16,191.62880957699255,5.332983594230679,829.6094823367548,2.4007559618128584,8.706987383567858,46.35067273348227,2.0843545064846984,0.9742335363687828,1.2107934565659928,1.092513496467388,1.0,3.1468074792127707
19,178.26416142683942,2.82673434812969,423.4876429440157,8.0252896177353,9.976662314732271,14.929720944394404,0.27619116125596,0.2935474155677023,0.2026772081401319,0.2481123118539171,0.0,0.09563315445610901
3,196.85467962580404,2.5159874335237444,302.22097494818803,9.764849532532006,26.92082803649352,5.711578759442489,0.6697154922564805,0.1727097723890391,0.4302137277892363,0.3014617500891377,0.0,0.20365526839660789
14,165.32684517332697,2.855058470765695,364.6721047849097,6.448252795036641,11.729767097190544,33.81956582325341,0.3341315055221643,0.6310677575926157,0.2394287379636691,0.4352482477781424,0.0,0.16627721086771333
7,176.30317363428358,2.3753824805498143,483.7661833448399,7.543075719446696,12.39292451683482,6.700248973933185,0.346896830119821,0.2014248275435632,0.2991962633917814,0.2503105454676723,0.0,0.01868178140710554
10,174.79047817200353,2.957757979687218,408.3140338333661,8.542807293283543,12.680570811011004,20.694436615499455,0.2881277126085453,0.4733106054683312,0.1970295140323584,0.3351700597503448,0.0,0.016316841818809633
14,289.9994690886383,1.604603806493107,577.5310340617723,13.132069800162125,3.366983068998564,90.85305809205792,1.5845861697947523,1.6953037167959455,1.1354675047351228,1.4153856107655345,1.0,5.689107463138762
1,205.2430574677649,2.0794552183398927,341.779269813013,9.274847918550044,14.159693091915171,12.813506322301066,0.6278755953975934,0.3088002897585226,0.5129777899791522,0.4108890398688374,0.0,0.15294766841782434
2,161.0544702146641,1.990144101490099,502.9371224449717,8.013433331039739,16.451888716892782,3.597856864483532,0.4313558892397124,0.0863163088555576,0.2453221018931118,0.1658192053743347,0.0,0.052355963809273875
8,341.32723888134825,5.762759195007568,82.93906901476306,19.632014306848465,3.0844960094516667,133.70551568522387,2.4165356722108444,2.8443268949517937,2.2583968884258208,2.5513618916888072,1.0,20.03381945386458
17,165.71876998778765,2.4149106194529426,384.394778823014,8.205629532299124,26.27000418375555,6.597525976889244,0.965053372516071,0.1338131950709144,0.6125282588281319,0.3731707269495231,0.0,0.10539713730770063
17,156.6544970344838,2.5410359012918504,359.9201088835415,7.623175940540476,21.558297787211448,15.6617989301931,0.8389280906771632,0.3176577648574146,0.5324753814649091,0.4250665731611618,0.0,0.04120628266146297
14,166.3088676546083,2.825042264624424,323.488142604088,8.33577962762286,22.26349990158285,32.83754334197209,0.3641477116634353,0.6127433731695126,0.2609374620321485,0.4368404176008305,0.0,0.05059631875457338
12,211.25732659848424,2.995357643015386,380.0240412477405,8.436596076210524,11.075887069226516,2.942567399653285,0.2431921737340512,0.0597103148900571,0.1655668802653622,0.1126385975777096,0.0,0.051927960677013794
3,192.4544187908272,3.0137409695909683,335.231799338119,7.939990923046375,23.48551757023693,1.3113179244656408,0.1719619561892567,0.0396523325341021,0.1104654066771644,0.0750588696056332,0.0,0.04804515789257648
0,365.8935173378483,7.9172196136660835,773.4351001315986,2.1028709148759837,8.757239434907417,166.99315846576127,4.624460314206209,3.299569489998757,2.890220874864226,3.0948951824314914,1.0,17.005452474268314
17,167.5199078299349,2.7247167612167975,380.3388070012224,7.63577688621751,25.39893777742881,4.7963881347419886,0.6552472307522161,0.0972819240664315,0.4158914488928189,0.2565866864796252,0.0,0.08717752212038023
6,187.9724916551124,1.4099837984666923,407.2911821687351,9.474577550189942,20.101332815677296,4.5978986637026935,0.8154462654761736,0.1057901306543912,0.4904331126621603,0.2981116216582758,0.0,0.20408525544728204
0,187.31574004778915,2.3756154473123763,428.7944193144877,7.49589801397465,11.764034783509809,11.584618824297904,0.9171438521474982,0.2288971307393757,0.5732016552476548,0.4010493929935152,0.0,0.06518436793262784
4,188.05732995819545,3.346264813242574,431.94157856950727,8.44696338422886,9.84342045837236,0.4120324609952774,0.3286095538079387,0.0073178885173001,0.349405750183368,0.1783618193503341,0.0,0.2004233013448821
5,171.64838087390302,1.9342058536402384,453.1403161364513,7.006972987262418,16.375786735101265,24.77505570799039,0.9087474831812372,0.5606727302767803,0.6585771826059176,0.609624956441349,0.0,0.05150645688303677
4,184.43820369818033,2.8619339900397325,413.80937366248,8.104551707301923,13.99152001137954,4.031158721010399,0.1557212693949026,0.0715952574334538,0.1655761566330876,0.1185857070332707,0.0,0.0339628519751876
11,176.87593207361158,2.036738051915719,490.42551320951935,7.549987753143331,18.20621514517684,3.423900157394769,0.9022007319287292,0.0675547797330315,0.4486564379184594,0.2581056088257454,0.0,0.05748194059466298
2,153.5361215810211,2.023156556837328,487.3195513592908,6.752674566362756,13.977759173200411,11.116205498126533,0.3983434338924834,0.2666892717578618,0.2265471526308933,0.2466182121943775,0.0,0.023230711260600525
11,186.5559255474136,3.0330651493057426,457.22546135735655,10.31374138634029,17.565969428768952,6.256093316407259,0.0941263654612942,0.1234349678878369,0.046808208359347,0.085121588123592,0.0,0.08693888193536764
1,204.6592955552432,2.9512323608100908,285.74949041066895,9.49073479253694,17.29031385006978,12.229744409779356,0.2439015470726047,0.2947318651444923,0.1992688957922833,0.2470003804683878,0.0,0.04819343926184198
6,55.38821209195797,0.1896361996456727,63.05827631077799,16.684012637599054,0.6079928102304355,127.98638089945176,2.0357938642971933,2.944757365842455,1.224385669388994,2.0845715176157245,1.0,2.9214912998806066
2,306.05633261436617,6.834259600069784,402.48682483537254,2.5191311098134426,2.3385585738973096,141.40400553521854,4.4127596093399735,3.3924284024964906,2.5096387681650905,2.9510335853307907,1.0,10.758102073625098
18,176.81671021809947,2.517337957863474,370.6745021333259,7.691792822848026,21.141797090370854,6.393289023689732,0.0771589744018403,0.1316394989350664,0.0465805499603989,0.0891100244477327,0.0,0.12132375966062368
5,185.90918086855137,2.796776986659967,419.4895539405841,7.901699554055233,17.777147105405923,10.514255713342038,0.0461763501615086,0.2379432170449755,0.0334644014483897,0.1357038092466826,0.0,0.020734326256983803
7,165.36054737209656,2.411682715461963,470.0682380312456,7.826259165179024,10.05672629174394,17.642875236120204,0.3105965952076723,0.5303852313001455,0.2678875464968841,0.3991363888985147,0.0,0.08835240569814477
19,173.81352739901317,3.3009782675056516,393.3208698298422,8.859571869464952,15.339571488300926,19.38035497222066,0.1980527581200015,0.3810555559657722,0.1453369466918397,0.2631962513288059,0.0,0.041775996817715405
11,154.6731184246745,2.3156301939959425,442.4593175301044,10.476911565912214,16.86529879900238,25.62671380633185,0.6233085898485058,0.5056242667383897,0.3099658443499246,0.4077950555441572,0.0,0.04088803486132167
2,162.50221409383516,1.741770421214652,466.8644455453876,6.95526173881548,17.86247946138079,2.150112985312461,0.6797295695151593,0.0515834352240737,0.3865779762651887,0.2190807057446312,0.0,0.05967120892157067
1,188.85268962917195,2.428004257769227,382.56056218926034,9.015039393439327,14.18557812120154,3.576861516291899,0.2793265559682591,0.0862009074545563,0.2282113214996837,0.15720611447712,0.0,0.09645432365023296
0,188.12599434204773,3.1151448547110374,458.6081429738979,8.455294145062162,13.213706034868208,10.77436453003932,0.177614444748837,0.2128875506281985,0.1110064615136876,0.1619470060709431,0.0,0.06432977462915787
12,195.62738781077744,3.5204854362497073,406.60097993810535,9.833188757254536,10.652533008271368,12.68737138805352,0.28193561950027,0.2574510071704863,0.1919436807509649,0.2246973439607256,0.0,0.05495868381427826
15,215.94325603168855,1.8940795595286304,383.0610132820795,7.954317082423287,18.51175075101407,14.797044068200364,0.6815150896391591,0.2858601992616028,0.3887174277817997,0.3372888135217012,0.0,0.4217408469035348
16,71.42583035025021,6.671537077020297,565.1849768400251,4.753205365754172,2.369222347888693,73.85230649326007,3.4229079892743157,1.5522836990442646,1.988353988223656,1.7703188436339603,1.0,8.34330009128157
12,186.4074767927014,2.9888395895635713,329.9567330639255,9.523804598912037,8.571704932631258,21.907282406129553,0.249710227185866,0.4445406181722578,0.1700044152355459,0.3072725167039019,0.0,0.04786977601137163
14,185.07811958983237,2.6676379301342763,346.42964735970435,7.639734138351317,14.220107618471928,14.068291406748015,0.521552046153583,0.2625120960338182,0.3737287449077089,0.3181204204707635,0.0,0.05333205921511069
7,181.2441951022399,2.2401313711988804,473.45418918866926,6.852352781955191,13.713254058908674,1.7592275059768667,0.4821479394707548,0.0528864074125996,0.4158494669492055,0.2343679371809025,0.0,0.04082836826463455
6,183.75285852697905,2.0335540093124833,406.2366282816118,9.079806575862374,16.93379749984781,0.3782655355693407,0.1918760546303826,0.0087032715065773,0.1153998426404747,0.062051557073526,0.0,0.15703981499543593
2,153.01051245853262,1.7908857949767312,503.510052935044,6.955812231991279,13.38616886041532,11.641814620615008,0.6306141957530802,0.2792991784503357,0.3586449237043063,0.318972051077321,0.0,0.02090455632371845
4,181.7886151040421,2.8902037710395265,390.0850300164582,8.929919816442835,10.151533194982536,6.680747315148636,0.1274514883951085,0.1186531855922643,0.1355173104331207,0.1270852480126925,0.0,0.08437108916870896
3,185.56358086070944,2.8965252429018693,303.1277875503552,8.178095539502664,24.29595384316806,5.579520005652114,0.2891776828783556,0.168716509182888,0.1857627759593569,0.1772396425711224,0.0,0.08431290885027207
2,162.64192094950448,2.016845844550805,490.2458617124181,7.531796102203267,14.30561378665272,2.010406129643144,0.4046541461790065,0.0482317232028889,0.2301362011200683,0.1391839621614786,0.0,0.03036154835104257
16,151.98250983243756,2.722783342772738,345.58582961803563,7.544196665278675,9.057896654207266,6.704372988927275,0.525845744973243,0.140917588050879,0.3054617557598024,0.2231896719053407,0.0,0.03332831199082765
2,147.27671365639242,1.708778041886807,456.0580903617806,7.553013019558907,13.64012903134736,17.375613422755208,0.7127219488430043,0.4168589444340236,0.4053415078294093,0.4111002261317165,0.0,0.08066086400116552
15,198.4806721418611,2.0340400059947226,367.2965058194837,7.241809348272977,17.467757571730186,2.6655398216270783,0.5415546431730669,0.051494862152068,0.3088878457687332,0.1801913539604006,0.0,0.20751760962592875
11,167.12653911169917,2.237834036027986,445.7451222271136,9.61158817296983,15.183275973860583,13.173293119307177,0.7011047478164625,0.2599138041778041,0.3486531850740092,0.3042834946259066,0.0,0.05398188472191538
19,188.1343045831758,3.0076673814351347,436.3134398049611,8.761568556213174,10.555167513394528,5.0595777880580215,0.0952581279505153,0.0994811617095787,0.0699032197043173,0.084692190706948,0.0,0.07334080071912899
7,174.36191196586068,4.929559753585724,683.851720334472,4.041488015020747,3.2217119791989353,8.641510642356081,2.2072804429160886,0.2597835987325502,1.9037650489632292,1.0817743238478896,1.0,4.515801747414948
12,211.88074515250295,3.150744466220051,422.2772367542067,9.944484342809696,9.14111418273185,3.5659859536719978,0.0878053505293863,0.0723606685142927,0.0597784777961443,0.0660695731552185,0.0,0.048793714029956976
4,195.72187371677117,3.4638341343351,373.79524589886114,8.599029859131573,9.150473314038374,7.25251129758044,0.4461788749004647,0.1288079803662894,0.4744154961230519,0.3016117382446707,0.0,0.24036350066124507
12,197.2232177887871,3.181960218603334,403.5653652800902,8.441956375104962,6.499077712032829,11.091541410043844,0.0565895981461035,0.2250685677710767,0.0385265819892994,0.1317975748801881,0.0,0.06593315495743751
5,188.42237538189065,2.696812061777357,457.25651493134023,6.672503250534371,15.870121113177824,8.001061200002766,0.1461412750441186,0.1810682842045177,0.1059098495041414,0.1434890668543296,0.0,0.05290579203173804
17,90.8814377068832,6.803029755318635,268.5802672646013,3.4654672197245677,8.733157431374032,81.43485825779369,3.423065763349621,1.6516886196119858,2.172651349232829,1.9121699844224072,1.0,8.871957351089943
9,182.89290065561008,2.435933459918323,426.1695825614267,7.344865839869169,20.43498471730647,18.34979063111001,0.4777151549650416,0.3982850471310453,0.3008201233664239,0.3495525852487345,0.0,0.043906399345495624
10,204.65566432106831,2.818422915647629,407.0801907364562,10.194118990011273,10.824704331395305,9.170749533565328,0.4274627766481345,0.209747822324346,0.2923105951433796,0.2510292087338628,0.0,0.042626156355726856
15,53.20794256433577,9.083885445829612,318.5339925141011,2.755023192596225,6.1054899808318615,147.93826939915243,6.508290796661822,2.8579804840712155,3.7121497325522745,3.285065108311745,1.0,24.83828863036357
6,192.37640813558343,1.9353647339965416,412.3366170576271,9.490719923046264,13.887725291756976,9.001815144173719,0.2900653299463243,0.2071170484348876,0.1744537300172465,0.190785389226067,0.0,0.13776121807613315
4,368.7695565753703,3.0691992039191485,277.5346614140612,15.343449781810673,1.407925437339901,180.30019415617957,0.0515439444845133,3.2022154693720086,0.0548059250905023,1.6285106972312555,1.0,15.707373953602406
1,184.59258491250708,2.134931769852539,334.97032192215653,8.093561372569775,11.779232713433816,7.836966232956769,0.5723990438849471,0.1888676980907916,0.4676531444614344,0.328260421276113,0.0,0.11214121915116691
14,190.6481133026815,2.800642419486647,345.37954772167416,7.289285778895734,22.028120845340037,8.498297693898877,0.3885475568012122,0.1585768929462662,0.2784216681943818,0.218499280570324,0.0,0.04429164436400508
18,168.38968434360496,2.098665684287602,348.31355971011754,8.718422989074009,30.783213160213005,14.82031489818425,0.495831247977712,0.3051541733883536,0.2993312495066275,0.3022427114474906,0.0,0.035799137517968864
15,201.668959450277,1.8800581357146653,353.471315914337,8.35505515965287,14.932835103417702,0.522747486788802,0.6955365134531242,0.0100988210921185,0.3967148615608358,0.2034068413264771,0.0,0.1271905689246923
19,191.1295269234189,2.267973465603269,499.2612365548239,10.215216210903415,10.051333629357185,2.0643554478149326,0.8349520437823812,0.040589252054755,0.6127123996118049,0.32665082583328,0.0,0.0759715224677596
10,206.3110930028005,3.1746435490143963,463.6204638980673,8.869097931741603,11.294173881939605,10.826178215297515,0.071242143281367,0.2476097833053695,0.0487173022763763,0.1481635427908729,0.0,0.04885170489204063
16,135.74342130826025,2.7145755452859417,339.1390760317515,7.499233935117293,10.45711958737953,9.53471553525003,0.5340535424600392,0.2004078708326254,0.3102296335171193,0.2553187521748724,0.0,0.08171217106996953
15,200.134148297204,2.153699920237095,341.9276475170972,8.987162205950753,13.229108119567757,1.0120636662841775,0.4218947289306944,0.0195517915589075,0.2406371279489511,0.1300944597539293,0.0,0.1265254040683538
10,171.2920385672755,3.024953502919281,420.9555631089804,9.307060807881198,12.474640210906715,24.192876220227475,0.2209321893764824,0.5533247947054536,0.1510793998704805,0.3522020972879671,0.0,0.023948684518924988
7,198.9935989687613,2.448146908289088,438.5677598750496,8.055369570868343,9.526840294857122,15.990176360544524,0.2741324023805473,0.4807013184650592,0.236437416964986,0.3585693677150227,0.0,0.1880365012668184
4,180.54276320786428,3.2647683512123233,446.0771407646813,7.72391724720558,11.112574899238298,7.926599211326447,0.2471130917776882,0.1407800958441261,0.2627517496438313,0.2017659227439787,0.0,0.12436485684640122
13,150.76811946363964,2.7308734888065884,438.55619940942705,7.434738765870634,14.778658553795378,31.82416237218311,0.1821845921914766,0.6887869321515935,0.1132580293803997,0.4010224807659965,0.0,0.08323688286522317
19,190.65788838019571,2.167051072548268,452.79652753407305,7.943616849709689,17.370410072812327,2.5359939910381115,0.935874436837382,0.0498625851572912,0.6867722238661091,0.3683174045117002,0.0,0.08939520726952585
9,180.58975234160687,2.796972415754889,461.66989911392574,8.150539167858176,29.64574965066688,20.65293894511322,0.1166761991284754,0.4482752379312258,0.0734717085086444,0.2608734732199351,0.0,0.057216354383112115
6,164.76287311681125,2.157180803715498,412.74008798468833,10.639441501070484,15.77483135412187,18.611719874598464,0.0682492602273678,0.4282252440185611,0.0410470910804309,0.234636167549496,0.0,0.22071110662788201
6,181.55321875486757,2.102034559908053,399.2610122717353,8.411147885023333,16.890737618807677,1.821374236542141,0.1233955040348129,0.0419068432228489,0.0742136468023075,0.0580602450125782,0.0,0.09028276381462072
17,169.01768030002745,2.8033852449764947,410.83368700848496,9.081631750622645,18.802593460413117,3.2986156646494464,0.576578746992519,0.0669036094657153,0.3659598381091117,0.2164317237874135,0.0,0.09435522113817824
8,199.4652146737768,3.197360207415884,381.9825683285076,7.205026583562484,21.35952208912339,8.156508522347565,0.14886331538084,0.1735139828758804,0.1391216575542063,0.1563178202150433,0.0,0.0516294966323362
1,175.73354905712154,2.1831212913312568,377.2109892299039,8.191578265229808,24.7699294650725,16.69600208834231,0.5242095224062293,0.402366858298247,0.4282820422725496,0.4153244502853983,0.0,0.08216227165303087
9,195.2891062638423,1.974455697665616,411.5744617414592,6.521438564358167,24.608022102172164,5.953585022877775,0.9391929172177484,0.1292234848399532,0.5914154623019853,0.3603194735709692,0.0,0.04913065993867323
1,208.6510921618097,6.7517381616274115,862.9116447009715,7.0089418055204975,0.6640737984337901,16.22154101634584,4.044407347889925,0.3909325394766569,3.3043028878710423,1.8476177136738496,1.0,14.425512964934951
7,190.0299269078528,2.089434386719124,431.2783312645433,7.807468046263953,13.691209070333676,7.026504299636031,0.6328449239505112,0.2112328097499749,0.5458246375069146,0.3785287236284447,0.0,0.054129566872414124
15,197.03911979205247,1.8383230088520623,304.2517614128285,8.151655242059713,19.0408475871176,4.10709217143571,0.7372716403157271,0.0793438325317612,0.420519427899591,0.2499316302156761,0.0,0.11085622418888087
10,190.21643360832255,3.2217861794853686,442.3927310205871,10.470366042220776,13.930136464920295,5.268481179180441,0.0240995128103946,0.120497506800874,0.0164798979399104,0.0684887023703922,0.0,0.10809828347795776
5,296.3499820720159,3.750200991561473,886.1489010254109,16.22354437290239,2.38660938263671,99.92654549012248,0.9072476547399972,2.261391043774908,0.657490243926576,1.459440643850742,1.0,11.25926764988241
17,174.56624939220046,2.613780967177207,439.34877085912166,7.5385481350982895,22.043890381433982,2.2499534275235646,0.7661830247918067,0.0456342965457546,0.4863034185309594,0.265968857538357,0.0,0.09363216128016778
19,195.92739816247268,3.0775449902334167,400.806127254166,8.40484559433834,22.0931222465874,2.733515791238858,0.0253805191522333,0.0537462487691673,0.0186249724268133,0.0361856105979903,0.0,0.11622846307163553
10,289.3545437181612,2.137364332195275,403.47814221475113,6.4094821204535135,2.0446599162599868,93.86962893065822,1.1085213601004882,2.146929231742467,0.758036854205084,1.4524830429737756,1.0,6.265664801456242
2,171.82657853272096,1.4297530657237918,456.227207933522,7.661298435515375,12.706252818120817,7.1742514535733335,0.9917469250060196,0.1721177155175577,0.5640294852988599,0.3680736004082088,0.0,0.05476010624337099
10,184.00998578289528,2.992381528299255,407.744418636149,8.854505828789488,10.74522978981953,11.474929004607702,0.2535041639965083,0.2624476179655546,0.1733529960905606,0.2179003070280576,0.0,0.007071672940727415
12,195.54193518252308,2.224484834555096,407.38188012924945,9.043093507206798,10.41374606000631,12.77282401630788,1.0140649821943413,0.2591850042717428,0.6903823133382307,0.4747836588049868,0.0,0.052748070457530716
7,178.43491158899565,2.073840090119461,489.0478441015631,7.626498820252041,11.88580713285434,4.56851101922112,0.6484392205501743,0.1373399030032311,0.5592746170620198,0.3483072600326254,0.0,0.03793613271305819
17,161.81380798357716,3.460406796372946,402.1026419311219,7.940098240171526,16.45947153080174,10.502487981099732,0.0804428044039324,0.213014920724491,0.0510577884291805,0.1320363545768358,0.0,0.06709015262178285
1,72.99802379992333,2.2975244031361997,281.01358144948136,2.1114571666323063,1.2302484210289828,119.43152734554052,0.4098064106012864,2.8782512235872364,0.3348140752252316,1.606532649406234,1.0,3.6456147005504915
16,136.95676204447065,2.7369810133785086,363.3786259421431,7.436489051272879,10.871834590935457,8.321374799039631,0.5116480743674723,0.1749049564940237,0.2972143839166419,0.2360596702053328,0.0,0.08620955650297701
6,164.1799305133607,1.6091890084833729,374.433583655244,9.454113613586278,14.797878635985356,19.194662478049025,0.616241055459493,0.4416378002086063,0.3706253027018674,0.4061315514552368,0.0,0.09653410933887949
16,140.8210223191165,2.8173904518105877,285.47680543293905,7.47350269914514,8.568865859683127,4.4571145243937735,0.4312386359353932,0.0936830080130442,0.2505048526939971,0.1720939303535207,0.0,0.09029675599111639
13,188.28832157727496,2.585543824187848,418.36953145804296,8.274373211934039,13.771210481003248,5.696039741452211,0.3275142568102169,0.12328235675286,0.2036045906743079,0.163443473713584,0.0,0.03516502223572484
11,162.03114953226026,1.8973181366584375,436.6608536318781,12.319048436138862,13.258144554684694,18.26868269874609,1.0416206471860108,0.3604476704909193,0.5179887276634502,0.4392181990771847,0.0,0.21194568823389864
6,176.7671678468396,1.9684875821102377,372.0319499259236,9.390372154324051,18.543156031271568,6.607425144570101,0.2569424818326282,0.1520260493888909,0.154532685322597,0.1532793673557439,0.0,0.11601180957750944
10,192.86844950656635,3.0221910238222596,421.7536656462021,9.86901396479685,9.448898969539592,2.6164652809366373,0.2236946684735037,0.0598422073195974,0.1529684577090444,0.1064053325143209,0.0,0.05333885037914863
19,186.99967139198583,2.354774089549578,420.91425164243697,8.9257810325408,18.979960798857633,6.194210979247998,0.7481514198360721,0.1217902619353406,0.5490155454248038,0.3354029036800722,0.0,0.03863091629530402
2,154.54537393559897,1.538604571166194,499.8584954192761,7.128918569661561,16.503275015329848,10.106953143548653,0.8828954195636174,0.2424762635053925,0.5021231087418451,0.3722996861236188,0.0,0.02440306125021918
17,166.12111417141276,2.936281773409554,325.48039578930246,7.941584087214618,26.116280108987983,6.19518179326414,0.4436822185594598,0.1256527178075177,0.2816091882034253,0.2036309530054715,0.0,0.07559180016200247
11,166.70028946393478,2.3727231261998543,445.5028078864039,10.80063363313793,12.2081363482278,13.599542767071569,0.566215657644594,0.2683238628075265,0.2815740345381912,0.2749489486728589,0.0,0.09045598719378553
11,153.01073279488696,2.358363970322213,410.3143731051331,10.54321672632941,17.94844273090757,27.289099436119383,0.5805748135222353,0.5384237322277993,0.2887147156522555,0.4135692239400274,0.0,0.0619557296783852
6,254.02411988149208,5.935594495898503,285.9574473513102,70.98858573933565,9.041481315133472,70.64952689008237,3.710164431955637,1.6255301012558427,2.231400851152227,1.928465476204035,1.0,139.38565173732462
3,195.4302977552863,2.5510993200091394,268.60786775633767,8.71055094195714,22.522760241339057,4.28719688892474,0.6346036057710855,0.1296385518012997,0.4076584550663391,0.2686485034338194,0.0,0.10069682368143075
4,166.65459787527496,3.1636718614630324,419.9140844656424,10.117739766880469,9.316138588255612,21.81476454391577,0.1460166020283972,0.3874403841336123,0.1552573252352163,0.2713488546844143,0.0,0.15684895014728115
7,214.0482231871604,2.2493166884851052,425.372409520982,9.913932427508286,10.297039166841213,31.044800578943637,0.47296262218453,0.9332777971483768,0.407927190435012,0.6706024937916943,0.0,0.7021574207433402
12,356.1602773797981,0.2674367192239125,527.7317440623057,42.03528445141065,25.612037574343113,147.84551818096716,2.971113097525525,3.0000680516984546,2.0227539353746105,2.5114109935365327,1.0,41.01251316319187
16,322.8360886383765,9.206722247892374,601.7569883608019,9.76183077963971,9.870814986613178,177.55795179486623,5.958093160146394,3.732047478192328,3.461033230898148,3.596540354545238,1.0,25.359953954981588
10,203.93443574421667,3.0900755533813005,481.7627731190095,9.39896546002498,13.83612732898434,8.449520956713684,0.1558101389144628,0.1932523196569749,0.1065471824063632,0.149899751031669,0.0,0.06009863531799345
11,144.0978487247766,2.471978479232784,446.71202721706874,9.221606655972332,22.042342666124476,36.20198350622974,0.4669603046116641,0.7142781358213001,0.2322152260600672,0.4732466809406837,0.0,0.03492063498087628
8,202.48329623683696,3.109565222585845,403.66348410134486,7.496526449257596,22.31642480394649,5.138426959287415,0.236658300210879,0.1093101202530401,0.2211713135305872,0.1652407168918137,0.0,0.06225911516036897
0,185.19294929030315,2.4214903249917863,436.44688570735786,7.462256504349324,14.890702511851172,13.707409581783908,0.8712689744680882,0.2708407389770045,0.544530519570792,0.4076856292738983,0.0,0.06811295411776777
9,241.4251065949169,5.825761654853746,543.6310920128572,2.397994398374858,10.39998517043124,40.18241530819682,2.912113039970382,0.8721655465502329,1.8337752002131225,1.3529703733816776,1.0,4.2171619237536175
18,150.50085513669018,2.0042606334172426,375.4909898129853,6.779847688230633,16.930811465178103,32.70914410509903,0.5902362988480716,0.673489861733972,0.3563231836616763,0.5149065226978242,0.0,0.2380398941207267
11,180.30311415597885,2.611847656725764,482.6804016264743,10.393136905491996,16.436952770502547,0.003281924972498,0.3270911271186842,6.475355834737228e-05,0.1626595221820278,0.0813621378701875,0.0,0.11191387025400168
16,137.9646095152223,2.6788792403656334,338.3399062118623,6.63026888095544,10.157823207919543,7.313527328287989,0.5697498473803475,0.1537212552088981,0.3309654787328098,0.2423433669708539,0.0,0.06911030038104991
17,302.09377338158845,5.02890488709176,385.8036013719598,2.3734931789125433,37.03133084905941,129.77747741691155,1.6489408951227462,2.632189545328395,1.046597964594147,1.839393754961271,1.0,8.336194149736965
13,180.46931876025403,2.467905126090968,417.8916621800474,7.405531228258377,14.319385589283478,2.1229630755687197,0.4451529549070971,0.0459483962779875,0.2767366100457669,0.1613425031618772,0.0,0.025574816258943492
9,397.38011705669,4.216603823382269,951.809450933336,5.754917737292578,3.806884840297419,196.1374257699699,1.302955208498905,4.257193198407018,0.8204787779660198,2.538835988186519,1.0,28.460350636947737
17,180.3541319269973,2.6475247692994097,392.5621586606099,7.931933369489364,28.70566097168289,8.0378359623204,0.7324392226696039,0.1630260366297375,0.4648859167131419,0.3139559766714397,0.0,0.055941029747649224
14,179.23675625637745,2.728904107125694,330.9125078274551,8.002641788755975,14.110455647393858,19.90965474020294,0.4602858691621652,0.3715110133881187,0.3298272175315636,0.3506691154598411,0.0,0.04964609675750531
12,200.845076736654,3.024566624999024,399.94531290240553,7.488878812360905,7.558261910590002,7.469682462176962,0.2139831917504131,0.1515741294482759,0.1456812073487383,0.1486276683985071,0.0,0.07277156272817425
1,214.76292368020705,3.417959380165765,367.6905004661321,7.752246898382549,12.737108077192074,22.333372534743205,0.7106285664282788,0.5382251927414073,0.5805874191870666,0.5594063059642369,0.0,0.16279881539933017
10,88.45208980927403,9.26798964220083,207.9178939490758,5.011387159416857,0.5982192150833193,107.03282497822896,6.022103949905066,2.4479898697744185,4.118077376035613,3.2830336229050157,1.0,30.05670910928644
7,214.40986896010725,2.667457094059225,475.5912235453832,8.869989039117781,10.741408937795285,31.40644635189048,0.0548222166104102,0.9441496972421004,0.0472838058365191,0.4957167515393098,0.0,0.8071317420756404
9,200.60910128920497,3.0731062388163286,432.4248419696819,6.90745610137617,20.997654284069732,0.6335899975151165,0.1594576239329641,0.0137521690080886,0.1004114305453452,0.0570817997767169,0.0,0.07483141398299256
12,200.5135038013182,3.129784498947129,362.8872250996269,7.880220271656726,8.633430022267992,7.801255397512762,0.1087653178023084,0.1583023778412453,0.074048165584851,0.1161752717130481,0.0,0.06342577566921144
19,205.64956839835773,2.668388457844906,396.2746517357999,9.295997614126174,18.782203260061113,12.455686027123903,0.4345370515407438,0.2449030665745826,0.3188760858212369,0.2818895761979098,0.0,0.1650023707814359
13,187.6286411341657,2.352452301894334,448.3059549649819,8.52522542740778,13.416651257949386,5.036359298342944,0.5606057791037311,0.109004549114259,0.3485097451809797,0.2287571471476194,0.0,0.03347130452832263
19,178.97165349493272,2.573898924834413,443.76580397887994,9.148916891497532,12.961732611732405,14.222228876301102,0.5290265845512372,0.279636742428067,0.3882152879229419,0.3339260151755044,0.0,0.04817797584477421
0,189.41932465385975,2.3250472665000212,415.4757775157451,8.080153094168374,17.37844022077845,9.481034218227308,0.9677120329598532,0.1873330112892684,0.6048060375663437,0.396069524427806,0.0,0.1062897245186273
18,165.30678308929316,2.308360748142109,290.0607542479834,7.264717462137756,33.335014808297586,17.903216152496043,0.2861361841232051,0.3686319193310322,0.1727392169654208,0.2706855681482265,0.0,0.103252760112552
5,290.45674327613494,5.053971342530993,857.8306010639006,2.611521655449049,51.91814021209723,94.03330669424152,2.211018005709517,2.1280239052786674,1.6023439248422369,1.865183915060452,1.0,6.787208945947632
7,95.38764237848235,6.277585006736926,738.7557724841628,11.638272826337294,5.667993118948497,87.61578022973441,3.55530569606729,2.6339309914493003,3.0664280763575364,2.850179533903418,1.0,16.47044708039133
17,149.96005806873018,3.2084877628027915,370.5539444011909,8.602620402380905,22.97347293060144,22.35623789594672,0.1714762291662221,0.453436581091359,0.1088375410862062,0.2811370610887826,0.0,0.048348536412869576
4,180.06955193375046,2.547483191841631,397.4214937565648,9.780419155259818,12.458631293951502,8.39981048544027,0.4701720675930039,0.1491845485921687,0.4999271082928264,0.3245558284424976,0.0,0.21391234409456142
2,275.2521933187837,6.538224294834675,454.2186677256716,5.711383092538176,32.0240108370355,110.5998662396361,4.116724304104864,2.6534052279742895,2.341276621903799,2.497340924939044,1.0,8.69719240835728
13,192.82341775196784,2.8252926483526792,415.1407288585988,7.84285912229297,12.23096552185966,10.231135916145092,0.0877654326453858,0.2214378068365837,0.0545608156516741,0.1379993112441289,0.0,0.09917401565148459
4,191.23325817756788,2.738647990656144,411.2383652035267,10.010653165351629,10.9354043742098,2.7638957583771457,0.279007268778491,0.0490880766636358,0.2966643632982715,0.1728762199809537,0.0,0.1916608017582716
15,191.62209199880616,1.694030035348258,374.7235384084837,8.824489025608187,17.78782850794708,9.52411996468203,0.8815646138195314,0.1839939665210807,0.5028201639509141,0.3434070652359974,0.0,0.11383201134511953
8,213.13891470413063,3.2522511688819473,364.16937055635753,6.857647827556709,14.332365931343332,5.517191508006249,0.0939723539147765,0.1173676052958528,0.0878227762659174,0.1025951907808851,0.0,0.09674878105658595
6,173.39385030233737,1.6050713642570908,386.8629909343816,8.801062906764763,15.052278615168262,9.980742689072343,0.6203586996857751,0.2296405706894233,0.373101773758549,0.3013711722239862,0.0,0.09606473676071281
15,201.0330132421487,1.7956903621168094,392.5527349202867,8.390601432601434,16.808464567028864,0.1131987213394722,0.77990428705098,0.0021868562997525,0.4448359148422823,0.2235113855710174,0.0,0.11127951556678255
11,171.79728888333065,2.490278540312318,451.8644845085022,11.34562888231801,14.565159000715347,8.502543347675697,0.4486602435321303,0.1677582337739175,0.2231147676730721,0.1954365007234948,0.0,0.13982435477811228
18,177.09218597970093,2.46031023293381,360.9818600470594,8.026122430278189,21.86831187087288,6.117813262088276,0.1341866993315044,0.1259673807042778,0.0810079488573799,0.1034876647808288,0.0,0.09335815313593158
4,180.2381599802642,3.454686012454974,406.3776200556376,8.20023689299665,11.267939774535408,8.231202438926545,0.437030753020339,0.1461899911135497,0.4646884314310667,0.3054392112723082,0.0,0.3288987822762741
12,200.20494509931805,2.413316135022181,437.9618068672849,8.595625939462037,10.215021752047267,8.109814099512903,0.8252336817272563,0.1645636234666357,0.561824684057873,0.3631941537622544,0.0,0.027319885450981598
8,67.70058633848011,5.346411810609307,695.712355991678,5.702470303594262,2.048010930630515,139.92113685764429,2.0001882878125827,2.9765522439132277,1.86929539563924,2.422923819776234,1.0,5.550961860738131
12,205.16601729686093,2.7030329006648635,382.38594591345174,8.887385787765906,11.256259109662372,3.148741901970027,0.5355169160845739,0.0638939894788139,0.3645835462715639,0.2142387678751889,0.0,0.015059828303879315
6,175.81149103347448,1.5851313331273411,415.72698460135666,9.653340044974286,13.746642513692056,7.563101957935231,0.6402987308155248,0.1740146103259543,0.3850942887133302,0.2795544495196423,0.0,0.08103070419139868
0,205.97349414025788,2.714875453872016,435.2064675638326,8.183407664947469,13.475270848198308,7.07313526817083,0.5778838455878583,0.1397560327854731,0.3611690533128807,0.2504625430491769,0.0,0.05165175820008574
15,197.99263328390455,1.8888502963157352,425.75132300290227,7.93208238739544,16.160102967605777,3.1535786795836316,0.6867443528520543,0.0609231563802836,0.3917000554245521,0.2263116059024178,0.0,0.1662035676001138
11,374.4176467510524,0.9609735005337372,136.7594476168792,4.797437604578043,2.684429929987217,194.11781452004607,1.977965283310711,3.8300141941455617,0.983624626904718,2.4068194105251397,1.0,24.392610245648186
12,196.94997849495735,2.730098902086238,432.0740419366326,10.007391163419932,9.475059414182333,11.364780703873606,0.5084509146631992,0.2306131151200463,0.3461568290471214,0.2883849720835839,0.0,0.04510671942419887
1,364.3190013042498,4.146468293871155,148.90315288534515,4.425097015610967,3.4284285421711194,171.88945015878596,1.4391374801336685,4.142465823198201,1.1757831797358709,2.6591245014670357,1.0,18.57619566116659
18,158.06621309185604,2.4479479148930285,385.9035783518699,7.3636804563394,25.532734572123488,25.143786149933163,0.1465490173722856,0.5177171558869127,0.0884710285261943,0.3030940922065535,0.0,0.1461188306914938
3,196.65621974005143,2.4004328180297723,352.3739852225375,8.36179963204419,21.25362028894757,5.513118873689876,0.7852701077504527,0.1667086362513254,0.5044440277744052,0.3355763320128653,0.0,0.07118478487530772
12,192.64861587294817,3.140048750955771,423.1558486533963,8.937256021241854,10.10627846543866,15.666143325882786,0.0985010657936662,0.3178959813159921,0.0670601932449729,0.1924780872804825,0.0,0.04178368724174028
0,312.8048737270241,6.7579327151626805,383.3692619244747,2.2043563137995683,9.30048491629891,113.90451485493702,3.465173415702806,2.250606344843273,2.165683314509733,2.208144829676503,1.0,7.7728193216029675
12,203.6216532909615,2.8612610894168515,370.49229016529966,9.363667739779787,13.160801353490264,4.693105907869466,0.3772887273325858,0.0952320859682914,0.2568607228785944,0.1760464044234429,0.0,0.014085724364804868
17,161.46447788444362,2.964055826211284,435.5848876020086,8.584722636865289,21.444573250384902,10.851818080233272,0.4159081657577297,0.2201001488635303,0.2639807412307051,0.2420404450471177,0.0,0.06756966695298335
16,144.44377797977148,2.916082237611426,305.8394186958269,7.240770347157406,8.62875910753456,0.8343588637387995,0.332546850134555,0.0175371863768808,0.1931751767234739,0.1053561815501774,0.0,0.10118027732903669
9,148.2102846332706,0.6902115209121243,426.20091806633445,2.043576708296807,3.271666221480088,53.0324066534495,2.22343709397124,1.151076598532513,1.400111790371937,1.2755941944522249,1.0,1.1628762083581412
18,180.34769635340072,2.3288868107981733,361.9807770304819,7.350138595483395,19.427708292030815,2.862302888388484,0.2656101214671409,0.058935567691635,0.1603477188350586,0.1096416432633468,0.0,0.12638161689493982
18,168.36386332246985,1.883343737145582,417.37443285450433,8.48022930528842,25.727781314360563,14.846135919319352,0.7111531951197323,0.3056858349903275,0.4293202079417726,0.3675030214660501,0.0,0.054553360210466334
0,180.2063300274741,9.511010754681806,136.64579789625586,3.8822337965713767,8.200418930793203,18.694028844612944,6.218251455221932,0.3693699058544865,3.886317308384601,2.127843607119544,1.0,34.729082653472176
10,203.26258898179265,3.0127311881031207,417.8795855170879,8.979591786331557,13.103619459693851,7.777674194289659,0.2331545041926426,0.1778862479047878,0.1594373489437454,0.1686617984242666,0.0,0.03203767695672814
6,174.2308026788299,1.5800459530591051,375.60983687761234,7.629876279795335,14.34222212848332,9.143790312579824,0.6453841108837608,0.2103836649294899,0.3881527842654298,0.2992682245974598,0.0,0.14903109998868153
1,191.44109949781736,2.2350979067252488,346.92207977989904,9.254272964771133,13.246344181482964,0.9884516476464852,0.4722329070122373,0.0238212826003982,0.3858168636753109,0.2048190731378546,0.0,0.16476422249126157
5,196.61842213363585,2.5016483740408044,444.8121493119923,7.334077291216932,14.627868119454725,0.1949855517424339,0.3413049627806712,0.0044126270773508,0.2473466666566641,0.1258796468670075,0.0,0.014247755003121315
14,170.65258348373507,2.804223702490815,394.1980894572553,8.987761565999062,14.649776740653088,28.49382751284531,0.384966273797044,0.5316903217426422,0.2758554268917584,0.4037728743172003,0.0,0.03970751535491585
11,180.49594140653255,2.537168127606091,465.8528191786491,9.39306960716661,11.462193995255932,0.1961091755262032,0.4017706562383574,0.0038693044619558,0.1997969909675299,0.1018331477147429,0.0,0.0515286957724379
4,176.97001800440503,3.396836006919078,435.3459945007564,8.939810538515266,9.78642979924299,11.499344414785696,0.3791807474844431,0.204233715581949,0.4031773635142904,0.3037055395481197,0.0,0.3000064092960162
16,127.99270194397933,2.358389742509159,323.1886336784576,7.566980490502202,8.353109206113702,17.285434899530955,0.890239345236822,0.3633183592970312,0.5171365862365845,0.4402274727668078,0.0,0.06959432456514873
11,252.94035161670377,0.161219844144877,708.2634654735293,3.8441509790339192,14.343511143036617,72.64051938569742,2.777718939699571,1.433223534919802,1.3813350409947331,1.4072792879572678,1.0,5.892984391080836
2,151.0348271827824,1.6842050394429282,468.720599419646,7.2192184471625,13.02876165067209,13.617499896365215,0.7372949512868832,0.3266979124429156,0.4193167444257663,0.3730073284343409,0.0,0.06509230818617241
18,187.41812558850992,1.7868279934760891,375.52401218337695,7.332304937258055,21.437739466119712,4.208126346720718,0.8076689387892251,0.0866464259139757,0.487586358507074,0.2871163922105249,0.0,0.13856422996242074
16,147.60729151621905,2.8992781878834815,261.15574070221436,6.976460718648856,7.814367736411016,2.3291546727087677,0.3493508998624994,0.0489559365532958,0.2029365840997647,0.1259462603265303,0.0,0.09967935221950065
8,200.1761908591228,3.2713855605415043,348.05780931969264,7.434173200924132,25.397711777102515,7.445532337001566,0.0748379622552195,0.1583893361828394,0.0699405446552705,0.114164940419055,0.0,0.04557621458117533
8,220.3593009272022,3.506320114189323,426.11892320061014,7.589011866986997,16.933154996485143,12.737577731077836,0.1600965913925991,0.270967392267779,0.1496198247790978,0.2102936085234384,0.0,0.17145852591262944
8,206.2568025917926,3.0946674838687565,347.21907191584694,8.001991166623856,19.09580654429516,1.364920604331786,0.2515560389279674,0.0290360525852546,0.2350941399759639,0.1320650962806092,0.0,0.02581326109515303
17,163.55199610441912,2.9246477505560047,402.0001281953758,7.469944437493471,17.76694748018025,8.764299860257779,0.4553162414130089,0.1777604167029944,0.2889934095994627,0.2333769131512285,0.0,0.05580194410599614
9,197.7674399220211,2.7182883849205695,424.3830216999327,8.352321814737836,21.92973701195174,3.475251364698977,0.195360229962795,0.0754308690168217,0.1230195187812316,0.0992251938990266,0.0,0.030814204447463463
11,148.8925936315236,8.12576734634216,746.5023592299596,7.308964849428117,7.794458492962344,31.407238599482753,5.186828562497712,0.6196760968711259,2.579363931537776,1.599520014204451,1.0,19.0785225476364
19,185.31664619461523,2.5399238522132688,445.7641807537777,11.13598227924768,16.572656585438537,7.877236176618595,0.5630016571723813,0.1548818179572875,0.4131471968004681,0.2840145073788778,0.0,0.032361458577489954
6,180.955758657997,1.5259109546334058,340.58468763227535,9.245039369708431,18.246484074062565,2.4188343334127183,0.6995191093094602,0.0556534232002823,0.4207111475885771,0.2381822853944297,0.0,0.12077173646803666
1,196.0920799514112,2.328200346025039,361.35447425283246,8.360255374817156,21.441081390420397,3.662528805947346,0.3791304677124469,0.0882654542853007,0.3097516623778603,0.1990085583315805,0.0,0.055555797643600725
7,176.04321459147,2.867486784490599,476.89935454222143,8.007724613002765,10.791098012405778,6.960208016746776,0.1452074738209638,0.2092397916696469,0.1252405032608279,0.1672401474652374,0.0,0.023122771230358708
18,180.8603397634022,1.9634189267641156,330.06039684027127,7.257955100226601,21.463639178551567,2.3496594783869966,0.6310780055011986,0.0483801053349507,0.3809791510584976,0.2146796281967242,0.0,0.1298333130244732
6,189.3874392199374,0.9500357453732666,408.39405895040977,9.351394221619053,12.916217150473924,6.012846228527678,1.2753943185695993,0.1383457606715618,0.7670592557836661,0.4527025082276139,0.0,0.36165378487961275
13,185.36854649713263,2.7289134727639532,447.7730887747494,7.962197778951227,12.622174923528917,2.776264661309881,0.1841446082341118,0.0600881429820751,0.1144765053880168,0.087282324185046,0.0,0.03284336164750467
10,195.43465218484187,2.8703049739236977,407.0818135231007,8.25192344286854,13.53258408961403,0.050262602661121,0.3755807183720656,0.0011495757695636,0.256832242031888,0.1289909089007258,0.0,0.017171260047323108
14,190.44783410262065,3.116129092951824,333.61959120126454,7.586087679175755,17.31966533842523,8.69857689395974,0.0730608833360353,0.1623140711920008,0.0523532645157803,0.1073336678538906,0.0,0.04695604565693259
5,183.3750167477021,1.9537339879454072,471.1437709380747,7.532349324013317,12.693273080910814,13.04841983419132,0.8892193488760685,0.2952927032924587,0.6444249743079353,0.469858838800197,0.0,0.01783090118626698
13,181.87308876847624,2.516449117772318,462.59866846486824,7.743761874759845,13.205944911116749,0.7191930673465095,0.3966089632257472,0.0155658703814083,0.2465584442088349,0.1310621572951216,0.0,0.0336977241751196
19,162.72820136069302,5.189398886630805,613.9300172240936,3.0995105429824683,0.6174387223297437,30.46568101054081,2.086473377245155,0.599014673982377,1.5311156122293716,1.0650651431058744,1.0,3.10661765663791
19,192.41859110037868,2.8526765578522357,476.0137978214662,8.82216710926984,11.193509467111898,0.7752912708551492,0.2502489515334143,0.0152437376237215,0.1836400506306684,0.0994418941271949,0.0,0.0839627352044021
11,156.2072011831448,2.861645606510482,428.41486485930767,9.379894193115438,11.395306661872514,24.092631047861545,0.0772931773339662,0.4753562629775679,0.0384372129070679,0.2568967379423179,0.0,0.08331841489365817
15,198.4284387761044,2.340324436273364,357.7724920538224,6.653500131450046,21.096515017556833,2.7177731873837843,0.2352702128944255,0.0525039447954998,0.1341916464951925,0.0933477956453461,0.0,0.23439482518058438
13,192.5258718871642,1.4923938787106916,471.2034126235367,8.458553929668923,16.091636425916665,9.93359005134144,1.4206642022873734,0.2149978666114283,0.8831791208404565,0.5490884937259424,0.0,0.11023657674421693
7,171.9922099912806,2.6852693525081546,425.4414354125698,6.600974215096002,15.848214669223047,11.011212616936175,0.0370099581614806,0.3310222666412208,0.0319208485888337,0.1814715576150272,0.0,0.06673052229538379
14,327.9470966062953,4.4743517101015335,817.3172505918542,2.304904056345242,5.405665052069646,128.80068560971492,1.2851617338136745,2.4034004537168547,0.9209088245819356,1.662154639149395,1.0,11.964667470250753
17,175.96719384584893,2.4971617826896506,360.8832243987257,6.707915552057118,17.998448719826918,3.650897881172028,0.882802209279363,0.0740487134220588,0.5603226884018908,0.3171857009119748,0.0,0.07189741238511045
0,177.32240109182428,2.6838930305186346,485.58299905615576,8.481242256452916,10.714813994892388,21.57795778026278,0.6088662689412399,0.4263526230796703,0.3805326202257032,0.4034426216526867,0.0,0.05473262070544555
6,192.0612027848516,1.4451180765424134,384.8127229146584,9.310988441756225,18.627870718800157,8.686609793441875,0.7803119874004525,0.1998646886775649,0.4693023354579114,0.3345835120677382,0.0,0.17862253799306904
3,198.13410341751305,2.769076963988876,295.9847021412307,9.39938554397906,30.94805092673403,6.991002551151496,0.416625961791349,0.2113976730837242,0.2676333610144253,0.2395155170490748,0.0,0.11653408321600243
3,191.97335684123203,2.434621172223402,261.948058135705,8.782538952403392,22.252203176518503,0.8302559748704823,0.7510817535568228,0.0251057240885386,0.4824820163312125,0.2537938702098755,0.0,0.1788024980084885
19,183.8794404393254,2.6295996648707347,550.9656592013339,9.553310390422416,13.779788336802572,9.31444193190842,0.4733258445149153,0.1831400845836815,0.3473404444610302,0.2652402645223559,0.0,0.15276509861602652
2,234.24093132763963,2.075470264198537,378.6382429196147,10.07579225676236,6.254603333340626,69.588604248492,0.3460297265312744,1.6695026187491897,0.1967951335491716,0.9331488761491806,1.0,2.398058107998489
18,184.70451829269672,2.1879662132502404,360.10261468763315,6.860449140090364,26.498160856105436,1.4945190509075132,0.4065307190150737,0.0307725394990564,0.2454208938664544,0.1380967166827554,0.0,0.1912673513465977
4,155.49623652360793,3.225082828465973,421.1799559071019,8.065525999630413,12.220275559335288,32.9731258955828,0.207427569031338,0.5856180816140687,0.2205547115908475,0.4030863966024581,0.0,0.08507651820490963
10,180.1990919826028,3.576708246825034,413.7086970477484,9.516187370300974,11.154618842798715,15.285822804900192,0.3308225545292709,0.3496080700960083,0.2262254003952845,0.2879167352456464,0.0,0.13571868232613607
8,210.76746311373375,3.6219359381822542,450.2688213042037,7.165136802599195,15.889127538785436,3.145739917609376,0.2757124153855304,0.0669195478311041,0.2576697162667504,0.1622946320489272,0.0,0.16286298902090687
8,199.1424332832808,1.697536848044993,103.84641055754363,2.2901776814457255,3.251852223338337,8.47928991284357,1.6486866747517308,0.1803805342329624,1.5407961484143793,0.8605883413236708,1.0,1.151187165608656
13,184.16389244511015,2.4493248207176346,352.42340343816113,7.670876780502644,11.216518869042003,1.5716106092874045,0.4637332602804305,0.0340151874996139,0.2882873605596089,0.1611512740296114,0.0,0.031352156698266076
5,173.60486435615636,2.74822093554093,401.228494054545,7.1008238322001125,11.69210030737666,22.818572225737057,0.0947324012805457,0.516396465122607,0.0686533928197878,0.2925249289711974,0.0,0.07135909300154746
13,173.7748033081811,2.4187070923051603,463.2906532472448,7.353490720400218,14.957070997803614,8.81747852764164,0.4943509886929047,0.1908412832155307,0.3073213718466695,0.2490813275311001,0.0,0.027964963277818278
9,212.50849892302875,2.549315388479351,459.30247428279847,6.799448173030884,21.17746306615039,11.265807636308663,0.3643332264040135,0.2445260992672732,0.2294228369651845,0.2369744681162288,0.0,0.2113280954696833
5,180.58397132377007,2.810702836887685,410.94301286223896,8.209491974711751,14.029821150287653,15.83946525812334,0.0322504999337907,0.3584555504967854,0.0233722170098074,0.1909138837532964,0.0,0.021243679582329422
14,193.83191217820993,2.807191179507214,335.78529350767684,8.1973770448006,15.057100633994956,5.314498818370453,0.3819987967806453,0.0991677087034529,0.2737290207755132,0.186448364739483,0.0,0.0291508484921897
2,147.99779004519874,2.0778670252848643,483.07647566482046,7.161537569003584,23.09606130800824,16.654537033948884,0.343632965444947,0.3995595757740112,0.1954320399132651,0.2974958078436381,0.0,0.03998755621267066
19,193.49307621786787,3.396728797723885,457.36595172424114,9.183225844941642,18.097141649968428,0.29919384663404,0.2938032883382351,0.0058827342292796,0.2156015056817778,0.1107421199555287,0.0,0.12577343654427067
16,120.20191834301544,2.789674437645632,292.78748859285247,7.185905363308611,8.76719774034383,25.076218500494846,0.4589546501003489,0.5270709482247894,0.2666049779311458,0.3968379630779676,0.0,0.05447005848661062
1,121.79887416870253,0.3513249210374141,809.9202811045299,4.845339199564455,7.87248628476073,70.63067697676132,2.356005892700072,1.7021705821695574,1.924869679398555,1.813520130784056,1.0,2.5724467547958594
2,161.93583619917615,1.9555362573956612,476.43421645334865,7.288201746202232,17.578460502138558,2.7164908799714738,0.4659637333341502,0.0651714269440738,0.2650043857497221,0.165087906346898,0.0,0.044459562798738354
10,182.07545312192553,3.147811055490433,440.5191277707583,8.881176959499424,15.504773043087212,13.409461665577451,0.0980746368053302,0.30669307591516,0.0670660862633078,0.1868795810892339,0.0,0.022590636632943153
4,166.7677057439779,2.6106264715376737,381.55174623732427,8.499892135065757,11.08815084693278,21.70165667521283,0.4070287878969614,0.3854315356763859,0.4327877790932596,0.4091096573848227,0.0,0.12016784978680185
12,193.1656894673333,3.00409298647223,393.4140466610934,9.071386863125609,7.192673849301071,15.14906973149766,0.2344568302772072,0.3074035701155869,0.1596197992306833,0.2335116846731351,0.0,0.025086525590181288
12,203.55867053419385,2.814674045005757,417.7466888104729,9.084198643741388,7.878058268544512,4.756088664637105,0.4238757717436803,0.0965101264439939,0.2885774984865292,0.1925438124652616,0.0,0.01719630403977029
8,215.3756439480246,2.8486667772063643,351.7246460306082,6.95174340557101,26.1782434726057,7.753920751900211,0.4975567455903595,0.1649497047517234,0.4649964902146513,0.3149730974831873,0.0,0.11099135710646992
14,178.09023059212586,3.0076106971675776,313.0980028293716,7.003059557136,13.84837271940589,21.056180404454523,0.1815792791202817,0.3929050012276713,0.1301143319968609,0.2615096666122661,0.0,0.07799719247786446
16,135.82195430298347,2.75653814927605,312.5437584994422,7.429904452969449,7.806757567969203,9.456182540526813,0.4920909384699308,0.1987572048841339,0.2858537194518186,0.2423054621679762,0.0,0.06252082474191009
11,172.62572864013953,2.3041441306513257,379.8415671859921,8.665283322958178,16.544749083459298,7.674103590866821,0.6347946531931226,0.1514128198539352,0.3156777619792584,0.2335452909165968,0.0,0.06910290567246148
7,197.004074741441,1.7690702707168486,484.8378515579367,7.857966926121963,11.498108280315892,14.000652133224236,0.9532090399527866,0.420891664235675,0.8221366072634098,0.6215141357495424,0.0,0.21677110032306057
10,216.22764313810893,3.278407348532138,422.1756418418212,10.0667768260636,11.247206294909192,20.742728350605944,0.0325216562363745,0.4744151047502903,0.0222391871499217,0.248327145950106,0.0,0.1348623516173745
9,323.84903427447574,1.4858750295454524,200.7999252055941,2.4900559252991403,5.061157471625612,122.60634298775564,1.427773585337912,2.6611896602598684,0.8990776650410063,1.7801336626504374,1.0,13.12623284946384
19,252.5048720075324,8.308899621504185,205.9757158535408,3.143828787096419,4.77982423152154,59.310989636298586,5.205974112118535,1.1661696683644514,3.820297122818292,2.4932333955913717,1.0,21.95095753132658
4,197.89194990918065,1.055691254934864,907.7502454323878,53.097686524865736,4.353148456029047,9.422587489989922,1.961964004499771,0.1673495448142463,2.0861277369484874,1.1267386408813669,1.0,83.91025788406428
