user_id,typing_speed,click_rate,mouse_speed,typing_consistency,activity_ratio,typing_dev,click_dev,typing_z,click_z,drift_score,label
15,195.5550614380215,1.821896320059251,395.97701747022177,7.987493908186405,20.164682863949242,5.591150525466674,0.7536983291085384,0.10801396521798047,0.4298887585447783,0.2689513618813794,0.0
4,177.84572520600054,3.087701747921151,437.7273769071494,8.233950570024387,10.505403702746175,10.623637213190193,0.07004648848651573,0.1886807475958994,0.07447941051539327,0.13158007905564634,0.0
10,206.50464623694504,2.794889978214943,387.6793974115692,9.718798164461452,12.5658923216015,11.019731449442048,0.4509957140808205,0.2520366155088946,0.30840305353323083,0.2802198345210627,0.0
15,210.56924186912985,1.4833237027735895,372.8704690739633,9.561327166424478,15.23152642855424,9.42302990564167,1.0922709463942,0.18204103428086751,0.6230012499766511,0.4025211421287593,0.0
0,200.1479095812564,3.3537789991621683,893.3189736203848,65.27223747105296,5.430281848206297,1.24755070916936,0.06101969970229382,0.024649993419014932,0.03813643060483013,0.03139321201192253,1.0
14,363.6898507650526,7.469977461591782,290.5411052014778,5.984866051927164,4.967588291019923,164.5434397684722,4.2807874853039225,3.0703546019466983,3.0674854904665616,3.06892004620663,1.0
13,177.75107415830675,2.1456617991484443,480.8425242350983,7.976779960120772,21.19319150071836,4.841207677515996,0.7673962818496207,0.10478078087672338,0.47706444101917866,0.290922610947951,0.0
8,220.85185386848573,3.2466512775518668,410.1904155813255,6.7011414944615835,16.71419563272567,13.230130672361355,0.09957224524485708,0.2814455058362468,0.09305620910980601,0.1872508574730264,0.0
15,200.88191308228977,1.8931928499217925,362.1738141093204,8.057091393606797,20.770252293209033,0.26429888119841394,0.682401799245997,0.005105920513297902,0.38922318250799653,0.1971645515106472,0.0
10,184.87170644211653,2.9349080323063697,427.43149331575415,9.911489528751593,11.678483576607864,10.613208345386454,0.31097765998939364,0.2427388655825541,0.21265492537288488,0.22769689547771949,0.0
9,183.51557464262405,2.5196443461597653,397.77202865661513,6.584985192108048,28.83575335588639,17.727116644096043,0.39400426872359917,0.3847698118212388,0.24810687183035707,0.31643834182579794,0.0
3,209.03206709598632,0.4804208547270175,192.6605507761896,4.252805170680796,7.191736603347005,17.88896622962477,2.7052820710532073,0.5409361257053347,1.7378267308522517,1.139381428278793,1.0
6,166.42005935162103,2.089052156104799,405.0064878144269,8.871123887632208,17.734066720458358,16.95453363978868,0.13637790783806691,0.3900960982670092,0.08202164222350058,0.2360588702452549,0.0
5,180.2433331358942,2.8518580694475753,500.3374619806167,7.383717587917797,21.157333890462485,16.180103445999208,0.008904732626099587,0.3661643744479381,0.006453336964660484,0.1863088557062993,0.0
14,183.13769033392143,2.3924855288405116,301.86998408483197,7.696270056869571,15.156236967818915,16.00872066265896,0.7967044474473477,0.298720199523215,0.5708948040809857,0.43480750180210037,0.0
17,169.4907634400413,2.379480950030892,433.0045042862536,7.551592478297996,18.963714521181465,2.825532524635605,1.0004830419381214,0.05730838138761674,0.6350157961395291,0.3461620887635729,0.0
1,192.91733134521215,2.0747248654834514,394.93228726428185,9.212059885470216,17.088754110523272,0.48778019974830045,0.6326059482540347,0.011755304382110416,0.5168425140931421,0.2642989092376262,0.0
8,213.40081535547552,2.9830571530625303,433.4120910102636,7.150307490748103,21.4313324630037,5.779092159351137,0.3631663697341936,0.12293903638160861,0.3394006588937468,0.23116984763767773,0.0
1,187.09585779140627,2.7587870647140287,342.5920693287932,8.484992843067845,17.1412748347304,5.333693354057573,0.051456250976542606,0.1285398400552946,0.042040038026712245,0.08528993904100342,0.0
14,169.74909741817643,3.108878481177424,420.17861975616546,7.160995852286401,15.420378990628638,29.397313578403953,0.08031149511043534,0.5485492290505602,0.05754883810856736,0.3030490335795638,0.0
15,201.05654354429072,1.8659886820562168,376.78990482255,8.447432892138423,14.125557314848653,0.08966841919746571,0.7096059671115726,0.0017322805866575991,0.40473969023968864,0.20323598541317311,0.0
3,188.92222122951904,2.762769944380066,305.0716016027599,8.150546534650429,22.64564019297663,2.220879636842511,0.4229329814001588,0.06715614591646851,0.2716848820685429,0.1694205139925057,0.0
18,174.16063204201575,1.8760098001796384,369.921079516929,6.768392096442907,17.957784353271702,9.049367199773457,0.7184871320856758,0.18632884567607105,0.43374767499789774,0.3100382603369844,0.0
17,166.9687330040165,2.5079643664245803,402.2388427476807,7.343754350879171,16.295158602728122,5.347562960660383,0.8719996255444333,0.1084610334412416,0.5534661890678176,0.3309636112545296,0.0
17,170.0503953319271,3.319639438505357,354.983286018513,7.27744413457431,18.029908070061676,2.265900632749805,0.06032455346365673,0.045957743015120546,0.038288549369390315,0.042123146192255434,0.0
17,150.75713260282075,2.5183986503459024,405.0258474634395,8.04849613636446,23.65893117454282,21.55916336185615,0.8615653416231113,0.43727005283668596,0.5468434530156316,0.4920567529261588,0.0
7,179.06170757498734,2.759680857989834,509.1291477701328,8.12664849116584,8.62707212250292,3.9417150332294284,0.03740154732019896,0.118496980318634,0.0322585916954305,0.07537778600703225,0.0
0,174.1688518061842,2.9383617266411086,435.5173827142689,8.823808014371336,12.952010452332077,24.73150706590286,0.3543975728187658,0.48866269077168784,0.22149336211523554,0.3550780264434617,0.0
5,198.42811037886068,2.627041279994064,471.8964894112826,6.9714997963572145,14.22691470445931,2.0046737969672677,0.21591205682741155,0.045366837689792126,0.15647334018276082,0.10092008893627648,0.0
6,163.99522268075356,1.8271954501371,373.84129389958554,9.140335028158471,13.723423769361087,19.379370310656157,0.39823461380576597,0.44588762543826066,0.23950988493953904,0.34269875518889986,0.0
19,179.73442904535707,2.3504553459866315,461.6245153810084,8.479160584314238,13.683503475618927,13.459453325876751,0.7524701633990185,0.26463908826431853,0.552184766641119,0.4084119274527188,0.0
7,204.48243246575433,2.4148038919413057,464.0491945017776,7.531212081514784,9.291806293912686,21.479009857537562,0.3074754187283295,0.6457082226634495,0.2651955520509183,0.4554518873571839,0.0
3,199.7622701927017,2.9006823492102116,294.428120041511,8.640975932179419,24.29119719312309,8.619169326340142,0.28502057657001334,0.2606310505784041,0.18309232227804476,0.2218616864282244,0.0
15,198.21840487486568,1.845337428940051,422.0666309819486,8.423696528906737,15.050217297683366,2.927807088622501,0.7302572202277384,0.056561534445369224,0.41651859596580715,0.23654006520558818,0.0
17,169.81542980456177,2.6969630960269457,454.2419094544614,7.874100034910728,22.28299245064724,2.500866160115123,0.6830008959420679,0.05072339123816861,0.4335069556606125,0.24211517344939054,0.0
0,167.85401105637075,2.597688106568505,458.7363268766149,8.202444998781736,13.570735509637675,31.046347815716302,0.6950711928913695,0.6134358016207612,0.43440945206948883,0.523922626845125,0.0
15,385.6584615905381,5.3869575207261,687.7392023860658,4.763042762021754,4.015681535169553,184.5122496270499,2.8113628715583108,3.564543580561895,1.603523914007565,2.58403374728473,1.0
3,208.9214821545249,2.2603594321075504,363.4495753044265,8.27546030203762,20.236868958640898,17.77838128816336,0.9253434936726745,0.5375921991179825,0.5944247646969149,0.5660084819074487,0.0
19,183.6761047399756,2.526020504357607,449.6362252929627,8.875016664609369,12.223794274340896,9.517777631258213,0.5769050050280429,0.18713806078558728,0.4233498829196488,0.30524397185261803,0.0
16,396.2258391972051,7.234101277570779,758.9981219406229,4.205411780772498,0.7166209953837208,250.94770235369484,3.985472189824798,5.27460882635809,2.315145352555232,3.7948770894566612,1.0
0,176.8736030056095,2.8363842906207624,475.39536671361657,8.81487101982934,16.580168836602503,22.026755866477544,0.4563750088391121,0.4352202945821989,0.2852277860967132,0.36022404033945604,0.0
1,188.1731378269833,2.655968150734591,335.99196775037336,7.993136122084971,14.923849077509386,4.256413318480554,0.05136266300289494,0.10257782944167554,0.041963576141201296,0.07227070279143842,0.0
18,152.7443737756513,1.6971982338273603,403.12248382899224,7.248917014373359,24.163522238502576,30.465625466137908,0.8972986984379538,0.6272952241397719,0.5416954693347132,0.5844953467372426,0.0
12,138.49309024160124,2.76933708679511,178.958560444906,3.1533889676991707,13.910050152547528,69.82166895722972,0.4692127299543274,1.4168150711099246,0.31944320693595757,0.8681291390229411,1.0
3,175.20718756170743,3.146791458747659,265.8535764474809,7.125653142446971,31.58952987444986,15.935913304654122,0.038911467032566094,0.48187866710375654,0.024996057996844474,0.2534373625503005,0.0
13,372.01401839106626,1.984779684340644,576.3943163760348,4.8429560106831575,8.010533097206746,189.4217365552435,0.9282783966574211,4.099753365975656,0.5770794371640346,2.3384164015698454,1.0
12,198.60872466574816,3.2946268380604073,321.9289431128711,8.307626254496318,12.003284168683615,9.7060345330828,0.05607702131097003,0.19695398595540403,0.03817761620563017,0.1175658010805171,0.0
4,182.6932186284133,3.172533630424692,425.92930985587026,8.034352041310465,10.205571397947162,5.776143790777439,0.15487837099005697,0.10258700544782884,0.16467991504162863,0.13363346024472872,0.0
17,173.22772235369402,2.7722071125945846,406.1672560210516,7.822248611129313,15.794786772293147,0.911426389017123,0.607756879374429,0.018485850243492693,0.3857488857258396,0.20211736798466615,0.0
11,181.25521349042177,1.570766683400747,483.9311511698715,9.999946344024798,13.646194123729641,0.9553812594154181,1.3681721004437013,0.01885001535499899,0.6803798748114724,0.3496149450832357,0.0
19,189.28332245023088,2.4535185426623496,423.2252260732246,9.10802290426994,15.540515807236881,3.9105599210029425,0.6494069667233004,0.07688923071693861,0.47655395764186437,0.2767215941794015,0.0
10,177.5126613634065,3.0781882066879604,456.1037879651116,9.799584319140406,15.288940955203396,17.972253424096493,0.16769748560780284,0.41105048220633084,0.11467607122763754,0.2628632767169842,0.0
19,182.74845183548663,3.558096131711678,443.85526272067955,9.399078055105244,13.780761268784808,10.445430535747192,0.4551706223260279,0.2053775251178966,0.3340176077356458,0.26969756642677123,0.0
13,185.14291121917935,2.2062570619657387,469.6532871253276,8.341072475007175,14.615416423791094,2.5506293833566076,0.7068010190323264,0.05520460106606069,0.4393944055133153,0.247299503289688,0.0
10,194.4220376336229,2.287005637494536,453.09136596654054,8.329440199999947,18.546414269637697,1.0628771538800947,0.9588800548012273,0.024309481750503927,0.6557080868839821,0.340008784317243,0.0
19,162.8822374523865,2.966259092457137,431.43803642973467,10.252951257695953,11.005915313791515,30.31164491884732,0.136666416928513,0.5959860241643943,0.10028984165759053,0.3481379329109924,0.0
3,183.21643648730335,2.6473070901344715,282.1636741827942,9.538307501494181,43.15627014829484,7.926664379058195,0.5383958356457534,0.2396907157146644,0.34585623620403755,0.292773475959351,0.0
18,159.97802556629244,1.8196330458503291,384.3185743888343,7.747110962977275,21.603324425120604,23.23197367549676,0.774863886414985,0.478352435277524,0.4677820856675513,0.47306726047253767,0.0
11,177.13562971964504,2.257554086192569,409.1066157455093,9.880001997014045,12.382988238333422,3.16420251136131,0.6813846976518794,0.06243085191139609,0.33884657868443013,0.2006387152979131,0.0
9,200.3463370524715,2.454486816577505,482.70878569234304,6.872023073669175,26.311069489042488,0.8963542342485766,0.45916179830585957,0.01945550745568428,0.289136962426125,0.15429623494090466,0.0
12,200.95113345827892,2.7677543707188055,425.1544290618615,9.207107589842154,12.924294778246002,7.363625740552038,0.47079544603063184,0.14942203592437656,0.32052073076855475,0.23497138334646567,0.0
3,345.5249789588656,9.027443722140694,750.5620802854113,2.5337745401281255,4.8099790401124745,154.38187809250402,5.841740796360469,4.668281774503864,3.7526339376037936,4.210457856053829,1.0
3,175.3240800770308,2.712731674824647,298.47226809834194,9.535269323617797,21.70608190688844,15.81902078933075,0.4729712509555779,0.47834400872543936,0.30382860686879776,0.39108630779711856,0.0
6,115.9892120122379,2.0727763310213283,746.0968010468569,7.311079619548947,3.8027483079562105,67.38538097917181,0.1526537329215376,1.5504274407478482,0.09181039703761486,0.8211189188927316,1.0
12,203.16925864203924,2.921771432049433,369.85063216228485,9.435200996677628,9.02714764821786,5.145500556791717,0.3167783847000045,0.10441203778346726,0.2156648714676004,0.16003845462553384,0.0
5,187.88115547959413,2.370121350202945,436.57317018046297,7.245403981159022,12.802286554389651,8.542281102299285,0.47283198661853065,0.19331637938045934,0.3426654415625898,0.26799091047152457,0.0
19,198.29434132447545,2.209756995505215,477.9379586410392,7.658695517001004,13.911319819222419,5.100458953241628,0.8931685138804348,0.10028496510481563,0.6554333598829127,0.3778591624938642,0.0
15,208.36189760761243,1.819792266185818,348.8021062115193,7.653203589780386,21.348529700599354,7.21568564412425,0.7558023829819716,0.1393979315416954,0.4310888528963624,0.2852433922190289,0.0
9,287.14103181432154,4.258108942527063,432.6025105094892,2.28091475242676,27.273319574147035,85.89834052760145,1.3444603276436982,1.8644367825925856,0.846614802606872,1.3555257925997288,1.0
12,193.73538359456657,2.7537409565266713,380.2780791302353,8.24624202720789,8.40831837832341,14.579375604264385,0.48480886022276604,0.295843387761863,0.3300611581352482,0.3129522729485556,0.0
0,182.84432458557063,2.323221348166783,434.40547117028706,8.224457975179885,12.142274328694251,16.05603428651642,0.9695379512930913,0.3172465348215189,0.6059472101408624,0.46159687248119063,0.0
2,160.41721268830727,2.184974539475474,449.47459401706993,6.709127613445242,15.020778947533563,4.2351143908403515,0.23652545125433733,0.10160477627863278,0.13451751164265494,0.11806114396064385,0.0
11,174.71620411676153,2.640751226447673,459.07510375156414,8.729385010715049,14.12014927410354,5.583628114244817,0.2981875573967754,0.11016698794627863,0.14828603280695615,0.1292265103766174,0.0
0,86.09335409257642,7.936632532885901,185.84209795019407,6.006955486701278,0.6008419583991546,112.80700477951063,4.643873233426026,2.2289209608843508,2.9023536688680602,2.5656373148762057,1.0
6,175.53845366840923,1.6745637851282968,411.87239227207743,9.64770096610123,16.85401013076389,7.836139323000481,0.5508662788145691,0.18029675367804873,0.33130700969228294,0.2558018816851658,0.0
9,222.0783386082992,2.304289639167541,404.4081530646813,8.816156347275738,20.841918744742216,20.835647321579103,0.6093589757158235,0.4522409515349864,0.38371703376813715,0.4179789926515618,0.0
7,184.81116313949724,2.1907285185272753,427.1547094270152,8.71319590695771,9.466060140373685,1.8077405312804729,0.5315507921423599,0.05434482004672886,0.45845910657933236,0.2564019633130306,0.0
9,201.18779809068485,2.049444932395724,443.67185298688247,7.188959909847878,18.39873869982771,0.05489319603523768,0.8642036824876405,0.001191465320209259,0.5441942874905737,0.2726928764053915,0.0
4,169.32902803167858,2.8541774666651167,424.0995958714656,8.810160668277641,11.397295115864061,19.140334387512155,0.16347779276951835,0.3399412582526259,0.17382355491203857,0.25688240658233225,0.0
13,180.5890645009784,2.261016370070307,409.62455991222487,7.009199936996388,15.637947170795014,2.0032173348443507,0.6520417109277581,0.04335667680310667,0.40535238663808953,0.2243545317205981,0.0
19,323.18263096495764,6.190627476309449,212.7583172316562,2.2856266253192525,418.89057895344183,129.9887485937238,3.087701966923799,2.5558321782896005,2.265846638172984,2.4108394082312925,1.0
4,350.4195868796923,6.023739094547812,226.06367055227872,6.7587941119754955,9.566000663896357,161.95022446050157,3.006083835113177,2.876311456361861,3.196325138299862,3.036318297330862,1.0
5,186.0667110372083,2.327849678453722,446.18879012547075,7.796703368886289,16.209023675143996,10.356725544685105,0.5151036583677535,0.2343782252724905,0.3733000887004166,0.30383915698645353,0.0
15,198.6263947801482,1.8672573746693983,385.6260392681529,8.012252985111399,23.575686904820333,2.5198171833399954,0.7083372744983911,0.04867968486222042,0.40401606293232734,0.22634787389727387,0.0
18,159.13146064544443,1.5408526297378404,384.96246537701813,9.384752926803243,22.97240390559754,24.07853859634477,1.0536443025274738,0.49578342918120966,0.6360806562664738,0.5659320427238417,0.0
18,160.65966230582976,2.503722824006763,346.624440397049,7.804909918109724,27.99234865736389,22.55033693595945,0.09077410825855114,0.4643173559129064,0.054799949294650686,0.25955865260377853,0.0
17,165.04516681819229,2.7781531912054116,363.93383665487545,8.79008518543865,27.14748865042378,7.271129146484611,0.601810800763602,0.14747543643975417,0.38197485489804267,0.26472514566889843,0.0
16,108.390396732592,5.053021047909697,57.93696896353164,3.134811355295565,21.99824992711774,36.88774011091829,1.804391960163716,0.775334453149211,1.0481642981793564,0.9117493756642837,1.0
19,199.72124927780197,2.5144319586054893,411.48146600612773,8.463315813477353,20.661259198153385,6.527366906568147,0.5884935507801607,0.12834075687159135,0.43185389908281174,0.28009732797720155,0.0
0,186.2942294712861,2.2120615910618393,467.34400658022713,8.960025433895487,16.713719678453064,12.606129400800967,1.0806977083980351,0.24908086259346604,0.6754204521195197,0.4622506573564929,0.0
1,176.92061776008663,2.772148401888686,362.49651903867465,8.49013020932673,12.679827087838218,15.508933385377219,0.06481758815119987,0.3737589854632441,0.052956323458513,0.21335765446087854,0.0
2,177.44830415718152,2.1707178971778585,485.5778996523708,7.306935170377212,15.827101939806514,12.7959770780339,0.2507820935519529,0.30698873000740107,0.14262559487887497,0.22480716244313803,0.0
19,168.17745096795028,2.3719303732768102,444.7485509319201,11.366898754374143,15.684614859686443,25.016431403283548,0.7309951361088398,0.4918718047384421,0.5364257591619735,0.5141487819502079,0.0
4,168.72462011356652,2.8736540368019075,444.3545172887994,8.952837187501036,9.32375126112399,19.744742305624214,0.14400122263272763,0.3506758245366358,0.1531144016911868,0.25189511311391133,0.0
10,189.22895883604343,2.8674346049326926,372.0838722423212,8.786242511151364,14.134473728303348,6.255955951459555,0.37845108736307065,0.14308243100229326,0.2587950778947459,0.20093875444851955,0.0
14,183.31576990969927,2.42983070159027,356.0042467384829,7.16136443586966,10.885185498173508,15.830641086881116,0.7593592746975895,0.2953972627609134,0.5441343596669325,0.4197658112139229,0.0
16,138.18826130753547,2.2404886258066243,341.03243411281346,7.300044338021614,11.534301507477482,7.089875535974812,1.0081404619393566,0.14902037248830957,0.585624888097485,0.3673226302928973,0.0
13,171.52175262155168,2.4318987309772453,469.38162239718537,8.345348721506602,13.536615437840048,11.070529214271062,0.4811593500208198,0.23960523345800383,0.2991205740606067,0.26936290375930527,0.0
12,111.17344970622683,1.1637604710261904,920.0236307812067,2.7585430986359087,14.27331632426906,97.14130949260412,2.074789345723247,1.9711827770943593,1.4125306497522032,1.6918567134232814,1.0
14,185.69563948959612,3.081693443458386,296.5304760702853,7.170142294994365,16.809803499748806,13.450771506984267,0.10749653282947325,0.2509892722208413,0.07702883076113759,0.16400905149098943,0.0
4,152.2763806616642,3.0426542963153103,125.02070408128718,2.2848819025196008,9.364732318372338,36.192981757526525,0.024999036880675174,0.6428042221976614,0.026581111638218517,0.33469266691794,1.0
14,189.74290616112395,2.713410449410493,346.34070312976013,7.751397083152297,13.677991697158223,9.403504835456431,0.47577952687736635,0.17546791526053776,0.34092951363918284,0.2581987144498603,0.0
17,159.5454401832228,2.864035587331274,380.7369395543034,7.477085526353719,23.604699869865172,12.770855781454088,0.5159284046377395,0.25902270364564556,0.3274645075316472,0.29324360558864637,0.0
9,186.6243566670462,2.6955053116730907,423.5239440736775,7.153736124977655,12.771153155427925,14.618334619673902,0.21814330321027375,0.3172932165832571,0.1373661578479248,0.22732968721559094,0.0
0,184.4396753392756,2.749696718989899,423.5490308949614,8.669212168192775,14.001543514571885,14.460683532811458,0.5430625804699756,0.28572446097649545,0.3394062657669006,0.31256536337169805,0.0
8,211.48397612685883,3.328677883635468,378.3439907882714,6.576750658879959,21.043877870512283,3.8622529307344564,0.017545639161256066,0.08216197985322485,0.016397447529078155,0.0492797136911515,0.0
16,131.09340304561243,2.9374279269770023,296.83743315996094,7.940842603778744,9.810214646868639,14.184733797897849,0.31120116076897864,0.2981454756835326,0.18077554847917948,0.23946051208135605,0.0
5,201.07254345310616,2.454429764348209,441.0544764922444,7.5950088011320664,18.014559879893355,4.6491068712127515,0.38852357247326674,0.10521176919052135,0.28156640262672367,0.1933890859086225,0.0
17,145.3698394558691,2.5142119760480433,454.60078373649975,8.941964801543897,29.672231246827867,26.946456508807785,0.8657520159209704,0.5465369070033053,0.5495007737307152,0.5480188403670102,0.0
10,192.8329998299964,2.7836112641333317,405.843664577228,9.349160384662683,11.892367164209585,2.651914957506591,0.4622744281624316,0.06065299082594402,0.31611574293159117,0.18838436687876758,0.0
7,71.89769477680805,4.649882166414868,869.0928249752793,3.4955245223415106,12.353423626720136,111.10572783140871,1.9276028557452332,3.340092607694005,1.6625449461244515,2.5013187769092284,1.0
1,194.6983144054138,2.5876701839922545,361.34137381432913,7.982685280998781,16.559757181563143,2.2687632599499636,0.11966062974523162,0.05467627161869816,0.09776338791341689,0.07621982976605753,0.0
2,165.97014991724697,1.9253568400988004,509.32302446272735,7.889709659312919,20.662986567985254,1.317822838099346,0.496143150631011,0.03161593342780724,0.28216812054473,0.1568920269862686,0.0
16,138.40510233965347,0.6460502469576761,728.6681839354278,3.86279754371058,218.52730284934324,6.873034503856815,2.602578840788305,0.14446264348262955,1.5118279643984927,0.8281453039405611,1.0
2,157.1574375904172,1.9001063744175104,487.6145829117864,7.616826625411098,14.397715718430655,7.494889488730422,0.521393616312301,0.17981015374284312,0.2965286462017045,0.23816939997227382,0.0
5,194.38143975737935,2.425882504433943,427.81921362319525,7.425281188804396,14.43815747758484,2.041996824514058,0.4170708323875325,0.04621147771819398,0.3022548494762722,0.17423316359723307,0.0
4,180.8148988736834,2.8305145749842593,407.76689471056545,8.63559173774005,10.63113338033124,7.654463545507326,0.1871406844503758,0.13594683960204476,0.19898396282911976,0.16746540121558226,0.0
16,132.51820668997436,2.937544044914272,371.14607089108574,7.514455317819176,10.017921791351815,12.759930153535919,0.3110850428317091,0.2681978738211083,0.18070809601934196,0.22445298492022514,0.0
8,203.17082181210532,2.6764920969198984,388.9804201192555,7.186857228722211,20.856615646539556,4.450901384019062,0.6697314258768254,0.0946843400473317,0.6259040103047329,0.3602941751760323,0.0
1,198.05835949044203,3.0837126775041104,368.0125301878828,7.96642861065508,14.120790105690245,5.628808344978182,0.3763818637666243,0.1356519912819857,0.3075060379452635,0.22157901461362461,0.0
17,149.16914130293824,2.5008314322459104,379.3182008544467,7.382566366909095,28.936636152445075,23.147154661738654,0.8791325597231032,0.46947821546104657,0.5579935280495003,0.5137358717552735,0.0
6,193.1857029271799,2.184646381435611,362.41707067656085,9.2457785428879,16.82341473365133,9.81110993577019,0.04078368250725495,0.22573759838671337,0.024528493420935004,0.12513304590382418,0.0
7,187.95779187976208,2.2831693535947077,485.1987417464408,6.75173616665742,12.363785420211888,4.954369271545318,0.4391099570749275,0.1489396856729545,0.3787294866014316,0.263834586137193,0.0
2,151.00983193640542,1.599825593689624,451.9321915439919,8.051238193693548,16.668954221299636,13.642495142742206,0.8216743970401874,0.32729757426590106,0.4673052928729928,0.3973014335694469,0.0
13,179.74457593854996,2.660369667969762,478.60691086270094,8.383049751330123,14.320836954736489,2.847705897272789,0.25268841302830314,0.06163438288534506,0.15708788192564313,0.1093611324054941,0.0
11,147.543010574984,3.4152950723561517,63.486802748137514,19.813610419593218,1.4397069637028181,32.75682165602234,0.4763562885117034,0.6463038552533489,0.2368877656825066,0.44159581046792773,1.0
5,189.8000052752516,2.432256557850092,456.762138583799,7.388517465479315,15.762790126276364,6.623431306641805,0.41069677897138357,0.1498917846347312,0.2976355176835812,0.2237636511591562,0.0
10,212.39493063850367,2.966557350049004,351.97064966886705,9.35659037995178,9.88193392386507,16.91001585100068,0.2793283422467594,0.3867556285596926,0.19101226685235917,0.2888839477060259,0.0
6,179.03604905421977,1.852588328849916,446.2152301733629,8.612399514017405,12.37903007474826,4.3385439371899395,0.3728417350929498,0.09982280244417731,0.22423786877633176,0.16203033561025454,0.0
12,190.6100592667425,2.4341144724192914,407.3286272334887,8.092496832336979,9.114541109836637,17.70469993208846,0.804435344330146,0.3592621899173956,0.5476650349841667,0.45346361245078115,0.0
13,190.79114478923972,7.828752539409837,873.4804114040647,5.182607922869626,4.296432216290778,8.198862953416977,4.915694458411773,0.1774522639361469,3.0559218027105763,1.6166870333233616,1.0
10,205.58709568147663,3.295566156405566,401.4078027285027,9.259352501868763,13.89342085984462,10.102180893973639,0.049680464109802536,0.23105095559335528,0.03397284354162506,0.13251189956749018,0.0
6,176.7956601980202,1.5364879908649791,359.7415113301092,9.831384167992319,14.417165876200915,6.5789327933895265,0.6889420730778868,0.15137048697342512,0.41434981021858885,0.282860148596007,0.0
2,136.48613190355127,2.651060596261015,873.6799213163262,3.5443630561389603,4.676589004458772,28.166195175596357,0.2295606055312036,0.6757361656219439,0.13055644229184124,0.4031463039568926,1.0
3,207.29431585758437,3.2563826361505854,284.3852228450658,8.845209839727952,24.685493081202047,16.151214991222815,0.07067971037036047,0.48838907461950354,0.0454034317991426,0.2668962532093231,0.0
7,173.70577366849517,2.2434364709326022,438.39538991727727,8.43577899885989,10.782880662909356,9.297648939721597,0.478842839737033,0.2795086184901361,0.41299883989064984,0.346253729190393,0.0
14,157.84300581424364,3.2382265123379153,346.9319863139173,7.549734232281674,14.05394249889716,41.303405182336746,0.04903653605005598,0.7707150182109884,0.0351381289897431,0.40292657360036577,0.0
6,181.23458501436303,1.706843100430913,359.3542625068424,9.29400427062701,21.507959173344787,2.140007977046679,0.5185869635119529,0.049238084623399285,0.3118932901761097,0.1805656873997545,0.0
9,185.66771359892329,2.536695881857734,430.850197274781,7.722274951448823,18.89030221352441,15.574977687796803,0.3769527330256306,0.33805730251396776,0.23736941663569142,0.2877133595748296,0.0
1,206.40361808968444,2.437193534204111,353.80746383319786,9.173317434883282,13.712527664347066,13.974066944220596,0.2701372795333752,0.3367693286239691,0.22070363247397912,0.2787364805489741,0.0
17,162.88389526352228,2.490452160658696,428.59652606530926,7.775439787733523,20.789210614729488,9.43240070115462,0.8895118313103176,0.19131105802871806,0.5645813472668408,0.37794620264777945,0.0
3,181.91631271195843,2.3107280316545955,264.9079395020447,7.928861521859025,39.41184184684405,9.226788154403124,0.8749748941256295,0.27900455358237836,0.5620688415844795,0.42053669758342893,0.0
10,186.2343068450904,3.658505910009529,398.7898340150515,9.447775943149288,11.019719651233059,9.250607942412586,0.41262021771376567,0.21157429542653836,0.2821608523527287,0.24686757388963354,0.0
5,184.57594822237607,2.2158843896351987,445.72717173295473,8.175991595554965,14.077535124580036,11.847488359517342,0.6270689471862769,0.2681149832212332,0.4544423045793848,0.361278643900309,0.0
15,209.14170855900457,2.078480437927379,330.02813959184226,7.3421721489978,14.004302343157473,7.995496595516386,0.49711421124041033,0.15446289403852248,0.2835402479634948,0.21900157100100864,0.0
14,173.49033870898046,3.0179004754930343,339.9717647523719,7.514503307618233,16.338205923279958,25.656072287599926,0.17128950079482497,0.4787382573680895,0.12274098169114846,0.300739619529619,0.0
2,355.1242483072706,8.695897803542968,466.68464823011095,8.199892165930997,3.6464265121847967,190.47192122812297,6.274397812813156,4.569618470188408,3.5683956054613595,4.069007037824884,1.0
2,155.037181450178,1.9362980838902737,458.6249076830115,7.3697819205064174,13.3408500853464,9.615145628969628,0.4852019068395377,0.23067729236094683,0.27594558135793434,0.2533114368594406,0.0
12,222.45829031043297,2.9831210185100456,343.4360212036903,8.106973107146318,7.5975589049589685,14.143531111602016,0.2554287982393917,0.28699927023951377,0.17389765716998196,0.23044846370474786,0.0
2,163.3538570556945,2.3405713254791065,485.3761002913804,6.85414285606059,11.057593735411361,1.2984700234531203,0.08092866525070486,0.031151639380226286,0.04602600951548373,0.03858882444785501,0.0
10,330.3285525395006,1.3201498355122594,557.8312581984932,3.23815056193101,3.1113470309910363,134.84363775199762,1.925735856783504,3.0840619154690607,1.316870205165708,2.2004660603173845,1.0
5,368.4801003490372,6.477077292611567,99.7372691780988,10.891227693341287,16.674439966850297,172.05666376714376,3.6341239557900917,3.893734107953026,2.6336811494283827,3.263707628690704,1.0
17,153.8845847883033,2.582701581284056,463.6245255286077,7.195811140707459,22.850808332884032,18.431711176373597,0.7972624106849575,0.37383803743623184,0.5060297908423128,0.4399339141392723,0.0
14,194.57477135485672,2.8815600447665997,368.50228141560905,7.337221377363884,17.46909153510903,4.571639641723664,0.3076299315212596,0.08530607377698517,0.2204384951633939,0.15287228447018952,0.0
3,176.95730337265505,3.4634353350962854,323.490557355009,8.336566065816847,30.036623866695948,14.185797493706502,0.27773240931606047,0.4289577294622128,0.17841052883093464,0.3036841291465737,0.0
12,191.8604320784804,3.5486035386911277,371.5410525221671,7.965442223079752,9.271124591182277,16.45432712035057,0.31005372194169034,0.3338897364851879,0.21108667548112797,0.2724882059831579,0.0
4,175.7299336663388,3.3524931655273567,424.25892189277255,7.451525134585955,12.272029030414785,12.739428752851921,0.33483790609272157,0.22625819131402636,0.356028266410461,0.29114322886224364,0.0
0,183.59988949100537,2.7982410242793003,477.7447300473681,8.739661784982696,17.307909348265156,15.300469381081683,0.4945182751805741,0.30231754651690274,0.3090667764059041,0.30569216146140343,0.0
6,173.03059416048947,1.3679483235771726,378.42676162671165,11.370369800937922,17.461709865565535,10.343998830920242,0.8574817403656934,0.2379985005869371,0.5157144704475944,0.3768564855172658,0.0
6,178.3044179136038,2.324232077716053,394.918433772944,7.674031544232701,20.930772730440353,5.070175077805914,0.09880201377318709,0.11665643876757018,0.059422406114985886,0.08803942244127803,0.0
9,172.47824874974992,6.951300475093474,176.35930896196234,10.137152461798172,70.2348266658287,28.764442536970165,4.03765186021011,0.6243366794666466,2.542533805082987,1.5834352422748168,1.0
2,162.75201226353255,1.4720860243246003,543.6662275078102,7.176950125378409,12.702557750283326,1.9003148156150758,0.949413966405211,0.04559051866866553,0.5399537495957751,0.2927721341322203,0.0
7,205.12271458236856,2.2978268815080245,460.99075251608065,7.690415312038856,9.504689700024148,22.119291974151793,0.42445242916161074,0.6649565693174309,0.36608746395536035,0.5155220166363956,0.0
4,88.75220766421049,5.452914918784613,95.73569417943578,2.472711644797934,0.24230409122772983,99.71715475498024,2.4352596593499776,1.771023137343727,2.5893761100561035,2.1801996236999153,1.0
14,364.50891869913954,3.386806950965024,652.0941205099232,7.513482065078816,2.8411539242496784,165.36250770255916,0.19761697467716477,3.085638280252375,0.1416064695043051,1.61362237487834,1.0
16,132.62821143830925,2.7603142244872827,257.2227288270467,7.270205447496701,9.73714674509407,12.649925405201031,0.4883148632586982,0.2658857107247087,0.28366021199277686,0.27477296135874274,0.0
2,160.97789904320967,2.3492928213540973,452.3299157605164,7.675388181047633,15.146945407012746,3.67442803593795,0.07220716937571403,0.08815333048638899,0.041065892468105596,0.0646096114772473,0.0
3,194.2817413695422,2.520912106852477,336.23546677992806,9.138900512605172,27.961986393842782,3.1386405031806532,0.6647908189277478,0.094907889700231,0.4270502022393646,0.26097904596979776,0.0
10,218.30682113290527,2.6652528301652185,387.4176644866378,9.153898948643208,11.484404839308995,22.821906345402283,0.5806328621305448,0.5219688030643788,0.39705243768837556,0.45951062037637713,0.0
0,203.24284045024245,3.260162331793367,516.8944295906638,9.071514049052777,12.82612061036945,4.3424815781554,0.03259696766650766,0.08580183678064247,0.02037263377903726,0.05308723527983987,0.0
11,164.536627339402,1.826531353409182,393.9377291148671,9.57803077731202,17.171840911893245,15.763204891604346,1.1124074304352662,0.3110136935620342,0.5531903683852688,0.4321020309736515,0.0
11,178.09561028543067,2.0865862351364752,411.5379511177254,9.859690496747648,17.4725355374716,2.204221945575682,0.8523525487079731,0.043490090589960784,0.42386737764722704,0.2336787341185939,0.0
12,181.30832458871407,3.2343168554654356,369.8530630615774,9.181742844270511,8.954472420454664,27.006434610116884,0.004232961284001746,0.5480121593197222,0.0028818287336937493,0.275446994026708,0.0
5,172.53089506674644,2.5696581032711205,418.50199172865297,6.99603401607912,14.014737303471305,23.892541515146974,0.2732952335503551,0.540700963196154,0.19805942603675236,0.3693801946164532,0.0
8,128.5114955987342,7.625593204922574,712.3055075310814,2.640476760518176,39.17794655941778,79.11022759739018,4.27936968212585,1.682917468795803,3.9993265092978847,2.8411219890468438,1.0
6,160.13911315835804,2.007794935938745,347.2664804431987,8.699795614023948,15.802888515401605,23.23547983305167,0.2176351280041211,0.5346104007817587,0.13089209892862952,0.3327512498551941,0.0
3,184.6674809748379,2.7854778585405473,269.333541624562,8.366980529608929,18.781162017074813,6.47561989152365,0.40022506723967766,0.19581325665763066,0.25709770809055577,0.22645548237409321,0.0
13,277.5892748827815,3.7305468950786103,215.7735620780574,5.498801928521512,160.97687652386978,94.99699304695878,0.8174888140805452,2.0560694304914193,0.5082052823982669,1.282137356444843,1.0
10,178.39681338566382,3.2301594266193288,417.5670797795309,9.183903365253729,14.076902333070043,17.088101401839168,0.015726265676434537,0.39082869329001707,0.010754045335380068,0.20079136931269856,0.0
0,173.32767528181557,2.91988647123624,438.3091093255963,8.914550159073078,14.32805834543843,25.57268359027148,0.37287282822363466,0.505283254278659,0.23304012978357605,0.36916169203111754,0.0
8,203.5647470820788,2.877620181450601,407.04436660807886,6.622679013189534,19.746423304649966,4.056976114045568,0.4686033413461228,0.08630433990863452,0.43793780500405943,0.26212107245634697,0.0
13,173.11837282987952,2.5308058087759537,530.3810501456381,8.512133024272591,10.669509408071672,9.473909005943227,0.38225227222211133,0.20504875017200158,0.2376333725991229,0.22134106138556225,0.0
12,377.6617974582768,4.111451711495764,679.7167982529324,2.7523431920738677,0.55062551822658,169.34703825944584,0.872901894746327,3.436374976954312,0.5942775265824152,2.0153262517683634,1.0
13,173.238788514034,2.5067018512634007,446.9975328179504,7.41962405960902,16.624952883828126,9.353493321788733,0.40635622973466434,0.2024425307623053,0.25261799174447536,0.22753026125339032,0.0
3,177.61984668717994,2.532639337929219,298.62886545577834,7.203146722921209,22.717166594413833,13.523254179181606,0.653063587851006,0.40892339046963555,0.4195168304471548,0.4142201104583952,0.0
3,198.45683685923493,2.4367633951330108,336.3893195970902,7.8003995346435095,23.839518992882432,7.313735992873376,0.7489395306472142,0.22115665945329294,0.48110588913338853,0.35113127429334073,0.0
9,176.8280759748538,2.360922567509429,412.7164961063504,7.720638203285485,24.082860791427514,24.4146153118663,0.5527260473739353,0.5299230059708201,0.3480549361492007,0.4389889710600104,0.0
18,173.47753097668203,1.877161247692807,290.9241818165799,7.607194159536397,16.901933224354508,9.732468265107173,0.7173356845725072,0.2003940758931532,0.4330525509526428,0.316723313422898,0.0
15,132.82159601450311,6.95647072076806,358.2813167105,2.262760575566706,7.503381564445576,68.32461594898507,4.38087607160027,1.3199452701248038,2.4987309949144882,1.909338132519646,1.0
9,207.09966949159863,1.9124058646951083,472.0207128315829,6.797159564329623,21.622437613139393,5.856978204878544,1.0012427501882561,0.12712661889562082,0.6304886175390639,0.3788076182173424,0.0
2,143.76772367017733,1.645081908103645,499.18308104367367,6.960695770699652,11.845449939636527,20.884603408970293,0.7764180826261664,0.501043244930002,0.4415669768955485,0.47130511091277527,0.0
8,187.6917786575744,2.755139558384597,381.29539337051784,7.444762679184472,19.375499509004296,19.92994453854999,0.5910839644121268,0.4239711202292607,0.5524032611550354,0.488187190692148,0.0
11,165.3742971963093,2.1784912544933484,426.6869615925076,9.570598986897842,15.653093378572155,14.925535034697049,0.7604475293510999,0.29448616645229786,0.37816382504277285,0.3363249957475354,0.0
5,195.0893139035936,2.702007927559627,505.0539862738965,7.395655679225664,15.562564281752943,1.3341226782998206,0.14094540926184873,0.030191908078143533,0.10214436050811486,0.06616813429312919,0.0
10,186.80842835177612,2.8678760383663833,444.61842925004174,8.556037210509073,10.259130712412627,8.676486435726872,0.37800965392938,0.19844333646444307,0.2584932137868811,0.2284682751256621,0.0
1,179.6625622778239,2.517505629923479,375.79295075194614,10.231624152152127,16.449131515632455,12.766988867639952,0.18982518381400704,0.30767923802476105,0.15508821172390624,0.23138372487433365,0.0
12,196.28899796061933,2.7721701031677473,364.2891361741167,8.660683388050245,9.52956091855034,12.02576123821163,0.46637971358169006,0.24402567309447776,0.31751447018692386,0.2807700716407008,0.0
2,170.93726036273705,1.8112245243672307,501.1193621490887,8.267993278259004,14.087227495712465,6.2849332835894245,0.6102754663625807,0.15078205244853526,0.3470778164307581,0.24892993443964667,0.0
12,203.21776924584495,8.247735387024655,999.3827854485902,7.07570562494569,7.599926238062307,5.096989952986007,5.009185570275218,0.10342766494324378,3.410287489134823,1.7568575770390336,1.0
9,197.9065612448166,2.376999920427618,399.1012496417023,6.550094371885433,30.149045007013687,3.3361300419034876,0.5366486944557463,0.07241121916247441,0.3379309297449888,0.2051710744537316,0.0
2,146.72694874407352,1.7161220911343382,443.3501846019845,7.253972287503383,14.13919457732298,17.9253783350741,0.7053778995954731,0.43004837351835096,0.4011647766365505,0.4156065750774507,0.0
1,199.09339367150528,2.348157522499785,347.54251643081363,9.0512574756459,17.757727639653613,6.663842526041435,0.35917329123770125,0.16059589398768243,0.29344654022104805,0.22702121710436524,0.0
16,127.03296996095624,2.7700011747194804,266.56367129951343,8.407235994581347,10.163182691703327,18.245166882554045,0.47862791302650054,0.3834907328278989,0.27803310013693117,0.33076191648241504,0.0
2,143.69187578598948,2.2982254096905574,443.9093373954479,7.5795890545276405,14.951284364184204,20.960451293158144,0.12327458103925393,0.5028629141509282,0.07010911427185011,0.28648601421138914,0.0
9,181.6138993778677,2.5119361960608426,377.8725559698852,7.206364283856769,15.654560388950951,19.628791908852378,0.40171241882252184,0.42604596791902655,0.25296074058370344,0.339503354251365,0.0
3,190.32833105071373,2.5236380538557315,288.3384569171693,7.183222625916269,23.479508325708963,0.8147698156478214,0.6620648719244935,0.024637445325840217,0.4252991007110505,0.22496827301844535,0.0
18,177.91009921796996,2.3600978704099096,350.59094813350026,7.457730473963279,31.51133789506747,5.299900023819248,0.2343990618554046,0.10912633246461076,0.14150573275590209,0.12531603261025642,0.0
18,165.37546562047447,1.7861076603448294,405.8662090923138,7.020554166593328,26.11207063477106,17.834533621314733,0.8083892719204848,0.367217727988079,0.48802122060404834,0.4276194742960637,0.0
5,387.42744577153786,3.664499612419686,445.679210308685,2.971425118127833,5.1699476770028765,191.00400918964445,0.8215462755982101,4.322522644888768,0.5953817111765783,2.4589521780326735,1.0
3,184.6614252757322,3.149110299097883,244.96420578742465,8.297167073036297,19.28961009798789,6.481675590629351,0.036592626682341756,0.19599637212504378,0.02350647478912011,0.10975142345708194,0.0
1,184.46767592622257,2.455919860184963,379.0565991778089,9.382796848466914,20.95171741285701,7.9618752192412785,0.2514109535525231,0.19187795384654588,0.20540412189178534,0.1986410378691656,0.0
3,195.48040309107228,2.253611493135003,266.57996882281674,8.728049293648136,20.62815180565146,4.337302224710726,0.9320914326452221,0.13115366373506546,0.5987595247761429,0.36495659425560417,0.0
17,169.7049025919527,2.8289713582153015,362.53040049603226,8.94872320735748,30.517107648410335,2.6113933727241943,0.5509926337537121,0.05296514057167795,0.34972009651690794,0.20134261854429295,0.0
3,177.7549430476612,2.743687120555668,249.7690646140608,7.911265501068934,50.89273644890032,13.388157818700364,0.44201580522455686,0.40483827448822163,0.28394336028677636,0.344390817387499,0.0
19,205.25618114709252,2.79840713209625,429.2973495801183,7.954158522925241,17.532513795195406,12.062298775858693,0.3045183772894,0.23716830640349298,0.2234645535205269,0.23031642996200996,0.0
18,183.6930159120311,6.535915266285321,538.1820430393219,3.775029945559572,4.6579934156478915,0.4830166702418808,3.941418334020007,0.009945440009409959,2.379417754654243,1.1946815973318266,1.0
12,215.771269200803,2.8387621902500726,385.3224869853569,8.073857573420762,7.345923390561683,7.456510001972049,0.3997876264993647,0.15130683506215425,0.27217812593171326,0.21174248049693375,0.0
17,160.8610140381539,2.693024353380008,402.3751019086659,7.542598570633423,19.873844793712145,11.455281926522986,0.6869396385890059,0.2323398013733768,0.4360069118746517,0.33417335662401426,0.0
4,162.1914829378095,2.761329365578836,449.3672456086123,8.378915831728332,12.950033326052697,26.277879481381234,0.25632589385579907,0.4667073852659422,0.27254758784783745,0.3696274865568898,0.0
2,162.01365785900936,1.4206979431357138,474.43276456151966,7.509727092081969,16.42535865038103,2.6386692201382687,1.0008020475940975,0.06330440480316407,0.5691793435982851,0.3162418742007246,0.0
15,203.5141897144752,2.24791999738688,412.3737121945276,7.577271032981147,23.15060147973322,2.3679777509870235,0.32767465178090927,0.0457463388379649,0.18689659220460095,0.11632146552128292,0.0
19,76.2827760318599,4.493457434895124,167.29039504419922,3.5544581488582883,7.88381337184252,116.91110633937393,1.3905319255094737,2.2987002399378147,1.0204132790143745,1.6595567594760947,1.0
3,191.61888707789643,3.140751742186657,239.38142578868815,9.27349207786257,26.603245890997332,0.47578621153488143,0.04495118359356809,0.014387077857270685,0.0288758681648075,0.02163147301103909,0.0
16,129.44654909901683,2.4154703594610685,334.3844982025103,8.86965391673467,8.493324491441168,15.831587744493447,0.8331587282849124,0.3327602989354017,0.48397867701955694,0.4083694879774793,0.0
12,206.4561755734781,2.6538629678674575,429.27245541183856,9.37291195581167,13.330929274631925,1.8585836253528498,0.5846868488819799,0.03771421294628587,0.3980587698000428,0.21788649137316432,0.0
13,196.26134330708425,2.643402501087165,440.6470219546774,7.793888036779208,11.382243179917987,13.6690614712615,0.26965557991089995,0.2958466213838605,0.16763579853140975,0.2317412099576351,0.0
1,193.10999609061977,2.4117796284837003,309.8166669808465,7.193308234865626,17.157663943143227,0.6804449451559265,0.29555118525378576,0.016398446369294665,0.24146693222118365,0.12893268929523916,0.0
11,153.9327423044956,2.193118807172437,453.5243459437782,10.148682315418247,17.690152359675057,26.367089926510744,0.7458199766720113,0.5202321534813076,0.37088967257513444,0.445560913028221,0.0
7,162.3642752065978,2.4553387547706373,421.15472708978615,7.477362986272399,10.861466770744375,20.63914740161897,0.2669405558989979,0.6204600339764536,0.23023449607515353,0.42534726502580356,0.0
16,132.5278204135685,3.310825514302133,373.614464632186,6.769464884413498,11.125676460561866,12.75031642994179,0.062196426556151874,0.2679958052990691,0.03612966319389819,0.15206273424648364,0.0
3,203.1616002252596,2.434932281049228,314.97466867864426,8.64584659327341,33.779298173277944,12.018499358898055,0.7507706447309968,0.3634218096531523,0.4822821653657588,0.4228519875094555,0.0
15,195.08939150498267,2.396232574820094,354.9461047738014,8.655955077413461,11.80040474165653,6.056820458505513,0.17936207434769535,0.1170101200739827,0.10230318483330904,0.10965665245364586,0.0
8,331.97708187716967,8.073780060069865,422.3150347967136,8.813545853174931,4.5008474981242514,124.35535868104529,4.727556537273141,2.6454203434702674,4.418183888784432,3.5318021161273494,1.0
3,220.88439795762235,6.408294620401977,696.2163902479357,2.0915076581739767,58.502732980227236,29.741297091260805,3.2225916946217517,0.8993332434914779,2.070137546638844,1.484735395065161,1.0
8,201.38285993611908,3.4452915393125556,408.21928026652705,7.569584630828511,26.701505164709854,6.238863260005303,0.09906801651583175,0.13271977953502478,0.09258497725265577,0.11265237839384028,0.0
8,202.49339706502337,3.385381700868381,407.24345296063194,7.850699734123426,25.956612699862305,5.128326131101005,0.039158178071657,0.10909524462038833,0.03659565572750146,0.07284545017394489,0.0
15,196.01630625929317,1.9895671502017296,332.18223591839524,9.389101301292405,17.103132644727275,5.129905704195011,0.5860274989660599,0.0991032979313664,0.33425393725045854,0.21667861759091248,0.0
14,314.724619160272,5.765609763965812,378.345685184351,18.688479577964696,4.143224883509713,115.57820816369164,2.5764197876779527,2.156671112622134,1.8461860915041342,2.001428602063134,1.0
10,291.5164109433074,5.5121049224833865,371.88230830166697,2.1914692384790384,5.631784913575874,96.0314961558044,2.266219230187623,2.196374147991586,1.549701934507393,1.8730380412494896,1.0
5,168.91631429641726,2.6226507200128024,447.35649807324063,7.549379908684554,16.07011726945201,27.507122285476157,0.22030261680867325,0.6225008547157843,0.15965521708039945,0.39107803589809187,0.0
7,147.4289685819298,8.057668415786404,341.1402946406793,8.83716980928358,3.2850196091070902,35.57445402628696,5.335389105116769,1.0694495525581829,4.601738457629529,2.835594005093856,1.0
7,190.62578486622985,2.6401110696082775,411.18634339197973,7.288937191253244,12.439700591373263,7.622362258013084,0.08216824106135778,0.22914566447723783,0.07086957435310588,0.15000761941517185,0.0
10,195.13177505311975,3.1589963910325065,358.9340216398856,9.115305937873297,11.114585419962067,0.35313973438323387,0.08688930126325678,0.008076797866082912,0.059417251633027864,0.03374702474955539,0.0
15,193.81860488522895,2.3867173393272028,357.1676791071992,8.208264883648209,15.39402578499019,7.327607078259234,0.1888773098405867,0.1415601122661705,0.10773041296334673,0.12464526261475861,0.0
19,177.79719590436036,3.5314843236776667,423.8674350153962,9.327256780406302,12.710522195704515,15.396686466873462,0.4285588142920167,0.3027288679735101,0.31448907926512026,0.30860897361931516,0.0
11,386.720474629473,3.1018758600580805,203.375301731275,2.002328553729775,3.8775790220436734,206.42064239846667,0.16293707621363218,4.072753406509889,0.0810271657201799,2.0768902861150345,1.0
13,176.81418222192846,2.432153674959059,455.21096352198344,7.919377069327273,16.99285888463075,5.778099613894284,0.4809044060390062,0.12505842133960726,0.2989620839674805,0.21201025265354387,0.0
18,172.25038334385053,2.0493819972841325,408.8216890698584,8.379248150464152,25.0601271651467,10.959615897938676,0.5451149349811817,0.22566136772161843,0.3290836051139232,0.2773724864177708,0.0
11,172.29430062748833,2.87509761962294,436.9349892187356,10.190558801675204,15.776100651801595,8.005531603518023,0.06384116422150843,0.15795201356951497,0.03174764586031398,0.09484982971491447,0.0
10,185.62361584690177,2.694525805649265,373.050811107701,9.062078069055973,11.63127665037331,9.861298940601216,0.5513598866464982,0.22554164962308768,0.3770347862042962,0.3012882179136919,0.0
10,359.2893886907964,1.7007760774124698,920.6646935597385,20.2042251073138,3.708007289201539,163.8044739032934,1.5451096148832935,3.746436598497276,1.0565876978337938,2.401512148165535,1.0
19,178.58845339202375,2.930255840855408,428.9302944369181,8.116425185864955,17.089969162542026,14.605428979210075,0.17266966853024224,0.2871712034051452,0.12671008800226877,0.20694064570370696,0.0
6,170.40738718950493,1.8403894671488972,485.6564461761541,8.71151705603072,14.358842335311225,12.967205801904782,0.38504059679396874,0.2983542040270138,0.23157461917701247,0.2649644116020131,0.0
14,181.97318509090795,2.82016048557558,323.2266478456658,6.7317966370056705,14.285268310486195,17.17322590567244,0.3690294907122791,0.3204496834631914,0.26443560027222723,0.2924426418677093,0.0
1,321.4346658432537,2.387640486221907,736.1535852628762,5.183185033090901,1.8126089874281008,129.00511469778985,0.31969032751557913,3.108970784185402,0.2611887432618021,1.6850797637236021,1.0
6,160.56196148513456,1.4616646878644683,404.9108361226538,8.746964276272179,17.879679728529617,22.812631506275153,0.7637653760783976,0.5248813521426886,0.45935072192032583,0.4921160370315072,0.0
3,183.87285070925736,2.702007725156079,281.64823512594234,9.194463983387644,26.287990260568183,7.270250157104186,0.48369520062414617,0.21984171150034257,0.31071748791886017,0.26527959970960135,0.0
11,167.08244475612145,2.2083469399908555,421.0788647617986,9.56378295718545,13.139204107447982,13.217387474884902,0.7305918438535928,0.260783801648989,0.3633168569204021,0.31205032928469556,0.0
16,137.06093109274326,2.628722424490792,319.4518220829563,7.321186995085234,14.006274548584274,8.217205750767022,0.6199066632551888,0.17271545256034115,0.360101378731829,0.2664084156460851,0.0
16,141.10193539912677,2.736908987055913,335.09978177568615,7.409575988184752,8.15087792617302,4.1762014443835085,0.5117201006900678,0.08777856418923427,0.2972562237283572,0.19251739395879575,0.0
2,105.84063803961592,4.6799672717192315,599.7416381437738,2.7592382158953854,5.875877734619365,58.8116890395317,2.25846728098942,1.4109532720896452,1.2844427403221306,1.3476980062058879,1.0
16,124.82317759810576,2.2039853357856662,293.4516998468517,7.854197347725484,6.699117494843152,20.454959245404524,1.0446437519603147,0.42993782197112507,0.6068295078313168,0.518383664901221,0.0
18,165.49121335159677,9.566589619071914,222.1571414329364,57.17627609939559,5.512226906553217,17.718785890192436,6.9720926868066,0.3648344518259423,4.209023179014426,2.286928815420184,1.0
16,123.14200699857771,2.6324979292268234,350.80699503880203,7.731300871318578,10.479044963828644,22.13612984493257,0.6161311585191576,0.46527393861899197,0.3579082026596213,0.41159107063930667,0.0
1,185.27356773249332,2.2673899140439024,340.34374218042285,7.494331368991458,18.128057218073156,7.155983412970528,0.43994089969358363,0.17245628915689704,0.35943411736419817,0.2659452032605476,0.0
14,180.87554160877588,2.7436892132145236,302.2384196441277,7.624166342198104,16.227874741534293,18.27086938780451,0.44550076307333564,0.34093153750369964,0.3192326485280351,0.3300820930158674,0.0
5,188.10406345659925,2.1270540450659117,378.7359875768439,7.55093013003449,14.45936846248012,8.319373125294163,0.715899291755564,0.18827185292041884,0.5188184257121314,0.3535451393162751,0.0
11,168.60175234562263,2.139269926556753,479.4002979424211,9.675035042922664,15.728601787701987,11.69807988538372,0.7996688572876951,0.23080731727814477,0.39766824424762737,0.31423778076288605,0.0
1,208.19228347805608,2.5048742032207123,358.3916821310135,9.331475045054535,18.371291072872836,15.762732332592236,0.20245661051677377,0.37987543684423747,0.16540815631446767,0.27264179657935256,0.0
15,207.88415719985565,1.861182937036112,393.9202028617995,7.924315473129542,20.601911232536757,6.737945236367466,0.7144117121316775,0.13016859036198214,0.4074807547754416,0.2688246725687119,0.0
19,172.8857197462801,2.543852580224423,458.5888199860147,9.695366039946446,13.553554849505277,20.308162624953724,0.5590729291612271,0.39929806295020365,0.41026418048227126,0.4047811217162375,0.0
7,164.18887131440138,5.848920937087422,104.12979064749986,12.194862802049691,11.486057810288942,18.814551293815384,3.1266416264177863,0.5656084967006302,2.696708099829801,1.6311582982652155,1.0
8,375.63944705926394,2.754926240674642,296.8367310432845,4.4122361599396624,4.157889493964249,168.01772386313957,0.5912972821220817,3.5742529271387813,0.5526026192931949,2.063427773215988,1.0
11,177.49683811311587,2.2267764010208153,404.3882990560286,8.258816118549863,12.764082661902124,2.802994117890478,0.712162382823633,0.055304080587196276,0.3541520490834783,0.2047280648353373,0.0
14,363.1616497909554,7.489876075685428,110.0907384537456,10.267737298808337,1.956632840334743,164.015238794375,4.300686099397569,3.0604984551817216,3.081744247814877,3.0711213514982996,1.0
8,213.9102222070542,2.619453079869885,380.103425831728,7.285960455419846,17.62117321762554,6.288499010929826,0.7267704429268389,0.13377568437621415,0.6792103778067551,0.4064930310914846,0.0
12,207.58237331464667,3.111572473767665,411.8750646310758,8.821183584970395,8.42534951571989,0.7323858841842821,0.12697734298177243,0.014861508956712129,0.08644703577043328,0.0506542723635727,0.0
11,208.48868184951436,9.45260307855757,560.663136458329,3.407207370942183,2.0676928533501076,28.188849618508016,6.513664294713121,0.5561761264542325,3.2391875963291747,1.8976818613917037,1.0
0,172.66549239149424,2.7722713997047346,466.1166220318565,8.717918841111379,12.047835969800223,26.234866480592814,0.5204878997551399,0.5183671343715758,0.32529741651480953,0.4218322754431927,0.0
2,155.34436884446626,2.3095145429410033,514.2834107715033,6.128998732741768,14.90008557307798,9.307958234681365,0.11198544778880803,0.22330754892738588,0.06368872227851916,0.14349813560295252,0.0
10,187.8767101034689,3.035364789056888,444.48044457195783,9.901295533347863,13.651871686995422,7.608204684034092,0.2105209032388755,0.17401024403003587,0.1439598811349416,0.15898506258248873,0.0
15,201.00292283561225,2.244530985775158,362.6341699613211,9.123886680821478,13.724407739121899,0.1432891278759314,0.3310636633926314,0.002768164942798384,0.18882959104271732,0.09579887799275785,0.0
9,196.23181828824653,2.708257225206028,378.0131255595259,7.7433266242629895,20.636083718946775,5.010872998473559,0.20539138967733628,0.1087617743703922,0.12933620074426763,0.11904898755732991,0.0
5,181.55034808382183,2.290115037638202,362.2063562057277,8.140498844295369,12.57736979652791,14.873088498071581,0.5528382991832737,0.3365859287724031,0.40064671017103176,0.36861631947171747,0.0
8,336.05685927463287,1.5775697504405917,659.4292571934391,3.9784790295795367,20.978749463475644,128.4351360785085,1.7686537723561322,2.7322097366942555,1.6529125649270249,2.19256115081064,1.0
14,181.2054617758643,3.1059526124284553,343.56906048419796,7.818161348042798,12.504081837889014,17.940949220716078,0.08323736385940395,0.3347752792856854,0.059645428973047886,0.19721035412936663,0.0
4,190.4444866814933,2.591202195255956,375.37282466943014,9.474825648398447,9.49120694759879,1.9751242623025576,0.42645306417867923,0.03507912732028776,0.4534413290200197,0.24426022817015375,0.0
0,190.69155198911645,2.769454416533971,471.6548150667695,9.57179158703732,14.383285581536503,8.208806882970606,0.5233048829259035,0.1621954395568545,0.3270579902923098,0.24462671492458216,0.0
6,176.37839747255578,1.954557493811388,372.0876471211449,9.357335308255726,16.663820796679804,6.996195518853938,0.2708725701314778,0.1609710200588019,0.16291064577603556,0.16194083291741873,0.0
2,152.2099819107436,1.709754264350592,487.22278016583374,6.661537146476663,13.699872864289244,12.442345168404017,0.7117457263792193,0.298504734594989,0.40478630746538247,0.35164552103018576,0.0
2,164.78492085607647,1.934387610588356,521.7345849244672,7.32078662246548,15.644758676243168,0.132593776928843,0.4871123801414554,0.0031810619023494246,0.2770321118487159,0.14010658687553265,0.0
0,321.7445362596989,5.777035092420532,519.6992894674524,2.4097886091823844,1.4656429027112696,122.84417738761186,2.484275792960658,2.4272425496716683,1.5526364738557046,1.9899395117636864,1.0
17,123.33172850938624,4.784810550155548,834.9065069864591,2.6266442713792166,1.9554993447681863,48.98456745529066,1.4048465581865344,0.9935211325154609,0.8916690420584606,0.9425950872869608,1.0
19,202.43288848668732,2.6864277087208905,426.5491901137106,7.70078609033875,8.909329701734952,9.239006115453492,0.4164978006647595,0.1816568693886984,0.3056383522606918,0.2436476108246951,0.0
19,191.1440409589488,2.5387410681107463,404.5962344383812,11.489134175771731,11.423589828131037,2.0498414122850193,0.5641844412749037,0.04030387782471203,0.4140151586086652,0.22715951821668862,0.0
19,380.17505454845855,5.751444952888696,981.0493458276604,2.0269467610722325,2.7513590283740967,186.98117217722472,2.648519443503046,3.676414318584593,1.9435615682740088,2.809987943429301,1.0
4,201.1766335591719,2.650394136342759,398.2734401765188,8.512962136474467,9.32551779378027,12.707271139981174,0.36726112309187586,0.2256870571237682,0.39050340058616717,0.30809522885496765,0.0
7,171.04653527199292,2.6998599469127087,463.28560672664736,7.662609963629902,11.575825630059182,11.956887336223843,0.022419363756926547,0.35945141427228394,0.019336555659435192,0.18939398496585957,0.0
13,167.7074724623693,2.453724028342552,428.2047230129896,8.449557502454196,10.781428646719972,14.884809373453436,0.45933405265551297,0.32215968684736707,0.28555252123845637,0.30385610404291175,0.0
11,173.37719142896978,2.5922943565177547,457.9299999375201,12.476316764609424,13.539770767363379,6.922640802036568,0.34664442732669354,0.136586189156963,0.1723832052942343,0.15448469722559866,0.0
1,202.4576026088824,2.904357417862551,377.0167854722824,7.804797383882647,12.255717588463837,10.028051463418564,0.19702660412506479,0.24167196079869935,0.16097181144167852,0.20132188612018892,0.0
2,164.87608726970046,1.5741789476092631,453.17507145605487,7.074140942257308,14.961438757809152,0.2237601905528379,0.8473210431205482,0.005368238494420957,0.48189113551451157,0.24362968700446627,0.0
7,171.33269936663743,2.813202600230186,474.7279631323849,7.327707652302813,11.441511843676906,11.670723241579338,0.09092328956055074,0.35084866627931005,0.07842074683244957,0.2146347065558798,0.0
9,193.0041128578561,2.6275194201086154,406.6447203110081,6.951841409927124,18.701373315435127,8.238578428864002,0.2861291947747491,0.17881962055032016,0.1801772850961244,0.1794984528232223,0.0
12,190.3138735873896,2.734236964010863,386.34529073536504,8.468697433025246,8.962041579786309,18.000885611441362,0.5043128527385745,0.36527236327219154,0.34333960844053135,0.3543059858563614,0.0
9,200.52142834024485,2.8800119303736116,419.9613468950112,7.006762122851584,22.337775892018815,0.7212629464752354,0.03363668450975288,0.01565512394150888,0.021181223745354704,0.018418173843431793,0.0
18,174.6838740551119,2.448335481536757,323.7781066996762,7.995094509619716,21.401358899060813,8.52612518667732,0.14616145072855735,0.17555515530003374,0.08823705616521989,0.1318961057326268,0.0
4,181.0234426049189,2.988995812500557,483.9740644673774,7.716922767994872,12.589504835468555,7.445919814271832,0.02865944693407796,0.13224300575245726,0.03047317230981864,0.08135808903113795,0.0
4,177.98560192225096,2.420047322374679,443.04236859392074,7.884720457125899,9.214267793207814,10.483760496939766,0.5976079370599563,0.18619647193175848,0.6354278113472321,0.4108121416394953,0.0
14,178.5751631167389,2.4740285947044582,357.6047367779562,7.262467215220701,17.237171460422168,20.57124787984148,0.715161381583401,0.3838562368972651,0.5124634588566486,0.44815984787695684,0.0
6,182.0421924216518,2.12769111204331,359.7841356294377,7.635808963181244,14.6246353021924,1.3324005697579082,0.09773895189955573,0.0306563586256082,0.05878304977023268,0.04471970419792044,0.0
1,197.8448772604848,1.8037187882085184,376.1996311858857,7.354886807682404,16.44197399355618,5.415326115020946,0.9036120255289677,0.1305071563858297,0.7382559590660781,0.4343815577259539,0.0
1,182.18869005420436,2.316576960357533,345.27063869231284,8.522220459606494,13.880608961201904,10.24086109125949,0.39075385337995305,0.24680058625747073,0.31924803193816614,0.28302430909781845,0.0
15,205.58994842010148,1.9978735576229831,358.17594260927643,7.7583614023203005,18.82330635864632,4.443736456613294,0.5777210915448063,0.08584737486072912,0.32951619134287063,0.20768178310179988,0.0
19,196.4086780610146,2.6360357381081765,405.42358053372055,9.716043764604887,12.577396949946232,3.2147956897807717,0.46688977127747355,0.06320914971070905,0.3426174643728252,0.20291330704176713,0.0
15,186.58699094814324,1.7959683801650208,351.90871824151554,7.961436972039175,21.571802906818984,14.559221015344946,0.7796262690027687,0.28126575830671274,0.44467734100845147,0.3629715496575821,0.0
15,214.44799568876203,2.32894488626499,352.07046058951585,8.801679744637187,19.465356099909272,13.30178372527385,0.24664976290279927,0.25697365830065994,0.14068222825312762,0.1988279432768938,0.0
9,203.46874778358352,1.967346775586519,404.0063690469475,7.407133010028085,17.667736694133424,2.2260564968634355,0.9463018392968454,0.04831690097141946,0.5958919935457822,0.3221044472586008,0.0
18,171.16283321366564,1.847868642190819,363.4198301928693,6.844306626393584,31.432461644279947,12.04716602812357,0.7466282900744952,0.24805431033281947,0.45073637431387015,0.3493953423233448,0.0
12,213.12012142133875,2.7359280277272946,403.6713010924972,8.059036628126675,7.708614189245523,4.805362222507796,0.5026217890221427,0.09750998107996899,0.3421883208001415,0.21984915094005525,0.0
0,173.20323043303392,2.2737512425925237,471.1557535008203,7.447469633411581,12.055865639328859,25.69712843905313,1.0190080568673507,0.5077421240311683,0.6368653113024688,0.5723037176668185,0.0
9,203.98159335047032,2.7460941940268957,426.2229182534316,7.057838579233188,25.935847679473483,2.7389020637502313,0.16755442085646877,0.05944829341532873,0.1055100325555322,0.08247916298543045,0.0
17,83.51396953217518,8.033385376875462,283.3499953463738,3.105691064245062,0.26194034207505823,88.80232643250172,4.653421384906448,1.8011180359559886,2.9535693876277023,2.3773437117918457,1.0
4,148.0130653426713,3.0825260815240036,897.6873732326696,2.401459785268085,0.6986793950090157,40.456297076519434,0.06487082208936856,0.7185226889978916,0.06897619985326196,0.3937494444255768,1.0
5,172.6208352525647,2.088460784047716,424.1556681847159,6.979440922357435,12.484848513051787,23.802601329328724,0.7544925527737596,0.538665568800328,0.5467872966904173,0.5427264327453727,0.0
15,206.16771930526937,2.083269591948294,365.7547004531711,8.658819558392667,15.537061407345606,5.021507341781188,0.4923250572194955,0.09700917850207855,0.28080864647651005,0.1889089124892943,0.0
1,171.62593710493223,2.012361241551922,357.91643145506816,8.6418064787745,16.428543498634046,20.803614040531613,0.6949695721855642,0.501358635345565,0.5677939353842165,0.5345762853648908,0.0
15,202.31567209702877,1.591691761477512,344.41188418737124,9.237300890100276,15.638416056819462,1.169460133540582,0.9839028876902776,0.0225924924776594,0.5611910954056064,0.2918917939416329,0.0
3,191.61904113622364,2.987534280828596,350.41276900799863,7.8857885075615695,28.414455505628755,0.47594026986209315,0.1981686449516289,0.01439173635534066,0.12730013335712398,0.07084593485623232,0.0
3,186.24717831128305,2.358350642577118,302.80810255044867,10.951727034150727,24.66555968816085,4.895922555078499,0.827352283203107,0.14804552396726603,0.5314768943935841,0.33976120918042507,0.0
6,343.93056233254936,1.0047757146845864,485.99349076697933,4.490743478254865,5.050424821003653,160.55596934113964,1.2206543492582795,3.6941303443741775,0.7341370453659078,2.2141336948700427,1.0
15,205.49077085850763,2.3140045355585275,340.82863140095895,8.672925579452587,15.98411857665799,4.344558895019446,0.261590113609262,0.08393138965524981,0.149203792610344,0.11656759113279691,0.0
6,285.3611743087601,8.78695346187937,626.3951384815646,4.486968415029051,8.309245771987358,101.98658131735039,6.561523397936504,2.346544487317748,3.9462911047565776,3.146417796037163,1.0
7,181.76764963075505,2.2487299994169803,447.01518357514055,8.814498436216649,11.386057537627055,1.2357729774617212,0.473549311252655,0.03715016558886235,0.40843320594658405,0.2227916857677232,0.0
8,212.3919386910044,3.8891370727079666,387.4398531931165,7.556015876165609,22.37234857663166,4.770215494880034,0.5429135499112427,0.10147713171942466,0.5073851323212695,0.30443113202034705,0.0
11,160.63319103999476,2.572082220702951,432.95491390796354,9.728180972442559,15.052830178865033,19.666641191011593,0.3668565631414973,0.3880298935931184,0.1824345215218411,0.28523220755747974,0.0
15,201.40063095676123,1.4583633660831192,370.7540439701596,8.227702023528972,16.59522602926907,0.25441899327304895,1.1172312830846702,0.004915053559194776,0.6372379382354898,0.3210764958973423,0.0
9,189.2152125939726,2.6512255086268266,493.4445684174046,7.710744003246145,22.996364250717445,12.02747869274748,0.26242310625653786,0.26105828749277643,0.1652494177289995,0.21315385261088798,0.0
4,183.3171745427609,2.367926432885862,456.7083208588879,8.789405451349705,9.897611413613662,5.152187876429821,0.6497288265487731,0.09150525764117169,0.6908471936537744,0.39117622564747306,0.0
0,350.44446314505416,3.002786639810839,469.4539763047082,4.982093792438067,0.4139015551814503,151.5441042729671,0.2899726596490355,2.9943160991879445,0.18122872229716597,1.5877724107425553,1.0
13,164.46130589504148,2.0868325736136195,456.0970335843967,7.965777848108254,13.266938218239073,18.13097594078127,0.8262255073844456,0.39241816168211024,0.5136365905840916,0.45302737613310096,0.0
19,176.17991594349402,2.7611580330119745,495.9004175766296,11.714318273590134,21.17321979109181,17.013966427739803,0.34176747637367555,0.3345277444916945,0.25079903943892157,0.292663391965308,0.0
4,179.15668193489438,2.7177946244461832,351.36122730977127,7.523165555505187,9.533016845605607,9.31268048429635,0.29986063498845184,0.16539754517569108,0.3188374437215463,0.2421174944486187,0.0
3,187.68479653012463,2.9591881901305332,250.4303426039116,7.851813292513286,26.647484990008003,3.458304336236921,0.2265147356496917,0.10457405560171369,0.14550917508972158,0.12504161534571764,0.0
16,146.89094587464834,2.4352318212761035,310.80115419211694,7.156669394276269,8.469759882053713,1.612809031138056,0.8133972664698774,0.03389924143987915,0.4724993204209635,0.2531992809304213,0.0
19,165.61256297182152,2.093981051148784,446.05829798315625,9.383573141086215,20.096507547604514,27.58131939941231,1.0089444582368658,0.5423025023575369,0.7403931575290162,0.6413478299432765,0.0
6,178.87801032708654,1.7276732180075904,399.8648956835441,10.295079983802227,15.243281666150144,4.496582664323171,0.49775684593527547,0.10345901516105664,0.2993654513315928,0.20141223324632473,0.0
13,184.80322471257233,2.2982860510986627,486.15270513404295,8.443107750603867,13.09604073729943,2.2109428767495842,0.6147720298994024,0.04785258896774216,0.3821830802871372,0.21501783462743967,0.0
6,192.8530918033443,7.262133396715011,751.786993190238,2.046063403201547,4.520388307751788,9.4784988119346,5.036703332772145,0.21808476024883783,3.029219946951238,1.623652353600038,1.0
11,164.50649912730142,2.3753940877661637,474.2519390891065,8.32192975297708,16.929526643209122,15.793333103704924,0.5635446960782846,0.31160813400674425,0.28024578899399216,0.29592696150036824,0.0
4,186.8945409922212,3.4301337215556407,334.6086858711882,6.988918099976684,12.771323409189678,1.574821426969521,0.4124784621210056,0.027969562420837035,0.43858233828498666,0.23327595035291185,0.0
13,81.64664222708126,1.1474697460794907,409.76818780210135,2.5726672975669973,9.367155443701677,100.94563960874149,1.7655883349185744,2.1848190883088345,1.0976068453677619,1.6412129668382982,1.0
17,177.21020051935105,2.745279824134408,374.56733708155383,7.9281289651199724,15.485500965977149,4.893904554674151,0.6346841678346058,0.09925978421714705,0.4028398835765313,0.25104983389683916,0.0
12,316.7453671576136,6.557583016902618,301.91220412418784,3.1223893829320932,8.931781187434398,108.43060795878264,3.319033200153181,2.20026421338798,2.259620299489847,2.2299422564389135,1.0
1,201.5881007152371,2.6672622265459234,311.07255227799277,9.19444015081945,18.151096844506988,9.158549569773243,0.0400685871915627,0.22071731888027704,0.032736254531598855,0.12672678670593795,0.0
5,189.6141135452471,2.6926636052924944,445.292387811452,7.858758639938662,16.582185815691183,6.809323036646305,0.15028973152898129,0.15409861367382324,0.10891627189818202,0.13150744278600263,0.0
5,206.6799458504048,2.667851766964913,384.9240078419111,7.856427720842584,11.97968852645383,10.256509268511394,0.17510156985656256,0.23211027746874996,0.12689762632664112,0.17950395189769552,0.0
18,158.52376029381307,2.186408516662479,413.90002762352145,7.431792154286472,25.962647038886697,24.686238947976136,0.40808841560283504,0.5082961389140239,0.24636126877801662,0.37732870384602024,0.0
12,203.38319679252092,2.506181255890868,388.694431996805,8.225747563680136,8.833566685953063,4.931562406310036,0.7323685608585695,0.10007082393947417,0.4986014803189715,0.2993361521292228,0.0
1,197.78408606309537,2.9382783792962015,326.0076197747591,8.468571679280474,11.46486484122086,5.354534917631526,0.23094756555871543,0.1290421132589575,0.18868542215971162,0.15886376770933458,0.0
18,186.1951771844209,2.8986849563555435,395.7701468964731,7.7235100612949745,26.444080242711802,2.985177942631708,0.30418802409022927,0.061465597307418296,0.18363703721225197,0.12255131725983513,0.0
15,205.83882238088032,2.0613231731553063,408.7348575901758,8.916278525768162,16.27019735636905,4.692610417392132,0.5142714760124831,0.09065530539681188,0.2933262790160172,0.19199079220641455,0.0
11,173.85993441111748,2.235602020146116,468.9248886804977,8.920740580740244,15.974610355229208,6.43989781988887,0.7033367636983323,0.1270614967513677,0.34976314681478093,0.2384123217830743,0.0
10,195.51912304646268,2.8049371543787665,369.4479998844704,9.126043250611222,14.115599516974065,0.03420825895969415,0.44094853791699684,0.0007823905555420473,0.3015325230346766,0.1511574567951093,0.0
4,181.89161593006753,2.8171211622419468,414.6785953122378,7.559894931946898,13.181714245890634,6.5777464891232,0.20053409719268833,0.11682384292294345,0.21322498343401167,0.16502441317847755,0.0
2,170.6204695520109,1.5759149654132465,457.0794920079897,7.034835108556021,14.183182070351922,5.9681424728632635,0.8455850253165649,0.14318191311804332,0.4809038219128642,0.31204286751545374,0.0
15,211.1942574099627,2.271068640490405,416.3165921314019,9.749967411857616,15.340668271927774,10.048045446474504,0.30452600867738466,0.19411554498858632,0.1736932440460073,0.18390439451729682,0.0
12,223.4885424098615,2.4613296138089256,367.944771494962,8.48898924598477,8.249297644249237,15.173783211030553,0.7772202029405118,0.3079050538352502,0.5291367822584436,0.4185209180468469,0.0
0,182.00688504991663,2.8703636895702886,469.2219182362216,10.819009169707265,16.150306713137653,16.89347382217042,0.4223956098895858,0.33379326024996925,0.2639911527413423,0.2988922064956558,0.0
11,228.13566414771665,9.668928549867386,962.7089876327876,27.068368215485926,5.171322700418969,47.835831916710305,6.729989766022938,0.9438181430321116,3.346764338349111,2.1452912406906113,1.0
5,188.81829978434888,2.460692126554974,426.36552486546384,8.701092626908343,15.465116684787997,7.605136797544532,0.3822612102665017,0.17210830371745603,0.27702801442216834,0.2245681590698122,0.0
10,192.05997509190365,2.961095822197905,425.24729144607977,10.444903035135574,11.647266318508416,3.4249396955993348,0.28478987009785817,0.07833314388479279,0.19474700714732746,0.13654007551606012,0.0
14,192.57854415127733,2.9001545831191073,359.0477224277433,7.826210383311847,15.977028963274018,6.567866845303058,0.28903539316875193,0.12255535815845565,0.2071141998569681,0.16483477900771187,0.0
18,159.29327581832797,1.7270625726078983,392.03915868942966,7.696718094420868,31.243159373963486,23.916723423461235,0.8674343596574159,0.49245161230267503,0.5236664929857489,0.5080590526442119,0.0
3,198.1166705133879,2.5053202365345006,280.4996654084657,7.53930776416152,26.860214903659276,6.973569647026352,0.6803826892457243,0.21087052760778105,0.43706615189300363,0.32396833975039235,0.0
3,192.9244105911477,2.8158670403853163,295.3529164816078,7.801884576965487,23.302595759145525,1.781309724786155,0.36983588539490864,0.05386419588692298,0.23757621970172785,0.14572020779432543,0.0
9,134.23468016500357,5.531025309041416,885.6214218761739,2.7163839582301468,5.0961918569664615,67.00801112171652,2.6173766941580516,1.4544192576520993,1.648177940033419,1.5512985988427592,1.0
16,137.98279884570573,3.3576182782392667,354.8987038671703,7.593162422343626,11.346589869075872,7.295337997804552,0.10898919049328581,0.15333893808778634,0.06331139845699935,0.10832516827239284,0.0
18,170.92618434760612,2.1604282690398544,360.7164737566848,8.239484335927663,41.92518967905841,12.283814894183081,0.4340686632254598,0.25292697259416785,0.26204543554864623,0.25748620407140704,0.0
7,185.41620899700644,2.2104879482130206,483.57565291284146,8.527513986539404,11.204547214749871,2.4127863887896694,0.5117913624566146,0.07253388406194206,0.44141672678391713,0.25697530542292957,0.0
6,177.58956422251958,1.7355818227123372,415.86060477447114,10.435479365208758,17.55110738518137,5.785028768890129,0.4898482412305287,0.13310405340848802,0.29460898633031074,0.21385651986939938,0.0
2,187.11738036092964,1.7041972895100406,469.251351176286,7.436811978862021,15.690822784757044,22.46505328178202,0.7173027012197708,0.5389598726588614,0.40794668798193,0.4734532803203957,0.0
10,121.4306814045161,0.1598657275213863,890.2547912169211,6.064294524117888,11.107838185250305,74.0542333829869,3.086019964774377,1.6937235205399521,2.1103038248172252,1.9020136726785886,1.0
17,367.95314175529273,4.617626645841746,548.2145285648619,2.858532756194171,2.016715773966981,195.63684579061584,1.2376626538727322,3.9679709485860135,0.7855558790668283,2.376763413826421,1.0
6,385.153355279336,2.4960185918106843,285.1817817658921,2.654503157410401,4.454437865070149,201.77876228792627,0.2705885278678184,4.642599410516576,0.16273981449334798,2.402669612504962,1.0
8,203.2499058975191,2.9182798215761383,390.8291059218228,7.638471843613554,28.070089126942662,4.371817298605265,0.42794370122058556,0.09300197870305707,0.39993894332782465,0.24647046101544084,0.0
13,174.78693695504214,2.550613427254186,459.250579994218,8.121044454653033,15.357946732872712,7.805344880780609,0.362444653743879,0.16893514719863517,0.22531964283428313,0.19712739501645915,0.0
15,186.13705633487103,1.5189614712169663,396.2410140628673,8.402967719760607,17.162497394937105,15.009155628617151,1.0566331779508231,0.2899579266622218,0.602674448865721,0.4463161877639714,0.0
16,142.74415076862624,2.696293608863317,313.9265114387437,7.284946962200071,10.274195051122847,2.533986074884041,0.552335478882664,0.05326123806311496,0.3208495395479805,0.18705538880554773,0.0
6,163.9693536181739,1.3555818690374712,452.2289141895122,9.950036638690964,14.845032407717051,19.405239373235815,0.8698481949053947,0.4464828302721151,0.5231520160582293,0.4848174231651722,0.0
6,183.29961362956792,1.1402687570478562,428.1821715874144,9.236801052024257,13.944038976950388,0.07497936184179821,1.0851613068950097,0.001725152524183515,0.652647586987579,0.3271863697558812,0.0
8,206.68875865953137,3.2255772001500542,394.6714219351731,6.8434987503232,22.218426435403092,0.9329645365930048,0.12064632264666963,0.019847020594984943,0.11275119287437664,0.06629910673468078,0.0
1,207.3763304259807,2.039737818969628,340.02011264611224,8.626566636395717,12.124356595817677,14.946779280516864,0.6675929947678583,0.36021130022367054,0.5454271221430759,0.4528192111833732,0.0
13,193.02761385453567,2.6169151565659754,435.5179604989099,7.458005879489764,12.722697240139928,10.435332018712927,0.29614292443208967,0.22585732950618742,0.18410208916501483,0.2049797093356011,0.0
2,154.67838168263626,1.6840991823594886,504.05352372685223,7.254728919137356,16.247589697476947,9.973945396511368,0.7374008083703227,0.23928527003180974,0.41937694780505813,0.3293311089184339,0.0
19,192.90717321876332,2.4461243237660764,420.6479591069391,9.523566145701665,16.78497113055865,0.28670915247050743,0.6568011856195737,0.005637260806199059,0.48198005323253684,0.24380865701936796,0.0
7,187.8360741756667,2.6312422344619937,417.116292339034,8.120533622381146,6.9933680907829086,4.832651567449943,0.09103707620764157,0.14528057275762993,0.07851888707668787,0.11189972991715891,0.0
0,314.09000592963883,7.548507841433032,161.21366560622556,18.268019443580155,5.11494687346654,115.18964705755178,4.255748541973158,2.2759989001151224,2.6597813449492493,2.467890122532186,1.0
17,173.19846040801744,3.0457992962902005,445.2160277417968,8.013167809653172,23.5045048600051,0.8821644433405424,0.33416469567881313,0.0178923498224726,0.21209740832501714,0.11499487907374487,0.0
9,195.24606341993064,2.478659885096925,412.9109952284227,6.928149963862561,23.748079379157105,5.996627866789453,0.43498872978643943,0.13015773643228212,0.273915034926904,0.20203638567959306,0.0
5,181.44154537553015,2.3663551603559703,405.9326911159233,7.604676915733647,12.661419574718874,14.981891206363258,0.4765981764655054,0.33904819211656695,0.3453948320087639,0.34222151206266543,0.0
16,165.74785155788936,2.4773243348093548,366.1894272433739,7.839232274045423,9.025787205650177,20.46971471437908,0.7713047529366261,0.43024796359091383,0.44804794240541174,0.4391479529981628,0.0
0,195.12505958669755,2.7466799052797595,475.1361818836747,8.655368341285158,17.059078770336296,3.775299285389508,0.546079394180115,0.07459504600147658,0.3412917307440431,0.20794338837275986,0.0
14,191.23966507923583,3.2770784347508353,326.3135990745181,6.547429987900422,17.097135872340715,7.906745917344551,0.087888458462976,0.14753863021158062,0.06297826557384253,0.10525844789271158,0.0
18,182.31623194296347,2.129221118646258,382.897475478326,9.073651550705716,17.763758951660147,0.8937672988257361,0.46527581361905623,0.018402903254648405,0.2808850616491706,0.1496439824519095,0.0
10,196.65835539311024,3.0463810773553397,385.0356580283236,7.708058208718151,15.725982231166594,1.1734406056072544,0.1995046149404236,0.026838221974359863,0.13642664557688455,0.08163243377562221,0.0
14,180.7409139301756,2.9463112693131124,365.86540690979314,7.971763995706021,13.870159144830565,18.40549706640479,0.2428787069747469,0.34344366872644183,0.17403968595638455,0.2587416773414132,0.0
5,192.75528922517404,2.120735204938751,532.2474378979174,7.619272841522823,11.770956171754527,3.6681473567193734,0.7222181318827245,0.08301213195198212,0.523397743955429,0.30320493795370557,0.0
10,196.39911287638787,2.5700431413837426,363.3844138774457,11.178931610356488,11.37320034740326,0.9141980888848877,0.6758425509120207,0.020908984332727358,0.4621593950926178,0.24153418971267257,0.0
0,169.28123908855625,6.355188400481013,104.68082201581208,5.993971101848732,0.570223694093009,29.619119783530806,3.0624291010211384,0.5852356159752171,1.9139739373203544,1.2496047766477858,1.0
16,136.19528759659764,3.145443543275663,317.96654429864145,7.452364605620359,10.965771919461977,9.082849246912645,0.10318554447031802,0.19091020302995806,0.05994008296965173,0.1254251429998049,0.0
14,177.6901034550282,2.733341943671567,359.5779334418163,7.8621131213319,16.260647206379147,21.456307541552178,0.45584803261629236,0.40037131041921487,0.32664719533698816,0.36350925287810154,0.0
15,361.412146603383,5.761785472343642,947.8663263076426,4.67710023510711,1.083957750347297,160.26593463989482,3.1861908231758527,3.096135403790769,1.8173154491159607,2.4567254264533647,1.0
18,181.0651599748097,2.545454548101308,340.46359895993663,7.245560854393115,25.070767661475905,2.144839266979517,0.049042384164006414,0.04416280342641069,0.029606682092888092,0.03688474275964939,0.0
1,215.22343078849977,6.623347024910498,276.2736419943902,10.08524208552618,12.937248611448357,22.793879643035922,3.9160162111730124,0.5493232267142905,3.199406628088486,1.874364927401388,1.0
18,204.54155110794065,1.7939145362926785,935.5272196283688,2.4768079711274127,4.805382236809568,21.331551866151443,0.8005823959726357,0.43922225145187394,0.48330824226364744,0.4612652468577607,1.0
0,195.6761614162004,2.4184792911600668,454.2173106965455,9.04630087998232,13.413376900238443,3.2241974558866673,0.8742800082998077,0.06370598444220979,0.546412372207439,0.3050591783248244,0.0
14,196.40519396495304,3.4922069345868274,345.50400204765003,6.399855713861907,10.038562652596319,2.741217031627343,0.30301695829896813,0.051150676926618795,0.21713297521505073,0.13414182607083477,0.0
13,175.37431548589225,2.745668759653109,448.1800061102541,7.4419662831362885,9.912967233326135,7.217966349930492,0.167389321344956,0.1562222075289458,0.10406030744316222,0.130141257486054,0.0
15,201.51932953612192,1.694822784075347,350.01604552238365,7.6502554933732965,21.488044804201603,0.37311757263373124,0.8807718650924425,0.007208160168306914,0.5023680019214065,0.25478808104485673,0.0
19,217.1644045102247,2.6256837693213995,426.0958224329112,10.18065481036987,13.716178090207695,23.970522138990873,0.4772417400642506,0.4713071898608473,0.3502140439408199,0.4107606169008336,0.0
12,181.57099318381617,2.9457047468148043,338.38392210502826,7.82374253202388,9.330096856268,26.743766015014785,0.292845069934633,0.5426821116453264,0.19937090855231,0.3710265100988182,0.0
13,184.12848010431776,2.481415859319068,421.6766889860912,8.95392269839788,12.150860133241485,1.5361982684950135,0.431642221678997,0.03324873975184801,0.26833744191364156,0.15079309083274478,0.0
11,385.6051556166435,5.75145396915974,294.7503988253527,11.665180389167777,13.00199940590697,205.30532338563717,2.8125151853152914,4.050747761841475,1.3986389059312094,2.724693333886342,1.0
15,206.3940113721812,2.144599613689942,321.0632113242133,8.005304252427132,16.492479254532782,5.247799408693027,0.43099503547784757,0.10138085537487748,0.24582769204182864,0.17360427370835307,0.0
1,214.39671892314587,2.9877854516795788,337.0010507182121,8.008689479583323,13.163152282811811,21.967167777682022,0.2804546379420927,0.529399807070459,0.2291329706322416,0.3792663888513503,0.0
12,308.1010044994928,9.104687831064982,805.3547684003885,5.156833236912773,7.911733510000006,99.78624530066182,5.8661380143155455,2.024853578307518,3.993706521569206,3.0092800499383623,1.0
4,173.7752425775302,2.8920480542501865,413.4948623085601,9.426423020435449,10.847040298762746,14.694119841660523,0.12560720518444857,0.26097441595105897,0.13355631096945977,0.19726536346025936,0.0
16,66.33968696474581,8.951585407450976,210.169096012335,4.341908557478226,3.4081753748087835,78.93844987876447,5.702956319704995,1.6591881119625098,3.312825228864769,2.4860066704136394,1.0
19,53.39512422306478,0.9296611750411018,199.62552067201364,3.2541215701433712,9.942364216750073,139.79875814816904,2.173264334344548,2.74871608831895,1.594805372599411,2.17176073045918,1.0
17,155.60479653489173,2.419032167268669,383.6678814155345,8.225942711668992,17.25431471789444,16.711499429785164,0.9609318247003444,0.3389481361587154,0.6099122744907456,0.47443020532473046,0.0
12,216.61762112237903,2.979733583877379,386.65281243036344,10.427208402135568,10.570506925326965,8.302861923548079,0.25881623287205846,0.16848093267197084,0.1762038456283606,0.17234238915016573,0.0
1,185.19141871914985,2.41958432576228,305.75236239455205,7.570198625456154,12.720019498494372,7.238132426313996,0.28774648797520586,0.17443604695977796,0.23509045192672823,0.20476324944325308,0.0
0,189.87033501082885,2.7123756244125157,495.6790616265432,9.296790121367254,30.876665382554645,9.0300238612582,0.5803836750473588,0.17842162816913998,0.36273141060357983,0.2705765193863599,0.0
6,165.4564217005294,1.8623214678814597,382.7388607292775,10.249847314474463,13.747956663625128,17.91817129088031,0.3631085960614062,0.4122678250641325,0.2183840757389376,0.31532595040153505,0.0
11,170.2432398448239,1.9549793818164027,418.9234199400159,11.122569678269189,15.05198161879407,10.056592386182444,0.9839594020280455,0.19842017941036216,0.4893143008502392,0.3438672401303007,0.0
18,173.27158664102848,2.080754093196179,342.63259416837,8.38336859794864,25.236158172962696,9.938412600760728,0.5137428390691352,0.20463452381494965,0.3101444020941556,0.2573894629545526,0.0
2,165.72673872136463,1.6257145057036149,427.0625705022039,7.1541361732456075,13.67982277190867,1.074411642217001,0.7957854850261965,0.025776246982777654,0.45258166797432203,0.23917895747854984,0.0
14,223.1089684673156,3.5325157362355206,284.0308348801868,5.983947908594633,6.346854517679688,23.96255747073522,0.34332575994766135,0.44713753831941816,0.24601706829837802,0.3465773033088981,1.0
0,190.59318562112125,2.343703150144348,517.8249837359394,7.772261184216732,17.97557869801647,8.307173250965803,0.9490561493155263,0.16413903215466438,0.5931463798583443,0.37864270600650435,0.0
6,187.7142182165884,1.551172832639795,357.89506844123355,8.935439586965014,19.09158695006634,4.339625225178679,0.6742572313030708,0.09984768111288456,0.40551791906219387,0.2526828000875392,0.0
3,188.06669749951237,5.232239417257521,61.503051473143074,2.3694600825344367,1.3879644550325339,3.0764033668491777,2.046536491477296,0.09302592989495222,1.3146598865268113,0.7038429082108818,1.0
0,375.7650639612477,4.539610667585366,572.0524382075488,2.2280826640640115,3.6963008234600774,176.86470508916062,1.2468513681254918,3.494618522886814,0.779264088598388,2.1369413057426008,1.0
1,184.7819114944788,2.8301676110595664,332.76932666135536,9.918350173950756,14.422905622393232,7.647639650985042,0.1228367973220803,0.18430500448442827,0.10035833416728991,0.14233166932585908,0.0
4,164.71171047715762,2.7867962097334016,436.2420998490322,9.11970358458898,10.851242205394911,23.757651942033107,0.2308590497012335,0.4219469697233651,0.24546906355201115,0.3337080166376881,0.0
8,187.2563840455231,3.3462695661521855,398.3473804130509,7.598516551140942,39.12841753102256,20.365339150601272,4.604335546165572e-05,0.43323330061597026,4.3030265144877455e-05,0.21663816544055756,0.0
14,350.6431914927771,1.3901480821037802,551.2006413040829,6.445931537189268,1.368176915419975,151.4967804961967,1.7990418941840791,2.8269060002095108,1.289140123422722,2.058023061816116,1.0
11,164.7806108545504,2.559854355035778,446.2561261481059,10.546729133043426,15.654131595636649,15.51922137645596,0.3790844288086701,0.3061998111861879,0.18851533087992148,0.24735757103305467,0.0
7,183.30273633404417,2.610378404715142,472.0266152958151,8.455075011289571,10.496248023884002,0.29931372582740323,0.11190090595449309,0.008998056018628072,0.09651380475334725,0.052755930385987665,0.0
19,193.9597888366538,2.9149088347067553,450.5028499893227,8.616294137788788,20.167228901090102,0.7659064654199597,0.1880166746788947,0.015059214055507097,0.137972173093528,0.07651569357451754,0.0
6,168.28603102209726,1.33220581463971,434.4068472843861,9.069637984178938,17.542922580247872,15.088561969312451,0.8932242493031559,0.34716314100646245,0.5372110553909552,0.44218709819870883,0.0
14,179.53198661834844,2.753251269448815,311.78651130514703,8.00207602885792,18.594635910609707,19.614424378231945,0.43593870683904434,0.3660020614555014,0.31238076231354545,0.3391914118845234,0.0
4,308.9664422684256,0.2227999591454164,684.4144490650862,2.7316524145360876,4.848187737430537,120.4970798492349,2.7948553002892185,2.1400842906088977,2.9717289151680317,2.5559066028884647,1.0
9,173.13622932051777,1.9133750862039307,464.2093442135144,7.214667989813439,40.26604096415528,28.106461966202318,1.0002735286794338,0.6100551092892036,0.6298782928909487,0.6199667010900761,0.0
7,190.04611728724677,2.3702926276623137,476.04727308044295,8.476632300572257,9.881860051985145,7.0426946790300065,0.3519866830073215,0.2117195296300844,0.3035862284561148,0.25765287904309964,0.0
4,164.1277187601511,3.361431301036374,457.1913810097416,8.217129814597024,10.421530045632231,24.34164365903962,0.343776041601739,0.43231893476164723,0.36553205565389285,0.39892549520777004,0.0
3,186.75810603736477,2.89449902190542,297.2799922702241,9.701865670445688,19.81040456163492,4.384994828996781,0.2912039038748051,0.13259581820369948,0.18706438552085933,0.15983010186227942,0.0
13,183.77450590028968,2.129685273955357,397.0043690058476,7.01457191099142,16.20798456548913,1.1822240644669364,0.7833728070427082,0.025587491571867203,0.48699650902750746,0.25629200029968735,0.0
8,210.7298044812214,3.2628511785009087,365.08063778333087,7.074523534243925,27.00285116179143,3.108081285097029,0.08337234429581519,0.06611843307728843,0.07791643430041906,0.07201743368885374,0.0
11,172.28275487757674,3.2264805062233455,422.3684303144557,10.232586634505344,18.432426398350305,8.017077353429613,0.2875417223788972,0.1581798153617038,0.14299195328700498,0.15058588432435438,0.0
3,181.56089980101927,0.7598552015508306,117.69389137699568,7.418474408282389,1.4481403324046591,9.582201065342275,2.4258477242293943,0.28975171921516363,1.5583229066023812,0.9240373129087724,1.0
10,199.5966849678088,2.915102475078244,396.7882751875146,9.858266736184689,12.257398631370103,4.111770180305825,0.33078321721751935,0.09404191424711611,0.22619850047875945,0.16012020736293778,0.0
18,171.05221950159157,1.894239534795786,421.9315928351003,8.34075125142555,22.640551199460294,12.15777974019764,0.7002573974695281,0.25033187569531495,0.4227424604958238,0.3365371680955694,0.0
4,371.3267932697027,4.740802858098608,613.5604916020151,6.275965365612848,4.561862494659468,182.85743085051197,1.7231475986639726,3.247633184753633,1.832197732570334,2.5399154586619836,1.0
9,205.89049710459815,2.200312526674359,399.5567525359007,7.160801754543902,35.43928776766343,4.647805817878066,0.7133360882090054,0.10088134499426343,0.44919205059018547,0.27503669779222445,0.0
17,148.07566398546803,2.5877032805312004,441.8723963437145,9.11411573315109,19.075268718611557,24.24063197920887,0.7922607114378133,0.4916564826025204,0.5028551662896338,0.4972558244460771,0.0
3,184.93765180674268,3.0070045949951973,283.40983372425933,7.550533681223488,27.400859832703524,6.205449059618871,0.17869833078502761,0.1876436865878333,0.1147927379994051,0.1512182122936192,0.0
3,216.60634527906828,6.177942489124612,118.4801191987397,4.455622496548529,1.2486297569936227,25.46324441270673,2.992239563344387,0.7699711992125833,1.9221632945170515,1.3460672468648174,1.0
17,153.32259130666642,2.5436390376709768,414.5867984255595,8.577253743254584,17.512011095465184,18.993704658010472,0.8363249542980369,0.3852365743499608,0.5308231468432723,0.45802986059661654,0.0
6,183.72481442431217,1.171337916953222,412.3482645232696,7.674445806590521,18.227371588643155,0.3502214329024582,1.0540921469896438,0.008058022556522111,0.6339616901415259,0.321009856349024,0.0
19,170.70430890197488,2.6082506931405134,475.4191956248288,9.231118934028103,12.426834647894315,22.489573469258943,0.49467481624513665,0.44218885227052146,0.36300694865786026,0.40259790046419086,0.0
7,181.7596772491148,2.494125195530411,415.96341595748214,8.22518009686904,10.19208329326035,1.243745359101979,0.22815411513922434,0.037389833637504685,0.19678144278094337,0.11708563820922402,0.0
2,151.29957082423633,2.30157245203184,473.5912267721986,7.506776016959277,13.47448575477626,13.352756254911299,0.11992753869797124,0.3203464385560961,0.06820557363922783,0.194276006097662,0.0
8,213.14591587910996,3.1450438562087997,379.74335072143595,6.957991156387024,27.708817684261163,5.524192682985586,0.2011796665879242,0.11751654178652743,0.18801441181335488,0.15276547679994115,0.0
7,186.30939312315823,2.642092049793986,437.22727197995414,7.836498971935557,13.176091538842218,3.305970514941464,0.08018726087564909,0.09938504426131639,0.06916099180649549,0.08427301803390594,0.0
5,190.8597840970665,2.3166136414904175,470.688571636298,7.495449201062641,13.18594283164604,5.5636524848269175,0.5263396953310582,0.1259084244146843,0.3814429421375945,0.25367568327613943,0.0
14,177.83679126822437,2.789703120485833,358.3823975127279,6.486731118238507,19.545852298008477,21.30961972835601,0.39948685580202614,0.3976341389894084,0.2862604457735238,0.3419472923814661,0.0
17,86.56811086388532,8.95150455565267,815.7919105627101,33.93454981773103,33.87740202093248,85.74818510079157,5.571540563683657,1.7391729354401484,3.536308081661698,2.637740508550923,1.0
16,138.334419835984,2.3582214443707863,323.13508852886486,7.608595184876582,13.27476551288543,6.943717007526288,0.8904076433751946,0.1459483018657401,0.5172343499730602,0.3315913259194001,0.0
7,189.37593955125809,2.626196685248421,422.8625883640958,8.54068219884519,8.64772531426966,6.372516943041319,0.09608262542121437,0.19157245219755506,0.0828706405099461,0.13722154635375058,0.0
2,78.57049371070636,0.8147642488938409,988.267085549255,3.005017086418176,7.690457481476577,86.08183336844127,1.6067357418359705,2.0651922507622125,0.9137878934926101,1.4894900721274114,1.0
6,161.89574861237531,1.937195439448417,435.0299853469485,8.624255416648811,13.826629684801537,21.4788443790344,0.2882346244944489,0.49419309109643167,0.17335269048693916,0.33377289079168543,0.0
13,176.4590323073111,2.8656020232416335,402.8067884786818,8.01943518198365,11.678794027161553,6.133249528511641,0.04745605775643158,0.13274511603662179,0.029501833931197433,0.08112347498390961,0.0
5,179.7077804248398,2.9383595967631075,437.23709747756817,7.994574116477111,12.886475454306245,16.715656157053616,0.09540625994163188,0.3782842180621409,0.06914174403583649,0.2237129810489887,0.0
18,169.24753036403746,1.9501249640732483,381.3418700438907,7.665987583585592,27.81706570457659,13.962468877751746,0.6443719681920659,0.2874908986834659,0.38900466070392975,0.3382477796936978,0.0
16,124.3148606648338,2.820554806540445,312.37525523857425,7.744596733736229,14.254857030962649,20.96327617867648,0.4280742812055358,0.4406220121736103,0.24866669129235214,0.34464435173298125,0.0
10,196.06081416007817,2.9348111644105157,430.00741309574215,10.024327834975917,11.244703486970472,0.5758993725751793,0.3110745278852476,0.013171621232647484,0.21272116625708395,0.11294639374486572,0.0
17,167.021502554662,2.90323450028477,369.3227986046053,8.227397257068391,21.192571233288174,5.294793410014904,0.4767294916842437,0.10739074403289926,0.3025845966550491,0.2049876703439742,0.0
15,214.427136378258,2.0530343029059304,405.25610614877866,7.489178941465456,23.67852355409145,13.280924414769828,0.5225603462618591,0.2565706827719222,0.29805402220400806,0.27731235248796515,0.0
16,133.50554574676573,3.65764166609662,418.1002015547333,7.706348212474275,8.974028675875802,11.772591096744549,0.4090125783506391,0.24744523390962697,0.2375938219623461,0.24251952793598652,0.0
3,187.78177995381807,2.3313019647190423,279.9508843717261,7.688704362540209,29.9453480883229,3.3613209125434764,0.8544009610611827,0.10164141898107475,0.5488525004048549,0.3252469596929648,0.0
15,188.50560112847407,1.936416636749818,372.0776392386676,7.235409929912001,15.60405486951417,12.640610835014115,0.6391780124179716,0.24420063327722333,0.36456952554542665,0.304385079411325,0.0
9,184.92579839037788,2.3763728699354947,420.0985761118963,6.666302726130017,18.582927357923435,16.31689289634221,0.5372757449478698,0.3541606870017325,0.33832578723367657,0.34624323711770455,0.0
13,158.19496531420458,2.601590976573846,460.1677045577048,7.055157930504713,14.382614414654377,24.397316521618166,0.311467104424219,0.5280438367278222,0.1936286161171679,0.360836226422495,0.0
8,223.33139310477785,3.3577780085946873,395.7992974225103,6.946776375004539,20.08382005361431,15.709669908653467,0.011554485797963476,0.33419291943941865,0.010798356951051157,0.1724956381952349,0.0
15,73.44688303854666,4.871749685555384,751.6120875021122,2.197942254260558,4.365756570574711,127.69932892494153,2.296155036387595,2.4669897206365774,1.3096635615293433,1.8883266410829602,1.0
9,205.2292447205308,2.0225317845849102,393.89291428703416,7.35699305911277,15.710052363380997,3.9865534338107125,0.8911168302984542,0.08652875960251118,0.5611416594976859,0.32383520955009854,0.0
1,185.13479650947565,2.3215496654357897,382.4404391156413,8.397306849995308,14.071931741425635,7.294754635988198,0.3857811483016964,0.17580061917868184,0.3151853047355793,0.24549296195713058,0.0
8,202.67338057620816,3.1911969049246105,401.3707677882804,8.663374717907855,19.1929124445517,4.948342619916218,0.15502661787211336,0.10526644265296642,0.1448816317721678,0.1250740372125671,0.0
0,191.20769247862523,2.5244172425493763,504.5272165710405,8.647729952438468,14.143586957190715,7.6926663934618205,0.7683420569104982,0.15199716899665436,0.4802026833481476,0.31609992617240096,0.0
8,204.71183072646647,2.8265729526322634,364.7562146254595,8.342040509936156,15.488217963027056,2.9098924696579047,0.5196505701644605,0.0619023483844231,0.4856444886056397,0.2737734184950314,0.0
0,181.44432539598048,2.7242019709565,452.9814892591823,8.365053284015673,13.277592535864164,17.45603347610657,0.5685573285033745,0.3449087136462984,0.3553401148993439,0.35012441427282115,0.0
3,308.07497708572987,6.403029853455353,730.5072186595481,2.8802174643986995,11.062880016439454,116.93187621936832,3.2173269276751277,3.5358485941357616,2.066755550790999,2.8013020724633804,1.0
18,182.49916799685988,2.0349267900805534,417.698553654036,7.29224355348227,21.283351065765792,0.7108312449293237,0.5595701421847608,0.014636201892821981,0.3378101532122372,0.1762231775525296,0.0
12,186.09512870890484,2.944176656768195,356.1452474424012,9.875051121883706,6.87434695341592,22.219630489926118,0.29437315998124225,0.4508787575946535,0.2004112426136286,0.32564500010414105,0.0
5,204.06768428658864,2.418472823170528,490.0904318726703,7.756990555327166,16.92609408641973,7.644247704695232,0.4244805136509475,0.17299340441528058,0.3076247097518516,0.2403090570835661,0.0
19,369.404476273688,0.4782075591981715,266.05064228735284,2.5594186290832504,2.3891450832021808,176.21059390245415,2.6247179501874784,3.464643755122344,1.9260953315094853,2.6953695433159144,1.0
0,175.24227579545828,3.15928688293547,482.3412090790838,8.802058610843314,21.79540517229038,23.65808307662877,0.13347241652440456,0.46745321681849156,0.083418331707237,0.27543577426286425,0.0
0,170.20153397003818,2.636598271995871,489.8224781336507,7.889383570710831,14.564356262117277,28.69882490204887,0.6561610274640035,0.5670517757470415,0.4100911609129786,0.48857146833001003,0.0
19,186.34180723378705,2.527046944519474,422.4480176770618,9.847225589776096,12.08663471075902,6.852075137446775,0.575878564866176,0.13472515362910545,0.42259665089953613,0.2786609022643208,0.0
19,182.81895293163635,3.0239025739999277,404.676386046779,10.178539658774561,8.91107496486002,10.37492943959748,0.07902293538572236,0.20399133614313153,0.05798935726322282,0.13099034670317716,0.0
5,171.8266795628198,2.5930805233547756,479.3481246832421,7.871512770545265,15.582377339382036,24.596757019073607,0.2498728134667001,0.5566377358090383,0.18108499506005674,0.3688613654345475,0.0
5,195.2685986297707,2.281026167865824,434.93653125899345,7.319688954219205,14.053930541557744,1.1548379521227048,0.5619271689556515,0.02613459906106516,0.407233492922617,0.2166840459918411,0.0
12,209.12145986319464,3.0189628724661177,365.1175546284097,8.231534383325515,11.035392192484034,0.8067006643636887,0.2195869442833196,0.016369497839488642,0.14949628005608231,0.08293288894778547,0.0
13,193.01259844261804,2.3027823432109855,450.6589166268404,7.964560606024663,13.902106663791196,10.420316606795296,0.6102757377870796,0.22553234312040973,0.3793878868076299,0.3024601149640198,0.0
7,154.7841807968719,5.104536727859653,447.67691117241344,5.620942044627742,5.721338535479151,28.219241811344858,2.3822574171900177,0.8483350301419603,2.0546815530554587,1.4515082915987096,1.0
8,210.50312515312868,2.83374601631095,379.5044520294616,6.718575215366543,32.170224837970075,2.8814019570043,0.5124775064857738,0.06129626769301474,0.47894083226043643,0.2701185499767256,0.0
4,173.0695698445077,2.171186164472835,448.7424936904412,9.06343480194827,11.000771573556726,15.399792574683033,0.8464690949618001,0.2735074925379943,0.9000382542286852,0.5867728733833397,0.0
0,175.94077652094546,2.397145663891002,461.31125101265826,8.368352960824957,14.160373994263498,22.95958235114159,0.8956136355688726,0.45365174313098094,0.5597455809886258,0.5066986620598034,0.0
0,189.53934824521605,2.4593305737293365,475.1183229935274,7.82586644750626,11.723707238646647,9.361010626871007,0.833428725730538,0.18496149988270663,0.5208809108855685,0.35292120538413757,0.0
15,195.8886051023588,2.2575322476660333,291.742309676036,7.5188052814019235,14.609948435558303,5.257606861129375,0.31806240150175613,0.10157032296683581,0.18141402951375044,0.14149217624029312,0.0
4,182.50858027786617,2.0367795785702225,424.8335168674176,7.684770063735115,9.909171679392216,5.960782141324557,0.9808756808644126,0.10586626859631529,1.0429508184943472,0.5744085435453312,0.0
13,223.7803977807117,5.827782929565609,923.8029431904644,2.4921980650788487,18.694808431623574,41.18811594488895,2.9147248485675443,0.89145585957611,1.8119863406884096,1.3517211001322598,1.0
16,130.0528679446854,2.6506992944658125,300.4514468116072,7.373288252373332,10.014230461771223,15.22526889882488,0.5979297932801684,0.32001623033084775,0.34733510011714475,0.3336756652239963,0.0
16,127.43527203840743,2.8653491202012726,297.18656734354056,6.95263746830363,10.72698166666465,17.84286480510285,0.3832799675447083,0.37503484313979385,0.22264584805135962,0.2988403455955767,0.0
11,153.84822048022912,2.3888734286846405,462.5622801910537,10.68220157995608,16.336178333342538,26.451611750777232,0.5500653551598078,0.5218997994284666,0.27354263207120433,0.3977212157498355,0.0
9,211.21229713934213,2.5020278336415864,487.0906605090035,6.340415257504555,26.644291192569415,9.969605852622038,0.41162078124177803,0.21639183883425683,0.2592000963469469,0.23779596759060187,0.0
19,172.13045979073735,3.3604401516285267,407.7594100775534,8.466307357715218,14.302458043385442,21.06342258049648,0.2575146422428767,0.41414794586878534,0.1889718284526198,0.3015598871607026,0.0
9,193.51930127070403,2.5889176963556904,381.18299191747656,6.5577418974870305,22.545196718828464,7.7233900160160545,0.3247309185276741,0.16763737627203212,0.2044850240925171,0.18606120018227462,0.0
16,144.6704390454554,2.7041793000764778,335.56661233716414,7.634502059292236,11.766160466953071,0.6076977980548861,0.5444497876695031,0.012773052469956135,0.3162687720769528,0.16452091227345447,0.0
18,184.76333951324816,1.768316231435251,397.6297904391806,7.589899578899129,22.881637124009035,1.55334027145895,0.8261807008300632,0.03198368386801087,0.4987618317852376,0.26537275782662423,0.0
11,173.48408867501598,2.5909345720293664,448.9826012097461,12.190143956114404,12.943655713425548,6.815743555990366,0.3480042118150819,0.1344770681023895,0.1730594140838158,0.15376824109310266,0.0
12,187.9405708357588,2.608346282708194,434.5328819214562,7.767605300108552,10.176492536388308,20.374188363072165,0.6302035340412435,0.41343121076231587,0.4290468375743011,0.4212390241683085,0.0
9,176.70831546284958,2.0691832599113833,426.2737004753752,6.619191360446495,19.75696597369719,24.534375823870505,0.8444653549719812,0.5325224264289024,0.5317649432326089,0.5321436848307557,0.0
18,181.6082192958099,2.2635834964993977,360.0816325564585,8.08035916697243,20.277565884041035,1.6017799459793025,0.3309134357659165,0.032981069479518364,0.19977105640343867,0.11637606294147852,0.0
16,120.03987839206856,1.976180364714228,294.38536092203276,8.08563562184941,10.043691250857986,25.238258451441723,1.272448723031753,0.5304768266108859,0.7391605328505139,0.6348186797306998,0.0
11,170.18623282358044,1.9604152567246935,448.4433081548382,8.344850236363815,13.148535588848382,10.113599407425909,0.9785235271197548,0.1995449484124667,0.4866110883754385,0.3430780183939526,0.0
13,177.37391858638526,2.4049237655684914,456.5736615053058,6.693471137392314,9.24046089053915,5.218363249437488,0.5081343154295737,0.1129437554835508,0.3158900021886943,0.21441687883612254,0.0
14,187.9464131254034,2.8973030124167702,351.4469253481561,8.744815377066338,16.437307307641078,11.199997871176976,0.29188696387108903,0.2089901916110936,0.20915755094236718,0.20907387127673038,0.0
13,175.3141116390791,2.0104403208231787,406.77386397124206,9.287065437285674,9.68217186785696,7.278170196743645,0.9026177601748864,0.15752523076221092,0.5611270830944645,0.3593261569283377,0.0
0,182.79341475946592,2.6863523987954427,484.5337323685946,8.563787185724639,16.32903481610713,16.106944112621136,0.6064069006644317,0.3182524473421249,0.37899555058953965,0.3486239989658323,0.0
10,170.02538196571857,9.661739965211494,361.4462889075324,12.177302542576276,2.57168419586032,25.45953282178442,6.41585427291573,0.5822949964143687,4.387334484595238,2.4848147405048033,1.0
6,170.8349835409307,1.9505291380813643,406.22071629355014,7.974428033723822,18.92521933844997,12.53960945047902,0.2749009258615016,0.28851591110381913,0.16533341613286878,0.22692466361834396,0.0
17,145.6058671294808,7.745178731343438,435.77802593178245,5.312494038285575,5.105249803773333,26.710428835196097,4.365214739374425,0.5417497159802201,2.770641976773556,1.6561958463768882,1.0
13,168.9892634275217,2.616730657006107,431.68181770871143,7.413754178230715,11.799218117046568,13.60301840830104,0.2963274239919582,0.2944172169522707,0.18421678633188776,0.23931700164207922,0.0
14,203.96831225633483,2.5807295418588296,324.2259928260203,7.345294207682513,16.54514623562107,4.821901259754441,0.6084604344290296,0.08997591604898714,0.4360047212204737,0.26299031863473044,0.0
10,182.5289062980688,2.887833547051098,343.0409697114599,9.71735244501621,11.476980103119022,12.956008489434197,0.35805214524466544,0.2963219698377345,0.24484573016982183,0.27058385000377816,0.0
17,175.74055772644456,3.1106015157386095,402.1480278502744,8.895657188288,16.082119884543726,3.424261761767667,0.2693624762304041,0.06945200499495996,0.17096684313830102,0.12020942406663049,0.0
17,290.5490515445947,8.433906219385307,660.0991551525625,4.355140544735544,7.626882021972775,118.23275557991781,5.053942227416293,2.3980356942295797,3.207783653153049,2.8029096736913144,1.0
6,174.812457225579,1.6930351662481469,423.9173180276808,7.805792668248888,19.49204580287922,8.562135765830703,0.532394897694719,0.1970007448181629,0.320197783589583,0.25859926420387297,0.0
4,175.37251818472856,3.2665382097200095,400.4091121391524,8.101958984390937,13.110554516028152,13.096844234462168,0.24888295028537444,0.23260605682555194,0.26463361440531036,0.24861983561543116,0.0
5,174.46781388066765,2.8774705888486793,410.53344414052486,7.237671049915485,13.160003724686515,21.955622701225764,0.03451725202720368,0.4968674569257555,0.02501495191138874,0.2609412044185721,0.0
10,193.70786538557184,2.535588488233195,407.7806702693566,8.577608271217178,15.26566806081818,1.7770494019311514,0.7102972040625684,0.04064359634440183,0.48572041775491526,0.26318200704965855,0.0
6,138.58553871286307,6.171587680385053,253.68615884350632,4.495077630381907,57.18224624156909,44.789054278546644,3.946157616442187,1.0305229085232517,2.3733340194489876,1.7019284639861196,1.0
9,188.149826689005,2.082402948097956,433.82538957124746,7.433500479304339,21.00372981917365,13.092864597715078,0.8312456667854087,0.28418265353613453,0.5234404255994152,0.4038115395677748,0.0
5,185.2074141115752,2.850067518475138,384.0832498635354,7.630018628227198,13.258597905417945,11.216022470318222,0.007114181653662399,0.25382457320775587,0.005155709145530898,0.12949014117664337,0.0
9,174.5628059710457,2.0934419582283312,476.210348561742,7.635065839068708,27.05256452201467,26.679885315674397,0.8202066566550332,0.5790910421827229,0.516489094131805,0.5477900681572639,0.0
8,196.88425333091575,3.108483138235097,387.2719224869634,7.224204043309276,19.673070789300382,10.737469865208624,0.23774038456162705,0.2284189561277946,0.22218258597272245,0.22530077105025853,0.0
5,204.61854939718225,2.394289136525072,460.55228957164354,7.4341093912353555,10.197904430419435,8.195112815288837,0.44866420029640386,0.1854597758015264,0.3251508372083307,0.25530530650492855,0.0
16,139.30076837417812,2.863772187353144,327.01139618162944,8.967074832595124,7.755685321986289,5.977368469332163,0.3848569003928368,0.12563685656821383,0.22356188223269385,0.17459936940045384,0.0
5,185.67708190947647,4.631226091077011,674.4858080616222,2.82282659500981,3.095552474144161,10.746354672416942,1.788272754255535,0.24319574033342795,1.2959767746544122,0.7695862574939201,1.0
12,204.4352815642336,2.7782933626171484,404.73277791026106,9.500103046207306,10.800595862696088,3.8794776345973503,0.4602564541322889,0.07872201370749773,0.31334571364954683,0.19603386367852227,0.0
13,197.17294481816535,2.598920032391544,418.4803205563559,8.965660710771292,11.661737233779341,14.580662982342602,0.3141380486065213,0.3155768879913217,0.19528905222229506,0.2554329701068084,0.0
18,380.74467494454507,8.74521813124756,734.5570984021056,2.0086126946856453,6.124268190576862,197.53467570275586,6.150721198982246,4.067290816269778,3.7131646489956935,3.8902277326327357,1.0
7,139.7620713558681,2.8090401368216393,595.5731963357005,19.78198298200464,2.213718069699014,43.241351252348665,0.08676082615200409,1.2999340401588229,0.07483064917167818,0.6873823446652505,1.0
14,168.06755161142226,2.4967280881527714,357.077344329357,8.336908079738643,12.892430707663591,31.078859385158125,0.6924618881350879,0.5799266082606739,0.49619767434090595,0.5380621413007899,0.0
9,178.04390557630794,2.014987527853986,399.55172361068503,7.3218135283643635,21.849543507880803,23.198785710412153,0.8986610870293785,0.5035332361988697,0.5658923236056117,0.5347127799022406,0.0
9,200.750528024089,2.268655192202955,407.2222576542918,6.898437126279788,19.66711310088625,0.4921632626310952,0.6449934226804093,0.0106824798273645,0.40615626061821564,0.20841937022279006,0.0
15,212.18500150124004,2.21146182564152,414.40927613852966,7.920630142924442,18.069207375181154,11.038789537751853,0.3641328235262695,0.21325546928998387,0.20769132875252846,0.21047339902125617,0.0
5,193.18289275327936,2.335521159225317,423.9522645572037,8.072667558475535,17.678391808285344,3.240543828614051,0.5074321775961588,0.07333523594801176,0.3677405000506786,0.2205378679993452,0.0
5,169.63664223031526,2.426574802410424,420.2451430668128,6.956405179683246,13.845831457135075,26.786794351578152,0.41637853441105177,0.6061994492152925,0.3017531351284333,0.45397629217186286,0.0
14,176.1904895938164,3.131363394269258,320.99124993254304,7.123000985004215,19.610227703195356,22.955921402763977,0.05782658201860125,0.42835386825557376,0.04143681551917552,0.23489534188737463,0.0
3,193.11082119864255,2.999986926277836,258.438087382416,10.015035652186475,32.60986845779091,1.9677203322810044,0.18571599950238893,0.05950097950618284,0.11930076783325834,0.08940087366972059,0.0
5,188.90008706071956,2.131475516547133,433.0706673305738,7.596747442847266,12.733260088261483,7.523349521173856,0.7114778202743426,0.1702574140127011,0.5156141469823773,0.3429357804975392,0.0
2,162.29657732717453,2.1423104163219144,477.8919584312123,6.440562220797965,12.071008163422526,2.355749751973093,0.27918957440789693,0.056516874027144455,0.15878158831008027,0.10764923116861236,0.0
18,90.25382788983424,2.891175154983409,285.5358273155168,2.213672198479687,2.285661495023475,92.95617135195496,0.29667822271809463,1.9139919647542245,0.1791034015500464,1.0465476831521354,1.0
7,173.248394580814,2.286892197626796,450.2269800503739,6.905513180362552,9.198595863623815,9.755028027402773,0.43538711304283906,0.2932584812514496,0.3755185577981718,0.3343885195248107,0.0
7,179.62605071007542,2.417893073453097,432.70140867426886,7.996452482798541,10.261664598295809,3.377371898141348,0.30438623721653846,0.10153153334752209,0.26253115305670555,0.1820313432021138,0.0
16,150.05600353160793,2.6960603949176987,273.14185797656944,7.1738398020144185,8.192066134491997,4.777866688097646,0.5525686928282822,0.10042481986418987,0.3209850126253558,0.21070491624477283,0.0
18,194.97382156415492,1.7945612124186294,409.2186927306282,7.580661440001585,28.29310869230468,11.763822322365712,0.7999357198466848,0.2422201890668857,0.4829178465925466,0.3625690178297162,0.0
7,193.15315780387115,2.2430369015977054,490.276721099888,8.046688437142045,11.539888883321895,10.149735195654387,0.47924240907192983,0.3051242825977269,0.413343465847381,0.35923387422255393,0.0
13,151.53561494783526,2.79879859303296,440.1416201811556,6.920245357106397,12.807090951620781,31.05666688798749,0.11425948796510488,0.6721756273883492,0.07103127816286704,0.37160345277560813,0.0
1,194.36883221279237,2.067619024749891,361.32078555398,8.392672147809233,20.610866779159288,1.9392810673285226,0.639711788987595,0.04673588481179462,0.5226480247741828,0.2846919547929887,0.0
8,201.88425327890624,2.911739276794719,407.1147532225489,7.224560680829984,17.3872472735417,5.737469917218135,0.43448424600200486,0.12205360347990389,0.40605147299284433,0.2640525382363741,0.0
4,171.51027512193912,2.830513012899768,431.0559383410253,8.608704396593929,12.140270209300454,16.959087297251614,0.18714224653486689,0.3012012934531172,0.198985623770797,0.2500934586119571,0.0
5,271.4491575620103,2.167938967651121,498.6677139548326,6.407973272656444,11.892914471600662,75.02572098011692,0.6750143691703547,1.6978720984001425,0.4891887677207066,1.0935304330604245,1.0
13,189.28545428687832,2.0099600201504404,440.036093106494,7.456222791789808,10.492281738542292,6.693172451055574,0.9030980608476247,0.14486381966658737,0.5614256698577581,0.3531447447621727,0.0
11,171.88401245370548,2.6690951287972773,433.3357038819992,12.48299323292174,13.807474974604313,8.415819777300868,0.269843655047171,0.16604714658532627,0.1341908610620869,0.15011900382370658,0.0
10,185.03749933389983,3.270461184137981,376.534359749567,10.660046172155658,8.72078178107927,10.447415453603156,0.024575491842217634,0.23894695109605266,0.01680538526107302,0.12787616817856284,0.0
3,188.94035422207745,2.725618273516499,287.0807992225738,9.492970406081461,58.55158900042395,2.2027466442841046,0.46008465226372586,0.06660783079215774,0.2955504772363681,0.18107915401426294,0.0
8,220.7416403666507,2.880959113786989,410.33478532001067,8.257784774387153,28.5511069380804,13.119917170526321,0.46526440900973487,0.2791009262140102,0.434817373352304,0.3569591497831571,0.0
19,198.6741495583984,3.3492867707434053,465.09284007792616,9.128258730559311,13.440470972855538,5.480267187164571,0.24636126135775527,0.10775273532601824,0.18078714908474905,0.14426994220538364,0.0
5,180.1483456754865,2.347762136647054,427.0266718068085,8.099144278891954,13.388211422920712,16.275090906406916,0.49519120017442164,0.36831399136087484,0.3588693575474509,0.36359167445416285,0.0
8,186.17973651034535,3.2448400944345415,318.9883709816082,6.898400729670456,23.717946014421283,21.441986685779028,0.10138342836218239,0.4561368998055441,0.09474886788723455,0.2754428838463893,0.0
1,193.84165533351864,2.335144793346035,362.8787945773644,7.680279987410929,11.421045982003191,1.4121041880547978,0.3721860203914509,0.03403113647991996,0.3040780109961795,0.16905457373804972,0.0
8,212.6481219206128,3.5325589901630376,376.1302117936178,6.986915841721,16.545640666413373,5.026398724488416,0.1863354673663138,0.1069269356880672,0.1741416212235982,0.1405342784558327,0.0
2,162.66122735732654,1.9621717708072288,462.84471232209586,7.29062826879375,10.100471099700284,1.9910997218210866,0.45932821992258255,0.047768542503036644,0.2612306153251781,0.15449957891410737,0.0
11,184.6915876577343,2.3874892344949137,453.8734217578115,8.145249612272805,16.44239293020094,4.39175542672794,0.5514495493495346,0.08665091178350763,0.27423097958919246,0.18044094568635005,0.0
0,197.760707520128,2.7822283034198123,419.5911132176083,8.545949442992626,12.252180443574805,1.1396513519590599,0.5105309960400621,0.022518041246168408,0.31907449556597434,0.17079626840607137,0.0
3,188.6734611769895,2.8274441934372647,255.61559325401095,8.506322065982898,21.06986813749192,2.469639689372059,0.35825873234296024,0.0746782853916243,0.23013925545459077,0.15240877042310752,0.0
14,182.4492743430571,3.0135240363316917,374.860240815384,7.808089230879962,20.420219575082672,16.697136653523273,0.17566593995616753,0.3115659332004621,0.1258770083389125,0.2187214707696873,0.0
0,190.88689519085312,2.850889031115277,462.66745580970104,8.426126646031593,15.269616207480656,8.01346368123393,0.4418702683445974,0.15833570976642025,0.27616253287506654,0.2172491213207434,0.0
17,156.11790973511154,2.769500734906406,465.44629417830095,7.90279474081916,14.148594141396742,16.198386229565358,0.6104632570626078,0.32854100521372315,0.3874666485566657,0.3580038268851944,0.0
8,187.35504731724444,3.5473401200664707,373.8907392139825,7.592196182056624,21.323918211879988,20.266675878879937,0.20111659726974684,0.4311344298561311,0.18795546976935162,0.3095449498127414,0.0
3,190.5418939091816,2.6641196681953963,269.45064792355714,9.612817020148727,27.500961845379713,0.6012069571799543,0.5215832575848287,0.018179617423920817,0.3350561248657621,0.17661787114484145,0.0
1,186.87114411849257,3.067120129770233,355.22850835272527,7.814817709760553,11.694028286794287,5.558407026971281,0.3597893160327468,0.1339553481576852,0.2939498358424278,0.2139525920000565,0.0
15,209.00889268868357,1.697419891741751,367.0140763295264,7.119146145634903,17.763628922571435,7.862680725195389,0.8781747574260386,0.15189705920150556,0.5008866832725539,0.32639187123702973,0.0
13,168.0243716422,9.860748269386686,668.1881651171103,5.273703029889557,5.979490610655891,14.567910193622737,6.947690188388622,0.31530087273863394,4.319145159407431,2.3172230160730325,1.0
9,183.87114424424357,2.7073404417379323,410.6785441411453,7.04312645121588,41.50926132994939,17.37154704247652,0.20630817314543215,0.37705211855779086,0.12991350484087533,0.25348281169933307,0.0
11,175.60935894258577,1.5303605750359517,382.71605648878966,11.148888712169272,17.833409270179747,4.690473288420577,1.4085782088084966,0.09254472247345573,0.7004734748358719,0.39650909865466377,0.0
1,193.3347002856777,2.6631859086363647,367.53145071352407,8.100374668007335,20.56958591766599,0.9051491402138652,0.044144905101121346,0.021813726059216894,0.03606662852260212,0.028940177290909506,0.0
16,117.15561454157552,7.3816549873564545,398.81114441027154,2.112423012659411,17.132126772175212,28.122522301934765,4.133025899610473,0.5911004681930427,2.40085873084319,1.4959795995181162,1.0
1,196.8820115690197,2.55848911084946,332.6719155532397,7.622684268461726,17.577300149619372,4.452460423555863,0.148841702888026,0.10730248492088734,0.1216044840154745,0.11445348446818092,0.0
17,173.39694323394804,3.077914580666421,420.3133363295088,7.132633212932767,41.36521688247981,1.0806472692711395,0.30204941130259266,0.02191804387771606,0.19171354171103974,0.1068157927943779,0.0
7,188.75822383859156,2.8517510788841265,468.6199279518322,7.048835871056905,12.033127495441994,5.754801230374795,0.12947176821449125,0.17300250332269038,0.11166855935559387,0.14233553133914212,0.0
16,151.28921920239696,2.5725518199888797,411.37292571268586,7.94487297337562,8.259352631671737,6.011082358886682,0.6760772677571012,0.1263454806271203,0.3927306652426796,0.25953807293489994,0.0
13,67.92850374150964,3.9633616408815513,899.2744045893794,11.876326934252008,2.1607810359315343,114.6637780943131,1.0503035598834862,2.4817279090910795,0.6529383742759093,1.5673331416834944,1.0
0,181.43364617287452,2.229107532110368,479.6912146892712,8.588804598459546,13.170104422677861,17.466712699212536,1.0636517673495063,0.34511972132506247,0.6647669852708978,0.5049433532979801,0.0
7,194.23912553940175,2.61665352163641,503.7089442420945,9.222847695678611,9.79915729872783,11.235702931184989,0.10562578903322528,0.33777095956422776,0.09110155715644254,0.21443625836033514,0.0
9,186.041273444812,2.713651379080292,440.50732797839635,7.111330519745573,20.53429001832168,15.201417841908096,0.19999723580307238,0.32994912821285044,0.12593946941379042,0.22794429881332043,0.0
13,178.85249178683208,2.4770613469351246,471.6255756461634,7.799965909774661,14.387103873929533,3.7397900489906704,0.4359967340629405,0.08094222511216516,0.27104449570773875,0.17599336040995195,0.0
4,178.23386939545895,2.940724116628078,428.2662762929547,8.017607730433866,10.779545309813642,10.235493023731777,0.07693114280655688,0.1817871259131964,0.08179976313317838,0.1317934445231874,0.0
16,134.08632744539753,2.5228043166914036,326.69351004947026,7.4608879558635035,12.75775887181925,11.191809398112753,0.7258247710545773,0.2352379243982896,0.4216287971514713,0.32843336077488045,0.0
10,205.1371778221983,3.0066623981458327,348.54741681588115,8.83435640602025,12.967295026997906,9.652263034695324,0.2392232941499306,0.22076070713950072,0.16358735147291367,0.1921740293062072,0.0
14,178.81377526313378,2.6942317182705744,342.8003395601283,7.552999003135321,16.32089557725054,20.332635733446608,0.4949582580172849,0.3794037719263447,0.3546724241899229,0.3670380980581338,0.0
13,93.16147187635228,9.122283980542448,140.1067335904983,2.804640933374675,1.063804534733625,89.43080995947047,6.209225899544384,1.93559762897823,3.860066764707654,2.897832196842942,1.0
16,122.5641677149614,2.9054926712524227,317.6812669617085,7.645807064563485,11.394697815292458,22.713969128548882,0.3431364164935582,0.4774194022235292,0.19932661479001315,0.33837300850677116,0.0
18,159.1775140741059,2.0417319773852993,388.614648780055,7.347709765195186,26.557210287935924,24.03248516768332,0.5527649548800149,0.4948351769982141,0.33370189011392637,0.41426853355607024,0.0
2,165.51953453668617,1.9456855973958396,523.2594745036826,6.740100098789413,17.118576051552086,0.8672074575385409,0.4758143933339718,0.020805204199663117,0.2706066846320904,0.14570594441587678,0.0
18,174.2380927957692,2.237571587109785,347.088294465259,7.80814411531444,19.672062747043277,8.97190644602,0.356925345155529,0.18473390842648732,0.21547433725030432,0.20010412283839582,0.0
3,184.52959290488516,3.0382807427973955,277.20980482603613,8.488384590361388,24.945025246684715,6.613507961476387,0.1474221829828295,0.199982789842712,0.09470147791591017,0.14734213387931108,0.0
18,157.61415400658706,2.4365539936831007,318.6319284290473,8.410164420533787,31.866354414051237,25.595845235202148,0.15794293858221353,0.5270251710968226,0.09534949108065825,0.3111873310887404,0.0
2,163.87157740147634,1.720234642604772,462.54983790678,6.913933774471953,16.223373600892696,0.780749677671281,0.7012653481250393,0.01873099260340511,0.3988258732019673,0.2087784329026862,0.0
19,181.00540196869952,2.831842698041042,439.4235746437452,9.384494896524295,16.22207417699075,12.18848040253431,0.2710828113446082,0.23964928314382938,0.1989285505309329,0.21928891683738114,0.0
7,131.3770972727409,1.5263799815306758,485.5098529248661,2.3057791935938234,10.813668464707076,51.626325335475855,1.1958993291389595,1.5520055624592393,1.0314554057686973,1.2917304841139683,1.0
2,208.31139958140503,9.750452305253154,755.571195139982,2.0484080807450553,3.331483370942042,43.6590725022574,7.328952314523342,1.0474263230571832,4.168145216800544,2.6077857699288636,1.0
3,159.1914485369796,2.602687950856928,311.06416402306473,10.551867353627665,43.5093272974851,31.951652329381943,0.5830149749232971,0.9661711470122349,0.37451880480411975,0.6703449759081773,0.0
2,147.31170549149863,2.5650906147206585,426.4786778911657,6.950138769860458,13.504591867749609,17.340621587648997,0.1435906239908471,0.4160194541040257,0.08166331924125506,0.24884138667264039,0.0
8,205.48396413220627,3.087977749923491,424.7895571145774,6.4617984699571815,20.491830492888703,2.1377590639181108,0.258245772873233,0.045476699815019096,0.24134609582338673,0.14341139781920292,0.0
2,155.39596290946213,1.749365132506126,467.36556784941894,7.309214471149586,22.4069466664653,9.256364169685497,0.6721348582236855,0.22206975392412737,0.382258687752449,0.3021642208382882,0.0
19,192.99253195079416,2.9419899129523923,411.32435454020185,8.003928098611526,17.475564068077095,0.20135042043966678,0.16093559643325772,0.0039589417487221465,0.11809928032139652,0.061029111035059334,0.0
11,159.551478013536,2.4416881757458015,449.62090315230864,9.206545360521773,16.899708752773556,20.748354217470336,0.49725060809864674,0.4093724800814971,0.24727832586146736,0.32832540297148227,0.0
12,208.51319912350397,3.2435153885872956,380.8890086911522,8.737264726374963,10.638462577569031,0.19843992467301064,0.004965571837858285,0.0040267252299406335,0.003380594964485997,0.003703660097213315,0.0
10,199.23246451294625,3.1647894863613826,428.16368275094067,9.310072472229717,12.738521651020246,3.747549725443264,0.08109620593438072,0.08571168486141562,0.05545577653902219,0.07058373070021891,0.0
7,180.685972436178,2.034965929466939,463.84949427079215,7.300133713728667,11.443855185734305,2.3174501720387752,0.6873133812026961,0.06966785906907795,0.5928033281941131,0.3312355936315955,0.0
14,166.154228601485,2.458345898603474,350.0467582265573,8.36347092702463,14.261956579216967,32.9921823950954,0.7308440776843854,0.615628913480727,0.5237012142711178,0.5696650638759224,0.0
16,256.8206324895294,1.2225322459704682,190.69575869577108,2.990652226023232,0.07721184020734016,111.54249564601909,2.0260968417755127,2.344484633771498,1.1769518048674719,1.760718219319485,1.0
1,192.99081835584823,2.721547450643385,330.5721680705311,8.363486416982212,12.215455367118771,0.5612672103843863,0.014216636905898916,0.01352631144349654,0.011615069982622916,0.012570690713059728,0.0
1,247.69439664191577,0.3682503257844866,144.4693231213779,2.313288931434389,0.4324863341125114,55.264845496451926,2.3390804879529994,1.33186029440376,1.9110415312983602,1.6214509128510601,1.0
18,191.3890364576883,2.3918896484585086,350.0498836812611,7.940578265820704,25.673470038696816,8.179037215899086,0.2026072838068056,0.16840852288746272,0.12231316938653518,0.14536084613699896,0.0
3,199.2358304862917,2.746167634292215,322.88836494899573,7.534431885801491,29.406861899063326,8.09272961993014,0.43953529148800996,0.24471228525974129,0.28234992087291916,0.2635311030663302,0.0
3,183.4769903057976,2.9099359156940894,260.99788357700425,8.452024611615863,26.52052062537499,7.666110560563936,0.2757670100861356,0.23181195003838911,0.17714799012744553,0.20447997008291732,0.0
18,293.1872554551023,4.491637043050053,931.4019054065498,7.0176529261778615,8.29667509963785,109.97725621331307,1.897140110784739,2.264460569282804,1.1452955459472454,1.7048780576150246,1.0
16,137.57817246209456,2.433754054920003,336.85101625621263,7.033868893989257,8.556873467098752,7.699964381415725,0.8148750328259777,0.16184368180273284,0.473357749171319,0.31760071548702595,0.0
9,202.39829393558216,2.905450459671363,442.23792982686746,6.658962326322117,20.692676940553167,1.1556026488620716,0.008198155212001623,0.025082534439737587,0.005162427937694147,0.015122481188715866,0.0
11,171.7924235867322,2.4435118376021148,407.106660253008,11.899357861098245,14.954488900791661,8.507408644274136,0.4954269462423335,0.16785422782308201,0.24637143496295066,0.20711283139301634,0.0
18,181.94071127794007,2.2698362343994845,355.6627696984009,7.257393386652456,24.57723952423333,1.2692879638491377,0.32466069786582974,0.026134972303970726,0.19599630469889395,0.11106563850143233,0.0
16,187.7886600967145,8.124978097775594,85.81252090153708,2.817385785740754,44.73830045113773,42.51052325320421,4.876349010029614,0.8935183668205854,2.832652245530699,1.863085306175642,1.0
12,200.60925074688228,3.11341528833832,413.09802919448896,8.728459109811128,6.773479859579522,7.705508451948674,0.12513452841111716,0.1563594893724658,0.08519243511990163,0.12077596224618371,0.0
3,187.43798972477583,2.7631222650382914,274.68446294517236,8.823927398488069,24.62378746463688,3.705111141585718,0.42258066074193357,0.11203713174425774,0.27145855732989677,0.19174784453707724,0.0
7,201.7510579961461,2.547487846546948,472.0259703908689,8.477319635887184,8.235221524641409,18.747635387929336,0.1747914641226873,0.5635968513340989,0.15075650279140018,0.3571766770627495,0.0
10,113.05552670641674,3.1460229858316904,235.6851003499799,7.8122638086633955,9.804172930609322,82.42938808108624,0.09986270646407291,1.8852749802245032,0.06828881660301911,0.9767818984137612,1.0
5,179.2355730397128,1.9600178492009903,421.8347678960969,8.010595570062891,14.29924392480674,17.187863542180622,0.8829354876204853,0.38897052315047337,0.6398710055562408,0.514420764353357,0.0
11,177.6039403622857,2.1477372594422453,429.1717731736754,9.434639731645245,13.82846161930002,2.6958918687206506,0.791201524402203,0.053190914747370734,0.39345751455452094,0.22332421465094585,0.0
12,379.2628007320614,6.000831595228707,967.17620287059,7.352149088176899,1.6891733221193699,170.94804153323045,2.7622817784792697,3.4688623924095894,1.8805801578829058,2.6747212751462475,1.0
17,189.94723835664104,2.5305110712588017,395.4140902588928,7.871063422135396,21.66538383798812,17.63094239196414,0.849452920710212,0.3575965811797148,0.5391555879676826,0.4483760845736987,0.0
9,216.2814555033688,8.342856555928698,996.6999933586882,8.326940682373019,1.935928056883415,15.038764216648701,5.429207941045334,0.3264187060895243,3.418805088414542,1.8726118972520331,1.0
14,143.68395301800413,8.945748716793847,175.12405844603734,7.855384272918632,6.149397411203309,55.46245797857625,5.756558740505988,1.034920707439992,4.124979451127065,2.5799500792835284,1.0
3,209.03774936672377,2.7681988641041886,226.24622589765332,9.098002290312763,21.74849932028859,17.894648500362223,0.4175040616760364,0.5411079492460844,0.2681974372962653,0.4046526932711748,0.0
9,372.8519992796435,8.061239093340454,178.456448027212,4.861851361462394,3.145256042040877,171.60930799292342,5.14759047845709,3.7248066038534953,3.241468868373262,3.4831377361133784,1.0
0,182.81653536704388,2.118675196840495,431.6807441495014,8.784597012344868,17.807476791376413,16.08382350504317,1.1740841026193793,0.3177956139481381,0.7337855991135768,0.5257906065308574,0.0
4,168.64623347944968,3.0390905193772246,391.9572792347283,7.269417772900243,9.332430140625672,19.823128939741054,0.021435259942589546,0.35206800768727353,0.022791799550032014,0.18742990361865278,0.0
1,202.3691327298908,3.000437628150963,390.0876096909209,9.864190777529327,20.29169035008575,9.939581584426946,0.29310681441347697,0.23953987270506294,0.2394698678970685,0.2395048703010657,0.0
18,171.63697830330284,2.054748562602667,368.91339897765073,8.030902975330633,21.32285132847058,11.573020938486366,0.539748369662647,0.23829153849643192,0.32584383208850853,0.2820676852924702,0.0
15,120.4896859778606,1.3125660268179429,487.8252985061694,2.174056402004281,6.481697216364857,80.65652598562758,1.2630286223498466,1.5581821939389753,0.7203967230638593,1.1392894585014173,1.0
16,131.86258384925404,2.686727135476798,335.8113707028765,7.820988878674472,7.16358151705504,13.415552994256245,0.5619019522691828,0.2819782511267804,0.3264066668709831,0.3041924589988817,0.0
0,168.31790984859052,3.4332791951757935,436.3007247057697,9.375120931957074,18.256051914071676,30.582449023496537,0.14051989571591905,0.6042697596384519,0.08782290436881098,0.34604633200363144,0.0
5,184.4774996362085,2.381126626811562,449.4279937051832,6.830430152037531,13.849643121315273,11.945936945684906,0.4618267100099138,0.27034292725692133,0.33468982215583304,0.30251637470637716,0.0
3,102.51703264289448,6.627603829837249,89.58925557226506,2.527852771226171,20.431305707483173,88.62606822346707,3.4419009040570243,2.679922437435589,2.211018015465636,2.4454702264506123,1.0
2,126.72489557531551,7.29897379068645,738.9947773943796,2.0071711453262,6.38722003860208,37.92743150383211,4.877473799956638,0.90991832501728,2.773932509981333,1.8419254174993065,1.0
8,208.25145951488608,3.439042886686857,337.5459405931353,7.28931435946541,19.967566889645123,0.6297363187617009,0.09281936389013312,0.013396425263402869,0.08674523823741465,0.05007083175040876,0.0
6,172.81903746666035,1.997366119390597,410.5605812700787,8.005913709752729,19.043108764294313,10.555555524749366,0.22806394455226897,0.2428660742152282,0.13716429266797317,0.19001518344160068,0.0
17,173.65083321678588,3.086029960483706,419.36281993810906,8.190409308043265,25.14751432018552,1.334537252108987,0.29393403148530783,0.027067524140323648,0.1865626354391406,0.10681507978973212,0.0
4,64.70863630999185,2.4947488997625062,859.6506806716224,2.075605702103994,5.966072709316833,123.76072610919888,0.5229063596721288,2.1980481690679636,0.5559987126353607,1.3770234408516622,1.0
19,314.4030453804534,8.297628529165097,684.2216279040733,8.645023627758743,8.160206132198114,121.2091630092196,5.194703019779447,2.3832084120661383,3.8120260633188208,3.0976172376924795,1.0
17,166.19118349075882,2.525630037006642,398.9595384972781,8.51138134890846,20.524440474524145,6.12511247391808,0.8543339549623719,0.12423154879189201,0.5422536253373268,0.3332425870646094,0.0
19,177.53110479623265,2.7217152460768097,442.1912004786128,8.614085100260787,12.308207080655276,15.662777575001172,0.38121026330884034,0.30796073783814837,0.2797433181078421,0.29385202797299526,0.0
17,372.90034171703,4.16399773134873,153.81547309975193,8.44476683786757,5.07049357698754,200.58404575235312,0.7840337393797165,4.068311687804581,0.4976334313952876,2.2829725595999344,1.0
4,172.67289115553248,3.052538274525632,427.5424470343432,9.678854400540981,10.244824880378635,15.796471263658248,0.034883015090997116,0.2805526909092524,0.03709060164346671,0.15882164627635956,0.0
8,209.97462024446975,3.620552286610512,411.9446766716746,6.838294442284521,14.724127259294363,2.352897048345369,0.27432876381378835,0.05005334537893726,0.25637661124859484,0.15321497831376604,0.0
4,192.18195186372031,2.837356117501628,463.49549295047194,8.929383629985814,10.53758427870504,3.712589444529584,0.1802991419330069,0.06593731862763168,0.19170945036290632,0.128823384495269,0.0
13,172.58099037057147,2.2969787754410005,483.7980552735333,7.1989908391032005,14.045745617165942,10.011291465251276,0.6160793055570646,0.2166795988086464,0.38299576956597686,0.2998376841873116,0.0
5,186.83698326658777,2.943440292676162,453.0159585852132,7.348686137831248,13.84388017321377,9.586453315305647,0.10048695585468614,0.21694655371571264,0.07282376842877708,0.14488516107224486,0.0
4,157.55217482580977,3.008667894599571,393.64934212826506,8.851955435211455,10.69155864411984,30.91718759338096,0.008987364835064238,0.5491036592852588,0.009556134068465352,0.2793298966768621,0.0
6,191.46963565592057,1.7626066836183707,408.034312653966,9.666815375146214,21.699365816125532,8.095042664510856,0.4628233803244952,0.1862536962573757,0.278355448587185,0.23230457242228034,0.0
1,211.17948200657383,2.235909877230714,403.14588403422465,8.509232333328864,20.16631563422809,18.749930861109988,0.47142093650677186,0.4518657061717715,0.3851534793385489,0.4185095927551602,0.0
1,191.71949589550417,2.231609661613766,371.0332016156269,8.828311329407212,14.929108645738777,0.7100552499596802,0.4757211521237199,0.017112042669420832,0.38866677897909147,0.20288941082425616,0.0
14,184.39224236450795,2.738801254136949,346.0393391501383,8.075636560352274,14.518188387692438,14.754168632072435,0.4503887221509104,0.275310456747004,0.32273521519361453,0.29902283597030926,0.0
18,194.09368408436765,2.357121091736706,388.5290551183412,7.908236313702051,33.15007973780179,10.883684842578447,0.23737584052860816,0.22409792736342504,0.1433028015840344,0.18370036447372973,0.0
16,128.28041579941936,2.883145169656033,373.5403708391114,8.114218385047971,11.570076564722651,16.997721044090923,0.36548391808994785,0.3572709716256726,0.212308191877464,0.2847895817515683,0.0
2,142.3848173992393,1.8605820647391536,492.4727201675224,7.049495437448548,12.714370636351044,22.26750967990833,0.5609179259906578,0.5342205972529688,0.31900703810046543,0.42661381767671713,0.0
13,177.13523679865355,2.596568840148663,451.88387334534366,8.77788391932245,19.593498738693913,5.457045037169195,0.316489240849402,0.11810966981020345,0.19675070930822075,0.1574301895592121,0.0
6,189.66236117485215,7.169121961443455,109.39998095570346,2.1827444022481552,7.91742411938251,6.287768183442438,4.943691897500589,0.14467126535477548,2.9732801632467076,1.5589757143007414,1.0
9,197.64875669347325,2.095716349250231,418.2656500628241,7.077752603525783,27.659044466660628,3.5939345932468427,0.8179322656331336,0.07800690687066571,0.5150568963447337,0.2965319016076997,0.0
19,186.01519669761524,2.501039905756658,400.85892296277234,8.228982935998923,14.596202593574487,7.178685673618588,0.6018856036289919,0.14114695341675756,0.4416813818680076,0.2914141676423826,0.0
16,122.7190762778709,2.3067067526969907,305.0274498244888,7.268372745327885,7.787736780639082,22.559060565639385,0.9419223350489903,0.4741634167511089,0.5471590347623289,0.5106612257567189,0.0
1,199.76633426514144,2.4605967227219447,342.59568549743767,8.214648447156742,12.334935895212102,7.336783119677591,0.24673409101554133,0.17681348853816448,0.20158309966087992,0.1891982940995222,0.0
5,173.0925239982254,2.5428137932575745,393.02587203626297,7.2800538816963165,10.998803533614108,23.33091258366801,0.30013954356390116,0.5279910007998562,0.21751373032360685,0.3727523655617315,0.0
8,202.18897137330717,2.591957577408507,429.6460440761628,7.747057621800758,20.303362374021443,5.43275182281721,0.7542659453882168,0.11557131389864621,0.7049065667430724,0.4102389403208593,0.0
12,210.8204108362417,3.002963893588842,330.32034083612683,8.836150719052979,10.877605686958294,2.5056516374107503,0.23558592316059546,0.05084445926105609,0.160388493318828,0.10561647628994206,0.0
7,190.26340890626844,1.867774276034007,430.8977411284338,8.979418030256545,8.886945410599033,7.259986298051672,0.8545050346356282,0.21825181328974785,0.7370050436152329,0.4776284284524904,0.0
19,99.01568424698016,4.880654922326126,614.615147230266,3.153240517107879,3.7236156929081665,94.17819812425367,1.7777294129404764,1.851726952242716,1.3045501985107293,1.5781385753767228,1.0
7,181.42198207234915,2.8538778314076203,441.96517084705926,7.891191274989816,15.21010216748348,1.581440535867614,0.13159852073798506,0.047541723963810255,0.11350286959696622,0.08052229678038823,0.0
13,186.7742149119544,2.7301023706362697,427.76184889015735,7.673957256643699,15.305725106136626,4.181933076131656,0.18295571036179537,0.09051175708208915,0.11373740759421663,0.10212458233815289,0.0
7,189.3841578061653,2.172413714794498,399.2516557826641,8.61282267372399,10.75909244668898,6.380735197948525,0.5498655958751373,0.19181951175964493,0.47425550587104137,0.33303750881534316,0.0
11,147.6529016217288,9.4888585726103,995.6504372791832,6.057889404564718,3.3382933261388468,32.64693060927755,6.549919788765851,0.6441356654358265,3.2572171325964505,1.9506763990161384,1.0
16,162.47869691205742,3.29468291775952,331.29367042756496,7.736156207131968,8.270527978208897,17.200560068547134,0.04605383001353891,0.36153439583195857,0.026752491410032983,0.19414344362099578,0.0
15,193.06765829468316,1.870569023470052,350.94076524451316,8.504649959875167,21.623764078288776,8.078553668805029,0.7050256256977374,0.15606745177390163,0.4021271897098894,0.2790973207418955,0.0
1,116.7407022322833,1.6459107139252849,219.61742895161697,3.518230880679788,1.1860374446143362,75.68884891318055,1.0614200998122012,1.8240704681434838,0.8671860174726598,1.345628242808072,1.0
4,172.94726618151023,2.751803416018835,400.21145307208496,9.205835743801542,9.807739835300907,15.5220962376805,0.2658518434157999,0.27567966258719623,0.28267639120626437,0.2791780268967303,0.0
15,220.35460997746725,1.9845858746629248,325.0010335397364,7.540998853544186,20.057688481723968,19.208398013979064,0.5910087745048647,0.3710819849197112,0.3370951195572829,0.35408855223849706,0.0
12,200.9280495530345,2.7569939252292444,402.88456258007113,8.893324296478765,8.692648206253795,7.386709645796458,0.48155589152019296,0.149890452468106,0.3278465149935044,0.23886848373080521,0.0
0,169.82031074154116,2.7834019634001637,426.6320853214023,8.599821324702743,13.792758963209591,29.08004813054589,0.5093573360597108,0.5745842551922129,0.31834097503714986,0.4464626151146814,0.0
0,192.87631273102815,2.6719727867003575,480.61780251533594,7.789204906459205,18.144877849239993,6.0240461410589035,0.6207865127595169,0.11902738433118536,0.38798260036959586,0.2535049923503906,0.0
15,205.78403664581387,2.0451227305197097,362.6776830039871,9.795993002549372,16.901408139103673,4.637824682325686,0.5304719186480797,0.0895969142025568,0.30256656508740853,0.19608173964498266,0.0
17,187.0455376172303,2.7540879498097004,386.6450695338313,8.092520612557973,21.878007071944246,14.729241652553412,0.6258760421593133,0.2987433309704201,0.3972492851318463,0.34799630805113324,0.0
0,189.1643951070682,3.086449387714936,486.6131580860252,7.793393588805953,15.453337684465483,9.735963765018852,0.2063099117449383,0.1923700904272443,0.12894071374877153,0.1606554020880079,0.0
3,84.32890327448561,4.6686268997848686,536.6108247720407,2.2364785424660965,6.660315721415832,106.81419759187594,1.4829239740046436,3.2299048180877143,0.952604887091729,2.0912548525897217,1.0
0,181.82783700275877,2.7847707641302915,473.304622064416,7.564882640091769,19.203490860446255,17.072521869328284,0.507988535329583,0.3373310187969284,0.31748549435941725,0.32740825657817285,0.0
0,193.5674751835772,2.7639826705785087,492.5352558173681,9.041216567689002,14.688935480934171,5.332883688509867,0.5287766288813658,0.10537090545494987,0.33047775245003647,0.21792432895249317,0.0
10,214.43896964723064,2.5770850964909107,438.2657114595906,8.680506531342266,12.299708732594006,18.95405485972765,0.6688005958048526,0.4335056492921657,0.45734391594261997,0.4454247826173928,0.0
14,195.334694409004,2.441127895441485,302.5792098956901,7.591237593780304,13.03422247206489,3.8117165875763988,0.7480620808463745,0.07112602959102722,0.5360391252408933,0.30358257741596023,0.0
5,222.83491415992503,4.384018446595076,251.39435196372517,2.1013320001966243,31.80831729068688,26.411477578031622,1.5410651097736001,0.59770583036643,1.1168232506725597,0.8572645405194949,1.0
14,188.91801366805777,2.8355823129964866,369.31235636193173,6.903536803997013,14.293023166593809,10.228397328522618,0.3536076632913727,0.19086027891697288,0.25338477562547396,0.22212252727122342,0.0
18,99.56397271626476,7.078620214040227,777.4751549951629,7.473010974410034,6.624519254601159,83.64602652552445,4.484123281774913,1.7222936393034383,2.707046460564701,2.2146700499340697,1.0
5,171.85613197255336,2.100587943691976,469.7966861600991,7.318848165756072,14.2072556776523,24.567304609340056,0.7423653931294996,0.5559712120613959,0.537998638917666,0.5469849254895309,0.0
17,174.66465260118989,2.655829064277756,420.011153688515,8.317780023186744,21.985124407000562,2.348356636512989,0.7241349276912579,0.047630142844235494,0.45961510424955787,0.2536226235468967,0.0
18,182.5810138844897,2.0759473055877544,371.749184158533,6.83689847935594,27.78184022405756,0.6289853572995128,0.5185496266775598,0.012950973585832972,0.31304623965847017,0.16299860662215157,0.0
14,169.9627285781214,2.9776627563935625,336.2685565073498,7.66573360858982,15.948972733996182,29.18368241845897,0.2115272198942968,0.5445629053418836,0.1515741391255769,0.34806852223373025,0.0
9,208.6266942687541,2.072666174255395,387.8294612898378,6.6651660947296705,16.958509562068784,7.384002982034019,0.8409824406279696,0.16027092814504204,0.5295717309977638,0.3449213295714029,0.0
2,168.2262006527829,1.7665696095029857,445.9303535333439,6.789627438976591,15.407817079625563,3.573873573635268,0.6549303812268257,0.08574092489276937,0.3724741025314603,0.22910751371211482,0.0
10,202.77511381548143,3.2707694846307858,442.9044078898483,8.608459943524442,14.487075113935084,7.290199027978446,0.02488379233502247,0.16673701149867423,0.017016209467197896,0.09187661048293606,0.0
9,200.9692595450064,2.1058735352903506,392.6340734752292,7.717443339212652,21.269412304278642,0.27343174171369355,0.8077750795930139,0.005934878295065019,0.5086608548419932,0.2572978665685291,0.0
7,192.46099789459024,2.7907637747746277,458.5989765513295,7.27593090449745,10.634216387753886,9.45757528637347,0.06848446410499243,0.28431637069745674,0.05906740558431969,0.1716918881408882,0.0
17,209.36506243301076,6.215496548211764,266.2509090284227,7.346508950455159,118.39122043504901,37.048766468333866,2.8355325562427502,0.7514352852766553,1.7997386144536065,1.2755869498651309,1.0
6,174.33897872355166,2.216463674851994,367.4455572992963,8.931476715935272,13.894126540852989,9.035614267858051,0.008966389090871996,0.20789471100905357,0.0053926473114798736,0.10664367916026672,0.0
6,176.77986615285934,1.2959471953459392,380.8397513374227,8.527760176872398,18.535190269692155,6.594726838550372,0.9294828685969267,0.15173388212919867,0.5590180441208532,0.35537596312502595,0.0
1,195.10581916613447,2.6785451476422213,374.92634104321905,7.467025552311548,11.803363341284212,2.6762680206706193,0.028785666095264784,0.06449697057675804,0.023518046385090217,0.044007508480924135,0.0
9,180.8450813716086,2.3324032292809616,430.83717827229594,7.342708238010919,17.198072850203847,20.397609915111502,0.5812453856024029,0.44273328179709165,0.3660137359801255,0.40437350888860857,0.0
0,196.76351348633048,2.4800011360222975,432.78644305886735,8.152094238078584,13.524416795080805,2.1368453857565726,0.8127581634375769,0.04222130957019186,0.5079621081334355,0.27509170885181367,0.0
19,202.1534391398608,2.547896089341445,503.09479600565015,8.9136932255316,12.19760211192292,8.959556768626982,0.555029420044205,0.17616235051265708,0.40729693440820985,0.2917296424604335,0.0
8,199.69523962076053,2.994528660110336,308.67352364068086,6.995152636172432,24.662534706284188,7.9264835753638465,0.35169486268638783,0.16862064590423329,0.32867985053977067,0.248650248222002,0.0
5,180.74382919413617,2.217004425662836,496.86540551473536,7.466303730498097,15.198971553855879,15.679607387757244,0.6259489111586398,0.35483788159259466,0.4536306047561114,0.404234243174353,0.0
14,166.70110983449257,2.788194483629701,310.344637987003,6.118490477525352,16.54678488899544,32.445301162087816,0.40099549265815826,0.6054241960344053,0.287341490250143,0.44638284314227417,0.0
19,177.77928564954024,5.318002291283237,424.0332111703857,2.711258716813006,8.366068568445948,15.414596721693584,2.2150767818975874,0.3030810184948887,1.6254885780177841,0.9642847982563364,1.0
11,164.63702294535963,2.2866129145587935,443.45948671993307,9.723298967723737,12.7533378823729,15.662809285646716,0.6523258692856548,0.3090328522013467,0.32439588055985347,0.3167143663806001,0.0
8,181.08700041634276,2.6691678391659517,395.40771823168586,6.89512243283368,20.3388015681228,26.534722779781617,0.6770556836307722,0.5644750350487122,0.6327489665417781,0.5986120007952451,0.0
12,201.77841966373435,2.7398131263150907,422.06068957059495,7.77586482333284,6.198657451102578,6.536339535096602,0.49873669043434665,0.13263481812343,0.3395433193478818,0.23608906873565588,0.0
2,160.22410347534506,2.195065290154489,528.164390894592,6.423332528287657,19.255365552977086,4.428223603802564,0.22643470057532245,0.10623766610630878,0.12877866762079992,0.11750816686355435,0.0
14,159.05365325940463,2.2485768594903774,326.77415081417166,7.283275476619666,15.31983655890474,40.09275773717576,0.9406131167974818,0.7481245280655571,0.6740154931362953,0.7110700106009262,0.0
7,188.23209558881615,2.4558880762253774,465.9436944328481,8.04965940685124,9.237351612492274,5.228672980599384,0.26639123444425783,0.15718588331512084,0.22976070988747807,0.19347329660129947,0.0
13,171.03738477325135,2.4513830253063187,467.09214919926694,7.538485884812185,15.064938483813998,11.5548970625714,0.4616750556917464,0.2500886592387645,0.28700784403753626,0.2685482516381504,0.0
0,202.10719998438404,2.931616145543122,434.2357613675553,8.180540400815165,14.764817542097946,3.206841112296985,0.36114315391675245,0.06336304547217891,0.2257092528306556,0.14453614915141727,0.0
12,203.86479124622952,3.057246502395963,393.11554078616433,9.665264883160354,11.048770825528381,4.44996795260144,0.18130331435347413,0.09029835229323982,0.12343252530857227,0.10686543880090604,0.0
3,197.3172790659413,2.798683853413902,293.0718725285194,7.561499148310053,35.609082485385834,6.174178199579757,0.38701907236632316,0.18669810160209951,0.2486144038377469,0.21765625271992323,0.0
6,182.48914260731348,1.9990791038511997,362.9239235618028,8.077871260514137,16.07979087106934,0.8854503840962309,0.22635096009166622,0.020372765620303403,0.1361340539673707,0.07825340979383705,0.0
8,200.1894245330981,2.268293278764223,356.3853743195492,6.5139554216671005,18.08536341595849,7.432298663026273,1.0779302440325007,0.15810781530006926,1.0073901813482862,0.5827489983241777,0.0
16,130.78942357805343,2.984112299390709,323.36224878134215,6.553541841067209,10.45049817708466,14.488713265456852,0.2645167883552717,0.3045347463067739,0.1536567774320523,0.2290957618694131,0.0
12,212.2797450079025,2.3251164919559826,411.48993074900915,8.904640898402182,9.7490207477848,3.9649858090715497,0.9134333247934547,0.08045713794768676,0.6218715988856436,0.35116436841666515,0.0
8,83.37632244555124,3.674639790776269,891.7818033728405,5.751536685214194,2.0514632704162294,124.24540075057314,0.32841626797954504,2.643081200635715,0.30692461371152135,1.4750029071736184,1.0
9,75.45723172253395,8.677589517043032,691.6832430696043,4.744965101974695,15.632365206393812,125.78545956418614,5.763940902159668,2.7301928778405644,3.629588459238503,3.1798906685395334,1.0
9,206.18296618476543,2.0693682171190675,430.807581269738,6.716485739874905,23.04782153827661,4.940274898045345,0.844280397764297,0.10722943166841378,0.5316484745598972,0.3194389531141555,0.0
3,187.34683651783067,2.863652034582623,249.34008717192927,8.586665204896812,35.77798907554454,3.796264348530883,0.3220508911976019,0.11479347115356796,0.2068799602845463,0.16083671571905714,0.0
1,211.62660274018916,2.169830736544875,348.3621590875929,9.559352094548913,13.643647467415407,19.19705159472531,0.5375000771926111,0.46264113396058454,0.4391404981066193,0.4508908160336019,0.0
1,62.79238374683321,7.188125065589236,670.1088024592809,11.617408013607019,1.8251480522494496,129.63716739863065,4.48079425185175,3.124202997152949,3.6608333713156602,3.3925181842343046,1.0
9,174.5942077125539,2.054500304296379,477.34694302637615,6.848123515380382,23.148218999218717,26.648483574166193,0.8591483105869853,0.5784094625206972,0.5410108892185856,0.5597101758696414,0.0
7,184.41890147313077,2.801971528251811,512.4096170248347,8.324327347368804,8.632592531971358,1.4154788649140073,0.07969221758217593,0.04255253608725163,0.06873402018045563,0.05564327813385363,0.0
13,169.11225488399418,2.298648647635953,468.76936129178256,10.0475481585166,14.781353982287909,13.480026951828563,0.6144094333621122,0.2917552487598704,0.381957666223414,0.33685645749164217,0.0
1,123.466957583455,6.475595478066256,68.72501086664595,3.745862246059944,22.311146631557072,68.96259356200885,3.76826466432877,1.6619704504600623,3.078692807513623,2.3703316289868424,1.0
7,285.89797285100565,0.9144960103429126,788.1968213691683,6.321289906442061,28.40509606806747,102.89455024278888,1.8077833003267227,3.093245806007705,1.5592013576284136,2.326223581818059,1.0
4,177.56733421225363,2.635063466527749,402.8702750022903,9.14748369956167,10.26692610853684,10.902028206937104,0.38259179290688605,0.19362510137700512,0.40680427840744293,0.300214689892224,0.0
10,180.96230542150545,3.2817133702949763,416.87719797930765,8.570588923077727,12.935899983722196,14.522609365997539,0.03582767799921305,0.3321523151228081,0.024499934147894278,0.17832612463535116,0.0
12,206.4619130316765,3.565364444552493,415.13793432529826,7.899129866576521,8.778426011704582,1.8528461671544676,0.3268146278030555,0.03759778895690357,0.22249761379907884,0.1300477013779912,0.0
5,190.33930550298953,1.9875025999911424,374.04475546875665,6.771799373262512,14.680333661087662,6.08413107890388,0.8554507368303332,0.13768713271836067,0.6199525682840528,0.3788198505012067,0.0
8,222.44542662567957,3.193645782317436,398.75210471389505,7.46412911594955,29.35095138910285,14.823703429555195,0.15257774047928807,0.31534569184667205,0.14259300961455107,0.22896935073061156,0.0
9,195.61720660964008,2.4420815148325365,441.3423871544636,6.91119374567193,21.884726994936187,5.62548467708001,0.4715671000508279,0.12210201602775728,0.2969486559898182,0.20952533600878773,0.0
18,285.7308753860407,2.279279517555514,52.869827788353184,2.076924741246506,9.455341327474414,102.52087614425147,0.31521741470980036,2.110931746712195,0.19029543417476308,1.150613590443479,1.0
15,211.3140354482063,2.0331410935440357,351.7378069702956,9.727891157583565,15.293308158242125,10.167823484718127,0.5424535556237537,0.19642950537970721,0.3094005606608085,0.25291503302025786,0.0
2,151.5612272514467,1.6884790197074542,478.91845399778856,6.805462723277726,12.139817851087571,13.09109982770093,0.7330209710223572,0.31406903013329773,0.41688603269075036,0.36547753141202405,0.0
17,162.2741840880837,2.8221686068187224,367.24396940146465,7.708585039953121,31.23890980936579,10.042111876593196,0.5577953851502913,0.20367742092621552,0.35403786544747334,0.2788576431868444,0.0
8,203.43008519846111,3.689843029409108,353.5737445110012,6.955293696564648,17.86287311278342,4.191637997663264,0.34361950661238394,0.08916901168627764,0.32113294807100806,0.20515097987864284,0.0
6,168.46242615779633,1.1977236271594518,417.5271045100816,9.460799795838694,14.749460889566167,14.912166833613384,1.0277064367834141,0.34310457734134336,0.6180925562278565,0.48059856678459995,0.0
16,150.8434031028646,2.2411370768928696,322.32497256642733,8.729625568853049,11.015409408894838,5.565266259354331,1.0074920108531114,0.1169749802739767,0.5852482053740394,0.35111159282400806,0.0
3,168.17199547359542,2.897256599519648,262.9590982430377,9.81322028242507,20.021390232682254,22.971105392766134,0.28844632626057676,0.6946125670333088,0.18529296503140918,0.439952766032359,0.0
15,195.5907373472812,2.406348589009672,376.1217748594301,9.136459286239402,28.274962797249838,5.555474616206993,0.16924606015811738,0.10732475171812154,0.09653328908931465,0.1019290204037181,0.0
0,194.8353780951226,2.7625445418114465,447.5257456943104,8.36133457311668,13.727921714258976,4.064980776964461,0.530214757648428,0.08031877875915133,0.331376562149092,0.20584767045412167,0.0
5,187.06143085472848,2.3586195986848897,475.97262690953727,6.600673381602755,15.223243851829924,9.362005727164927,0.484333738136586,0.2118671850341597,0.3510008606421313,0.2814340228381455,0.0
0,178.37047153995638,3.037153405784714,453.5595507762349,8.1803795122396,14.729139637250542,20.52988733213067,0.2556058936751606,0.40564410240853715,0.15974999014886848,0.28269704627870285,0.0
12,190.72894777557505,2.976584147180451,425.24686294818366,9.45446008342332,7.879941266050545,17.585811423255905,0.2619656695689865,0.3568497149134118,0.17834800347890828,0.26759885919616,0.0
15,65.28132504955299,0.7517154492952225,314.2364584264653,7.696150497345324,14.058712109667253,135.8648869139352,1.823879199872567,2.624737985969668,1.040290438080499,1.8325142120250835,1.0
4,178.2481325433576,2.868412019610731,416.7623071428812,7.9817836160317475,10.928158453395008,10.221229875833131,0.14924323982390408,0.18153380575978922,0.15868816218576945,0.17011098397277935,0.0
14,159.18823712626153,2.3281928226786097,341.9081674736764,8.597272754764226,16.884214878433134,39.95817387031886,0.8609971536092496,0.7456132143630277,0.61696505259753,0.6812891334802789,0.0
6,177.0798782884599,1.906623796503152,421.7246310194471,8.719290328097186,19.163279493868952,6.294714702949818,0.31880626743971385,0.1448310934110309,0.1917393661559818,0.16828522978350635,0.0
15,200.31112024614671,2.2778521076738993,376.1973859100595,9.052533607176958,14.42940843368149,0.83509171734147,0.2977425414938901,0.01613291706239948,0.16982414128497175,0.09297852917368561,0.0
14,193.7095440333933,7.592213306733731,865.8077201031011,4.655177742347343,0.17404467398184853,5.436866963187072,4.403023330445872,0.10145107896177531,3.1550760757677674,1.6282635773647713,1.0
7,176.89071305623966,2.7978107525721576,467.4696867361279,8.4717935069701,12.701540299151404,6.112709551977105,0.07553144190252237,0.18376204707033594,0.06514537817489521,0.12445371262261558,0.0
10,195.48200249911807,3.132363010778359,509.8180746883682,10.062568938597328,11.595963612294966,0.002912288384919748,0.11352268151740441,6.66080939711287e-05,0.07762987658675155,0.03884824234036134,0.0
7,329.4026190232153,1.4577700327121574,831.2621506260866,2.4604387060443758,3.217640544882707,146.39919641499856,1.2645092779574778,4.401095094395724,1.0906310411035938,2.7458630677496587,1.0
11,163.87868494922628,2.6618146341679796,477.10783042968626,12.456534764540324,18.59380687090671,16.421147281780065,0.2771241496764687,0.32399513320750695,0.1378113865960024,0.23090325990175467,0.0
18,186.25985658026585,1.4349340795820458,395.3725881594048,7.456356079209009,23.735361536963566,3.0498573384766416,1.1595628526832684,0.062797363043161,0.7000232417597736,0.3814103024014673,0.0
11,162.4397049318632,2.1230360913920996,417.92356049850065,9.42658801820158,13.132653705979175,17.86012729914316,0.8159026924523487,0.35238672573197016,0.4057411867769007,0.37906395625443545,0.0
2,153.23973038902253,2.6120112196081515,472.2596653246012,6.926505334665147,12.76569004859031,11.412596690125099,0.19051122887834016,0.27380000312774017,0.10834815582337327,0.1910740794755567,0.0
1,186.8709678935901,2.2076330054490656,310.05322354641885,10.202177268971296,11.737768871742809,5.558583251873756,0.4996978082884205,0.13395959510614555,0.40825583799112336,0.27110771654863447,0.0
15,200.47932879100304,1.9319553802851963,366.5981048244609,7.792322834201788,17.12387181888326,0.666883172485143,0.6436392688825932,0.012883340462606198,0.3671141033016152,0.1899987218821107,0.0
4,183.7645373009654,2.995408556810152,391.7745458066745,7.419976939152764,11.092436937729023,4.70482511822533,0.022246702624483028,0.08355988658126896,0.02365459472963749,0.05360724065545323,0.0
6,173.94209297781703,1.676932650395976,393.383462020634,8.961851409699316,17.420974790236205,9.432500013592687,0.5484974135468899,0.21702640310735677,0.32988230518888223,0.27345435414811947,0.0
6,186.44434643579072,1.835602847422908,405.5439264146,9.391161184685982,14.36298949125289,3.069753444381007,0.3898272165199579,0.0706300076862314,0.23445343156568182,0.1525417196259566,0.0
13,191.3709551119432,3.1600331973352396,412.23283229200945,8.23496939688966,15.06918856310673,8.778673276120458,0.2469751163371745,0.19000140093256424,0.15353611765886746,0.17176875929571583,0.0
18,166.86906133836942,2.3482194967886256,365.8364391479756,7.054453039580064,26.45133039785743,16.340937903419785,0.24627743547668857,0.33646420015808276,0.14867665720382095,0.24257042868095186,0.0
18,184.50042107390823,2.3339459130531464,379.65279052896375,7.255101878498747,41.67289301338656,1.2904218321190228,0.26055101921216783,0.026570124198292844,0.15729355997448,0.09193184208638643,0.0
4,172.39166941847876,2.562573012568014,397.941627265595,8.839615939930916,12.121167701506055,16.077693000711974,0.4550822468666209,0.28554732001063343,0.48388232179792134,0.3847148209042774,0.0
17,156.4123025736631,2.449750890212264,388.5059835184781,8.165358505956354,17.938142241460373,15.903993391013785,0.9302131017567494,0.322570032689996,0.5904148182733686,0.45649242548168234,0.0
19,199.78202271881855,2.6198741495287714,418.13000926690427,8.515324824026429,12.102596520587545,6.588140347584726,0.48305135985687864,0.12953568118477962,0.3544773140417566,0.2420064976132681,0.0
12,73.54961452253009,8.214802327526545,978.5662749938116,12.255304896699167,8.378475121029869,134.76514467630085,4.976252510777108,2.7346422806744117,3.38786643900408,3.061254359839246,1.0
10,58.87201149237847,7.441504473821613,771.832475506969,18.521209144483226,4.865034295331715,136.6129032951245,4.19561878152585,3.1245274841149087,2.869077472989167,2.9968024785520377,1.0
11,183.28120599334932,1.957216056143786,419.1192827700109,8.522524553078291,15.945054611915278,2.981373762342969,0.9817227277006624,0.05882357503384907,0.4882020225057491,0.2735127987697991,0.0
13,174.51762921717636,2.428557553235673,456.4714281345003,8.190958634383106,10.600626987475522,8.074652618646383,0.48450052776239216,0.17476391492549262,0.30119767181222357,0.23798079336885808,0.0
11,99.98500656550358,9.10499437199835,477.44649055541663,4.436639085636266,5.499464611977164,80.31482566550277,6.166055588153902,1.5846403538992864,3.0663248635081795,2.325482608703733,1.0
9,189.6711175222523,2.031088869032363,448.86082508498487,7.11256948794946,26.454033298719526,11.571573764467786,0.8825597458510015,0.25116280042714717,0.555753211648825,0.4034580060379861,0.0
18,154.09698571959598,2.1815600475329453,379.56255594212627,8.791947351026584,29.866977561240024,29.113013522193228,0.4129368847323689,0.599444589217013,0.24928826930220083,0.42436642925960694,0.0
14,172.76549689389674,2.550957865730013,395.1202334144532,7.2475521257879265,16.913327531695074,26.380914102683647,0.6382321105578463,0.4922636911730301,0.45733822232641125,0.47480095674972067,0.0
8,216.89538796139817,3.3988562758637935,367.82664126061286,7.574195350935271,16.60229386956384,9.273664765273793,0.052632753067069604,0.19727932667141337,0.049188450691152664,0.12323388868128302,0.0
11,160.2752049119086,2.175418510108958,428.4444140717581,10.73147574528656,15.04535044822201,20.02462731909776,0.7635202737354905,0.3950930884640644,0.3796918736259162,0.3873924810449903,0.0
7,184.10316675475076,2.369845896627872,486.3697439558659,7.3308317388190245,8.080613149794436,1.0997441465339932,0.3524334140417631,0.03306082742886767,0.3039715310724573,0.16851617925066248,0.0
17,176.42607683558575,2.9193208314688586,409.63007645281334,6.595520815314838,26.235207188181864,4.10978087090885,0.4606431605001551,0.08335592937474698,0.29237445417823144,0.1878651917764892,0.0
2,167.79665850664566,2.065300722961537,532.7558964307653,7.775332162954178,16.933996530410397,3.144331427498031,0.3561992677682744,0.0754357643627706,0.20257878758933498,0.13900727597605278,0.0
4,391.8801149787308,7.066491176861878,756.0335387950232,2.6353840760551597,40.29204814479056,203.41075255954004,4.048835917427243,3.6126697562984087,4.305068232814886,3.9588689945566475,1.0
8,129.12767485369693,1.6236090564683594,233.76357580865843,28.454370542298808,4.149053448284165,78.49404834242745,1.7226144663283645,1.6698094439097697,1.6098860842199265,1.6398477640648481,1.0
14,176.85973275113355,2.7032482891867566,329.57773282803237,6.743401097274363,16.180342702817736,22.286678245446836,0.48594168710110264,0.4158658966246091,0.3482114165939833,0.3820386566092962,0.0
7,182.2592826283212,2.5679242092311414,474.6994246632271,7.3632206538404725,10.290753381057634,0.7441399798955786,0.15435510143849385,0.022370551855888723,0.1331302726805112,0.07775041226819995,0.0
4,162.9168200544743,2.6742947388103704,375.3534761151267,8.6531332922191,10.74080670150363,25.55254236471643,0.3433605206242647,0.4538250600617787,0.3650902382533671,0.4094576491575729,0.0
5,81.25133358395053,9.572318173294434,831.0708924756021,2.06879454558387,1.9479661170856835,115.17210299794289,6.729364836472959,2.6064061449819063,4.87682906060696,3.7416176027944332,1.0
19,202.09794406670773,2.3689987994930237,500.4858811921968,9.323144810525072,16.031021270799513,8.9040616954739,0.7339267098926263,0.17507120920053867,0.5385770343412832,0.35682412177091094,0.0
8,203.07936089434435,3.527432424998485,336.4039648476762,7.36298587546213,21.125419937510976,4.542362301780031,0.1812089022017611,0.09662999462179925,0.16935053994593363,0.13299026728386643,0.0
14,183.94326114451476,2.895136497285539,348.4851097982433,6.887495335957441,14.548277155564525,15.203149852065621,0.2940534790023204,0.28368837541050973,0.21071001150079097,0.24719919345565033,0.0
5,188.49243652221972,2.4508437185240144,517.4452822986286,7.835626625165729,13.351937585155675,7.931000059673693,0.39210961829746127,0.17948276321527787,0.2841652411372043,0.2318240021762411,0.0
19,184.90580328406213,2.4076727398062077,472.0493547107663,9.025627528063445,12.674339962186385,8.288079087171695,0.6952527695794424,0.1629597904154705,0.5101969579666086,0.33657837419103953,0.0
12,211.50263175753597,3.02820371372867,376.8204177922552,8.548428529717274,12.471003678054657,3.18787255870501,0.2103461030207674,0.06468802527074712,0.14320505268894942,0.10394653897984826,0.0
13,179.82954734569157,2.3862599336081542,495.85469108329903,7.450272710200476,11.938237457525528,2.76273449013118,0.5267981473899108,0.05979530243567924,0.3274926783705147,0.193643990403097,0.0
1,187.6073441312227,2.5553342283893605,323.5683394216139,7.96266863602871,19.789160088383206,4.822207014241144,0.15199658534812555,0.116213227341338,0.12418204021273524,0.12019763377703663,0.0
6,179.0105332489847,1.2620274188480916,368.11091784676546,10.369704198206271,17.158718489679263,4.364059742425013,0.9634026450947744,0.10040987940411114,0.5794183847354859,0.33991413206979854,0.0
9,182.6857838647871,2.854045715665356,434.8701073021729,8.562936591899263,23.325989800927005,18.556907421932976,0.05960289921800843,0.40278054914809286,0.03753230624862612,0.2201564276983595,0.0
16,148.78694348054725,2.321360732417254,384.8490547465431,7.839244954236587,8.089130557601345,3.508806637036969,0.9272683553287271,0.07375075477524709,0.5386465947226212,0.30619867474893414,0.0
10,202.23143116467415,3.014555130382368,409.3351755245867,8.4614745307713,13.335079769897309,6.746516377171162,0.23133056191339518,0.15430223159055675,0.15819008793698686,0.15624615976377182,0.0
8,197.53912734523087,3.0069407576152356,355.02328452647043,7.754340844547194,22.02456454380393,10.082595850893512,0.33928276518148826,0.21448777488837045,0.317080004236547,0.2657838895624587,0.0
16,154.61483373976677,2.6427007545525822,351.9120073677024,8.627279714025821,10.05955578265004,9.336696896256484,0.6059283331933987,0.19624576513800285,0.35198142096078777,0.2741135930493953,0.0
10,203.8750489540012,3.072956708417496,391.0848652908133,9.590769630410476,13.789910503814843,8.3901341664982,0.1729289838782675,0.19189406100244072,0.11825351108081535,0.15507378604162803,0.0
18,274.9916867855083,0.9434847278406536,136.90881003316477,4.463671701003617,918.9389191487479,91.7816875437191,1.6510122044246605,1.8898090348959575,0.9967091588453896,1.4432590968706736,1.0
17,158.71609003325628,2.8282417273863207,380.34719848288375,7.385617360996464,20.800536186514805,13.600205931420618,0.5517222645826929,0.2758438565730176,0.3501831999202956,0.3130135282466566,0.0
6,182.14791187715096,1.7909843464003552,418.9885522722083,9.08600097293047,19.753144075356552,1.2266811142587528,0.4344457175425107,0.02822392680664327,0.26128829643079016,0.1447561116187167,0.0
13,159.7114060402477,2.6212806916694364,467.7897217504277,7.998857929230058,12.76905363456246,22.880875795575037,0.2917773893286286,0.4952227197643805,0.18138818291717304,0.3383054513407768,0.0
2,171.0851160858122,1.8650157114188493,488.3149994203909,6.985394071229836,15.6118738551361,6.432789006664564,0.5564842793109621,0.15432926423036014,0.3164855203707981,0.2354073923005791,0.0
5,201.83609685178533,7.8400562471148625,401.3225931878178,82.31806262541494,1.5565380782956695,5.412660269891916,4.997102910293387,0.12249139002348243,3.621443818839727,1.8719676044316047,1.0
9,202.7734634267381,2.91600226908924,432.664698342809,7.384116630318164,29.122671972343277,1.5307721400180014,0.0023536542058755217,0.03322564634063511,0.0014821102935810967,0.017353878317108103,0.0
11,151.88521880844272,2.617161072321162,435.71813563589944,9.823476486903271,17.283024185874428,28.414613422563633,0.3217777115232865,0.5606305273869611,0.16001720763954763,0.36032386751325435,0.0
13,140.49504227408607,1.301582053031335,662.002365190137,11.739526342613336,1.4018919502638023,42.09723956173667,1.6114760279667302,0.9111324958272637,1.0018004109230287,0.9564664533751462,1.0
2,71.12322939669733,0.40345977183748,88.10373184185836,3.9350573704640857,12.29526365020801,93.5290976824503,2.0180402188923314,2.2438598272860637,1.1477062920737884,1.695783059679926,1.0
7,192.6893308015529,1.7566732876511877,434.5875692890103,7.601370549024741,12.647436493016366,9.685908193336132,0.9656060230184476,0.2911805807568744,0.832828924657304,0.5620047527070892,0.0
14,186.87944605148297,2.5830728979023725,360.08958806941996,8.66647288558441,18.257690327320944,12.266964945097413,0.6061170783854868,0.22889962871868544,0.43432554170333054,0.331612585211008,0.0
10,214.16426163135387,4.890216166756683,576.2935927279744,26.79311713461894,10.666651462151687,18.67934684385088,1.6443304744609195,0.42722269413192443,1.1244376021955194,0.7758301481637219,1.0
4,185.88487579046597,3.073087553595302,384.6205176809489,8.976351200177971,9.632060203820638,2.584486628724761,0.055432294160667084,0.04590168691509359,0.058940350641519,0.052421018778306294,0.0
11,184.1486803065695,1.9720266638973316,409.4744134170767,10.51264983123761,13.197442186149948,3.8488480755631542,0.9669121199471167,0.07593915477033371,0.4808368383699439,0.2783879965701388,0.0
2,158.95372634902895,2.3114365207701937,521.6949906371351,8.206428128867813,17.581360747223172,5.69860073011867,0.11006346995961769,0.13671532781669965,0.06259564889616663,0.09965548835643315,0.0
10,180.25617936502007,2.657788351381748,408.8635716368879,8.936197260713843,12.11234125861468,15.228735422482913,0.5880973409140151,0.3483024021023077,0.40215684994326395,0.3752296260227858,0.0
17,160.77708489537778,2.5948362159263945,397.69543163036514,7.788156173638782,20.086336281142803,11.539211069299114,0.7851277760426192,0.23404207989320036,0.49832782653581204,0.36618495321450617,0.0
4,178.97138626619574,2.657504557350614,470.9895541301132,7.8706244433840284,10.117842922587508,9.497976152994994,0.3601507020840211,0.1686884826008635,0.3829429935390211,0.2758157380699423,0.0
18,171.7988357741422,1.6002512666766702,404.7518290178056,7.859702631107101,27.94605627681566,11.411163467647015,0.994245665588644,0.23495885069188582,0.6002219477110791,0.41759039920148244,0.0
11,169.72343626358136,2.622722710467015,430.896699676293,11.057858474810219,17.771204133910473,10.576395967424986,0.3162160733774333,0.20867609074569732,0.15725145421993386,0.1829637724828156,0.0
12,198.65836863095083,2.6885989676823354,395.038503497088,10.092864162392354,10.158167014367667,9.656390567880123,0.5499508490671019,0.19594661504692726,0.3744102656810869,0.2851784403640071,0.0
12,158.62981118784202,2.4268098582379944,250.8596950989656,2.188221940808145,2.0430629877825623,49.68494801098893,0.8117399585114429,1.0082025279631068,0.5526380658303898,0.7804202968967483,1.0
0,180.6814922921089,2.4902991449566607,493.4127315515793,8.680539594287191,15.884028771004466,18.21886657997814,0.8024601545032137,0.35998131218039797,0.5015260013513745,0.43075365676588623,0.0
8,202.7158715370231,3.761816869803683,428.25521361167034,7.373124705112926,26.03158903887554,4.905851659101273,0.41559334700695905,0.10436252943727814,0.38839679981727887,0.2463796646272785,0.0
1,196.2824541058019,2.3003232723564357,334.08642445596905,7.424082989081768,12.79319823559884,3.8529029603380422,0.40700754138105033,0.09285339396080271,0.33252738378896357,0.21269038887488315,0.0
12,206.61239472066796,3.0904477216356754,356.16270654667204,7.939734507580746,11.105472295117547,1.7023644781629912,0.14810209511376193,0.034544227962539455,0.10082891020812551,0.06768656908533248,0.0
14,172.64950426386525,2.172459037526089,370.6717858163138,7.172365819463257,13.743855027769856,26.496906732715132,1.0167309387617705,0.4944280953322612,0.7285592693090093,0.6114936823206352,0.0
16,128.7461215829078,2.6694162545846685,365.5976476760635,7.682271355942178,9.525631873228782,16.532015260602492,0.5792128331613124,0.3474824148346169,0.3364624905067297,0.34197245267067333,0.0
8,203.2995702784209,3.128821389955723,383.36171555826496,7.678735061813751,17.434559566250396,4.322152917703477,0.21740213284100074,0.09194546481433573,0.20317527524684298,0.14756037003058936,0.0
10,180.49064472994073,2.893542353496106,393.8642414338948,7.799465788839159,11.037680476041222,14.994270057562261,0.3523433387996575,0.3429398524521843,0.24094189409178068,0.2919408732719825,0.0
17,186.8110201105508,3.005763614025182,440.9372080819303,8.558636579544462,21.19047456065432,14.494724145873903,0.37420037794383143,0.2939867696504984,0.2375084243860792,0.2657475970182888,0.0
5,187.29767102239057,2.395998883488334,429.53485523171423,6.7633414523548305,13.107499713721015,9.125765559502838,0.44695445333314154,0.20652094398569137,0.32391176875546135,0.2652163563705764,0.0
10,183.4574672367907,2.741425122419043,347.21333420724056,8.942716033996994,10.702255145213053,12.027447550712282,0.5044605698767204,0.27508448711295513,0.344963766350148,0.31002412673155155,0.0
18,384.8851347068072,6.5711991164156425,270.00384172454943,6.471392126916294,0.9687967225401123,201.675135465018,3.9767021841503283,4.15254396945046,2.400718467326125,3.2766312183882924,1.0
18,164.48748304376204,1.8413315579804077,373.6344486602494,7.113457654096251,25.586697347470032,18.722516198027165,0.7531653742849065,0.38550152229619733,0.4546827846960581,0.4200921534961277,0.0
11,158.5753123415522,2.5238732766346015,445.9105432164465,9.377779569851517,17.699012414903113,21.724519889454143,0.4150655072098468,0.4286325793607909,0.20640840267274285,0.3175204910167669,0.0
17,159.1542456644327,2.3225420912292907,433.1601982951991,7.216855492724225,20.070192519526326,13.162050300244204,1.057421900739723,0.2669570397341889,0.6711554139416782,0.4690562268379336,0.0
15,141.58497832312725,4.159235488743255,512.1202677847807,3.7965391233198558,16.964989916649333,59.56123364036094,1.583640839575466,1.1506477941287367,0.9032650972055805,1.0269564456671585,1.0
6,207.5889861500116,6.413113644269762,307.26601163512396,18.051686301022976,10.728684563195815,24.214393158601894,4.187683580326896,0.5571335958723365,2.5185947622736995,1.537864179073018,1.0
9,195.24141279944237,2.527929350279709,454.3419701181448,7.574101432130552,22.380213414025313,6.001278487277716,0.38571926460365535,0.13025867887013295,0.24288975460987614,0.18657421674000454,0.0
3,172.58818333231898,2.223622568935888,287.37263933417023,8.380107508749395,37.02444790130692,18.554917534042573,0.962080356844337,0.5610735173184741,0.6180238945290665,0.5895487059237703,0.0
8,199.19698509569915,3.544746073330841,399.3509082817496,7.4015246360202624,36.400487142451865,8.42473810042523,0.19852255053411705,0.1792200496677995,0.18553117819213782,0.18237561392996865,0.0
2,164.26937676617246,1.718563169488903,474.5718932807685,7.402869422989159,23.967082075628237,0.38295031297516857,0.7029368212409084,0.009187374244206372,0.3997764787420135,0.20448192649310992,0.0
7,177.6600011934314,2.293549591320532,451.5890496710702,8.722915004230712,9.503923568150167,5.343421414785354,0.4287297193491031,0.160635484017531,0.3697765989673407,0.2652060414924359,0.0
5,209.37746616785284,2.7685293069141896,414.4814693308704,8.91039807991477,14.080318171106063,12.954029585959432,0.07442402990728603,0.29315660160972434,0.053935739951583246,0.1735461707806538,0.0
12,203.63299564036464,2.950230683288257,429.0286695940132,9.71998633539035,10.306642739287497,4.681763558466315,0.2883191334611803,0.09500192802712243,0.19628962032381528,0.14564577417546887,0.0
7,178.4986707264842,2.542371729628628,467.02769288706423,7.577942215013706,9.715524167677478,4.504751881732574,0.17990758104100735,0.13542315732364216,0.15516912041176906,0.1452961388677056,0.0
0,182.75596843581897,2.771571678647037,425.1820893402416,8.200755054350607,14.30645368769118,16.144390436268083,0.5211876208128374,0.3189923384140302,0.32573473206519427,0.32236353523961225,0.0
0,188.55993819226717,3.351443249173202,485.73669172740176,7.883551615586543,15.072538984443325,10.340420679819886,0.058683949713327355,0.20431337967585858,0.036676620612335134,0.12049500014409686,0.0
15,264.6906462827599,8.806680665767734,204.07420378748353,9.639863211958128,1.5201177067992497,63.54443431927169,6.231086016599945,1.2275981995289187,3.554039764464077,2.390818981996498,1.0
15,205.70904365054656,2.023829597944697,348.2655788267285,8.071144472444194,17.42058534755331,4.562831687058377,0.5517650512230925,0.08814814426772856,0.3147115811696764,0.20142986271870247,0.0
8,197.5134209129699,3.3056353646242647,381.23002558134857,7.658653221131372,15.24848924053503,10.108302283154472,0.0405881581724592,0.21503462964061001,0.03793205752255874,0.12648334358158436,0.0
19,198.5357604420676,2.93161657619191,420.319020377078,8.517012020060003,9.09587368725311,5.341878070833786,0.17130893319373985,0.10503173554357738,0.12571154033779686,0.11537163794068711,0.0
8,207.52052379917885,4.143710255943978,900.9054470532856,4.9176191948050825,1.0312347716942754,0.10119939694553182,0.7974867331472537,0.002152821931166516,0.7452989738210198,0.37372589787609317,1.0
0,184.53377479723576,2.543263865195348,542.5262692540095,10.126411248032243,16.4496422189905,14.36658407485129,0.7494954342645266,0.28386517701921615,0.46842381652021897,0.37614449676971756,0.0
15,204.40174859774825,2.1230406115223044,322.77832125817145,8.208235914987986,13.20614713360461,3.255536634260068,0.4525540376454851,0.06289285526783019,0.25812435281361495,0.16050860404072256,0.0
10,205.78358801492905,3.1746080350277546,382.6708311449248,9.888631209998621,10.340584532209371,10.298673227426065,0.07127765726800872,0.23554500909402404,0.04874158769989919,0.1421432983969616,0.0
8,197.58902356726668,2.82132665308974,395.9626071395638,5.696968031214055,13.335237600115695,10.0326996288577,0.5248968697069838,0.21342632902680206,0.49054746880942235,0.3519868989181122,0.0
13,190.87137843658303,2.9213225989589735,414.866402268757,7.327918863331189,16.285512203565432,8.279096600760283,0.008264517960908435,0.17918880258130018,0.005137772666569109,0.09216328762393465,0.0
17,164.4381940995879,3.071344724895793,411.1615697093404,7.956005717670258,18.43123133463188,7.878101865089008,0.3086192670732206,0.1597862570537003,0.19588348964401553,0.17783487334885792,0.0
1,191.77729286346172,2.284377485231418,352.7303840084954,9.70219378212813,15.73067186684964,0.6522582820021228,0.42295332850606826,0.015719159253786582,0.34555517894269927,0.18063716909824293,0.0
5,180.14647493696887,2.5859837589509196,452.1457770410805,7.416626960928429,15.363282235974582,16.27696164492454,0.2569695778705561,0.3683563271717272,0.18622808177359354,0.2772922044726604,0.0
1,188.36423963323787,2.2991023668926456,370.0269052767437,8.841104603302554,11.306275785025463,4.065311512225975,0.4082284468448405,0.09797235365226697,0.3335248702196823,0.21574861193597464,0.0
6,178.21860968226488,1.763068238295977,444.5258794099206,10.628657144910905,22.444771837284897,5.15598330914483,0.4623618256468889,0.11863074587360281,0.27807785617333036,0.19835430102346657,0.0
7,193.77529395384565,2.5536689266344186,427.87378601055514,6.517479137683055,13.693177130118572,10.771871345628881,0.16861038403521666,0.32382711994074986,0.14542536135301407,0.23462624064688198,0.0
0,198.02193455735767,2.298169577504925,465.5329474346869,8.248245143711843,12.915389952666938,0.8784243147293864,0.9945897219549495,0.017356531817130788,0.6216042048169302,0.3194803683170305,0.0
1,183.8807476345467,2.4919033452342085,384.9695887764419,8.17987417740259,15.99990870234298,8.54880351091714,0.21542746850327754,0.20602268691008976,0.1760054181173201,0.19101405251370493,0.0
14,177.10265832771455,2.78863677562583,296.52433185197043,7.470315561349597,16.125258158909535,22.043752668865835,0.40055320066202915,0.41133294372757756,0.28702455690894507,0.3491787503182613,0.0
16,137.7056103165499,2.337298406817819,280.048014966936,8.233581192961191,9.975292441939828,7.572526526960388,0.9113306809281618,0.15916509648149782,0.5293884614170595,0.34427677894927866,0.0
4,169.8736355998704,2.59894261079823,440.8238282061823,7.2402537813417815,11.726658999764053,18.595726819320333,0.4187126486364052,0.33026877405058297,0.44521105796448013,0.38773991600753155,0.0
0,180.2522702112214,2.928853422963401,472.4807156481861,9.616105129156004,15.602065258768098,18.648088660865653,0.36390587649647355,0.3684621870589972,0.22743591452279713,0.2979490507908972,0.0
3,186.1905038280667,2.441006276735413,334.9101938686531,8.10927513566204,19.334545153733053,4.95259703829484,0.7446966490448119,0.14975927729341573,0.4783803348766284,0.31406980608502205,0.0
4,187.54263313170432,3.1282823260701247,422.8730116062886,7.828260790739322,11.340943570030701,0.9267292874864097,0.1106270666354896,0.01645914400812291,0.11762814793556033,0.06704364597184162,0.0
18,153.6959274560029,1.9396772566136773,334.46458875934627,7.790602678210275,29.80408510208069,29.514071785786314,0.6548196756516369,0.6077024841233022,0.3953118979769095,0.5015071910501059,0.0
17,148.6861687800413,2.8496467428079857,435.783449228775,7.108112530158812,21.543763539168744,23.630127184635597,0.530317249161028,0.47927402326031693,0.3365972395995327,0.40793563142992484,0.0
7,182.00772099853617,2.428783693277732,429.6799864061154,7.705379417546776,9.34667145282017,0.9957016096805944,0.29349561739190344,0.02993307051648705,0.2531380641765743,0.14153556734653067,0.0
19,177.36197930730933,2.747264104491859,436.06922489325046,8.513848167395794,11.2925150304918,15.8319030639245,0.35566140489379094,0.3112860746187201,0.26099481337227287,0.2861404439954965,0.0
15,342.45009678172704,8.063306699963237,116.93764378361038,41.97490797071311,5.720683786071379,141.30388481823886,5.487712050795447,2.7298125547512138,3.1300397382570617,2.9299261465041377,1.0
13,194.33012941982795,2.566412435079306,467.8828560684761,8.183690185850718,15.9473915051674,11.737847584005209,0.346645645918759,0.254048352723237,0.21549793139911425,0.2347731420611756,0.0
17,161.8477894304602,3.2181588420627794,416.9832349454075,7.028828050190495,24.2436974435941,10.468506534216687,0.1618051499062343,0.21232569782541016,0.102699218057849,0.15751245794162957,0.0
13,183.4732072488699,2.419246398175302,378.11504988712846,7.3487342637795265,14.833996788178585,0.8809254130471516,0.4938116828227632,0.019066327830123464,0.3069861035380229,0.1630262156840732,0.0
19,185.57561739397065,2.7954282721436754,423.08954157387103,8.892443027995487,10.664387937442868,7.6182649772631805,0.30749723724197464,0.149789939377615,0.2256505286831019,0.18772023403035845,0.0
4,173.48858527950384,2.7586472919942446,435.1136953859436,8.350834100297352,11.797785422968417,14.980777139686893,0.25900796744039045,0.2660655831483238,0.27539939760811866,0.2707324903782212,0.0
9,210.06654916714288,3.0029081370722848,374.6761114471698,7.736341863104146,23.738115680459035,8.823857880422793,0.0892595221889203,0.19152320167749207,0.05620726116269845,0.12386523142009526,0.0
11,167.40674058674605,2.3556567996728575,471.6848461438287,8.78453461164489,14.951619259524204,12.893091644260295,0.5832819841715908,0.2543853284461795,0.2900609676529391,0.27222314804955927,0.0
10,193.90379311616996,3.0938773404905113,436.3205562470866,8.814323623378964,14.251824648317019,1.5811216713330225,0.15200835180525196,0.03616245609784971,0.10394741767078572,0.07005493688431771,0.0
14,197.52858659480324,3.043222587298975,340.54388025498247,7.953160456740218,23.96057454906379,1.617824401777142,0.1459673889888844,0.030188347855906947,0.10459590655734277,0.06739212720662485,0.0
19,204.6252670205202,2.931812867385438,450.70370986595935,8.248511948373295,16.81420721637594,11.431384649286372,0.17111264200021203,0.22476330486392992,0.125567496079082,0.17516540047150597,0.0
16,150.95602185238303,2.621359610559493,331.31335805132716,7.6163764640535305,10.338232138935503,5.6778850088727495,0.6272694771864877,0.11934208642658066,0.36437840881581635,0.2418602476211985,0.0
5,182.0613188871175,0.5770415226936327,779.1892470920224,2.7823952801404865,3.4163558431716035,14.362117694775918,2.265911814127843,0.3250223868473247,1.6421259438956421,0.9835741653714835,1.0
13,181.4915716150409,2.3840628965601924,439.1716901227807,6.9438162113367445,11.532422263143273,1.100710220781849,0.5289951844378726,0.023823244970083535,0.32885850235999,0.17634087366503676,0.0
9,201.69622617025763,2.4855923405852556,364.6308635507621,7.622881165656502,22.703411057052453,0.453534883537543,0.4280562742981089,0.009844044877497137,0.2695496257629757,0.1396968353202364,0.0
2,171.32997767863415,2.232126136967149,506.2118106098205,7.522462698011138,18.83822216132691,6.677650599486526,0.18937385376266258,0.16020374719868644,0.10770130420738923,0.13395252570303784,0.0
3,163.636574411521,8.96166563299471,130.55241524351305,6.076833824872761,3.9929022060872597,27.506526454840554,5.775962707214486,0.8317570541025525,3.7103792230786765,2.2710681385906146,1.0
15,215.53912330759783,1.947608291709197,364.3749983348354,7.071029201274854,16.71053903049334,14.392911344109649,0.6279863574585924,0.2780528655465552,0.3581861139459349,0.31811948974624504,0.0
14,182.9149570274207,2.8201449787479667,355.77619454220866,7.162302284409581,18.664467222177755,16.231453969159674,0.3690449975398926,0.3028763678492421,0.26444671200549386,0.283661539927368,0.0
13,381.7497985387813,6.3192453112211355,850.9876217782581,2.4779244762450876,5.502562970882622,199.15751670295856,3.4061872302230705,4.310469929749492,2.1175119627585888,3.2139909462540404,1.0
16,191.62880957699255,5.332983594230679,829.6094823367548,2.4007559618128584,8.706987383567858,46.35067273348227,2.0843545064846984,0.9742335363687828,1.2107934565659928,1.092513496467388,1.0
19,178.26416142683942,2.82673434812969,423.4876429440157,8.0252896177353,9.976662314732273,14.929720944394404,0.27619116125596,0.2935474155677023,0.20267720814013193,0.24811231185391713,0.0
3,196.85467962580404,2.5159874335237444,302.22097494818803,9.764849532532006,26.920828036493518,5.711578759442489,0.6697154922564805,0.17270977238903915,0.43021372778923633,0.3014617500891377,0.0
14,165.32684517332697,2.855058470765695,364.6721047849097,6.448252795036641,11.729767097190544,33.81956582325341,0.3341315055221643,0.6310677575926157,0.2394287379636691,0.4352482477781424,0.0
7,176.30317363428358,2.3753824805498143,483.7661833448399,7.543075719446696,12.392924516834821,6.700248973933185,0.346896830119821,0.20142482754356322,0.2991962633917814,0.2503105454676723,0.0
10,174.79047817200353,2.957757979687218,408.3140338333661,8.542807293283543,12.680570811011004,20.694436615499455,0.2881277126085453,0.4733106054683312,0.19702951403235844,0.3351700597503448,0.0
14,289.9994690886383,1.604603806493107,577.5310340617723,13.132069800162125,3.366983068998564,90.85305809205792,1.5845861697947523,1.6953037167959455,1.1354675047351228,1.4153856107655343,1.0
1,205.2430574677649,2.0794552183398927,341.779269813013,9.274847918550043,14.159693091915173,12.813506322301066,0.6278755953975934,0.30880028975852264,0.5129777899791522,0.4108890398688374,0.0
2,161.0544702146641,1.990144101490099,502.9371224449717,8.013433331039739,16.451888716892782,3.597856864483532,0.43135588923971246,0.0863163088555576,0.2453221018931118,0.1658192053743347,0.0
8,341.32723888134825,5.762759195007568,82.93906901476306,19.632014306848465,3.0844960094516667,133.70551568522387,2.4165356722108444,2.8443268949517937,2.2583968884258208,2.5513618916888072,1.0
17,165.71876998778765,2.4149106194529426,384.394778823014,8.205629532299124,26.27000418375555,6.597525976889244,0.965053372516071,0.1338131950709144,0.6125282588281319,0.37317072694952313,0.0
17,156.6544970344838,2.5410359012918504,359.9201088835415,7.623175940540476,21.558297787211448,15.6617989301931,0.8389280906771632,0.3176577648574146,0.5324753814649091,0.42506657316116186,0.0
14,166.3088676546083,2.825042264624424,323.488142604088,8.33577962762286,22.26349990158285,32.83754334197209,0.3641477116634353,0.6127433731695126,0.2609374620321485,0.43684041760083053,0.0
12,211.25732659848424,2.995357643015386,380.0240412477405,8.436596076210524,11.075887069226516,2.942567399653285,0.24319217373405122,0.05971031489005715,0.16556688026536223,0.11263859757770969,0.0
3,192.4544187908272,3.0137409695909683,335.231799338119,7.939990923046375,23.485517570236926,1.3113179244656408,0.1719619561892567,0.03965233253410212,0.1104654066771644,0.07505886960563327,0.0
0,365.8935173378483,7.9172196136660835,773.4351001315986,2.1028709148759837,8.757239434907417,166.99315846576127,4.624460314206209,3.299569489998757,2.890220874864226,3.0948951824314914,1.0
17,167.5199078299349,2.7247167612167975,380.3388070012224,7.63577688621751,25.39893777742881,4.7963881347419886,0.6552472307522161,0.09728192406643155,0.4158914488928189,0.25658668647962524,0.0
6,187.9724916551124,1.4099837984666923,407.2911821687351,9.474577550189942,20.101332815677296,4.5978986637026935,0.8154462654761736,0.10579013065439127,0.49043311266216033,0.2981116216582758,0.0
0,187.31574004778915,2.3756154473123763,428.7944193144877,7.49589801397465,11.764034783509809,11.584618824297905,0.9171438521474982,0.2288971307393757,0.5732016552476548,0.4010493929935152,0.0
4,188.05732995819545,3.346264813242574,431.94157856950727,8.44696338422886,9.84342045837236,0.41203246099527746,0.32860955380793877,0.007317888517300162,0.34940575018336806,0.1783618193503341,0.0
5,171.64838087390302,1.9342058536402384,453.1403161364513,7.006972987262418,16.375786735101265,24.77505570799039,0.9087474831812372,0.5606727302767803,0.6585771826059176,0.609624956441349,0.0
4,184.43820369818033,2.8619339900397325,413.80937366248,8.104551707301923,13.99152001137954,4.031158721010399,0.1557212693949026,0.07159525743345381,0.1655761566330876,0.1185857070332707,0.0
11,176.87593207361158,2.036738051915719,490.42551320951935,7.549987753143331,18.20621514517684,3.423900157394769,0.9022007319287293,0.06755477973303156,0.4486564379184594,0.25810560882574546,0.0
2,153.5361215810211,2.023156556837328,487.3195513592908,6.752674566362756,13.977759173200411,11.116205498126533,0.3983434338924834,0.26668927175786183,0.22654715263089334,0.24661821219437757,0.0
11,186.5559255474136,3.0330651493057426,457.22546135735655,10.31374138634029,17.565969428768952,6.256093316407259,0.09412636546129427,0.12343496788783699,0.04680820835934707,0.08512158812359202,0.0
1,204.6592955552432,2.9512323608100908,285.74949041066895,9.490734792536939,17.29031385006978,12.229744409779357,0.2439015470726047,0.29473186514449234,0.19926889579228338,0.24700038046838785,0.0
6,55.38821209195797,0.1896361996456727,63.05827631077799,16.684012637599054,0.6079928102304355,127.98638089945175,2.0357938642971933,2.944757365842455,1.224385669388994,2.0845715176157245,1.0
2,306.05633261436617,6.834259600069784,402.48682483537254,2.5191311098134426,2.3385585738973096,141.40400553521854,4.4127596093399735,3.3924284024964906,2.5096387681650905,2.9510335853307907,1.0
18,176.81671021809947,2.517337957863474,370.6745021333259,7.691792822848026,21.141797090370854,6.393289023689732,0.07715897440184039,0.13163949893506643,0.04658054996039894,0.0891100244477327,0.0
5,185.90918086855137,2.796776986659967,419.4895539405841,7.901699554055233,17.777147105405923,10.514255713342038,0.04617635016150867,0.23794321704497554,0.0334644014483897,0.13570380924668263,0.0
7,165.36054737209656,2.411682715461963,470.0682380312456,7.826259165179024,10.05672629174394,17.642875236120204,0.31059659520767235,0.5303852313001455,0.2678875464968841,0.39913638889851477,0.0
19,173.81352739901317,3.3009782675056516,393.3208698298422,8.859571869464952,15.339571488300926,19.38035497222066,0.19805275812000156,0.3810555559657722,0.1453369466918397,0.2631962513288059,0.0
11,154.6731184246745,2.3156301939959425,442.4593175301044,10.476911565912214,16.86529879900238,25.62671380633185,0.6233085898485058,0.5056242667383897,0.30996584434992464,0.4077950555441572,0.0
2,162.50221409383516,1.741770421214652,466.8644455453876,6.95526173881548,17.86247946138079,2.150112985312461,0.6797295695151593,0.051583435224073756,0.3865779762651887,0.21908070574463123,0.0
1,188.85268962917195,2.428004257769227,382.56056218926034,9.015039393439327,14.18557812120154,3.576861516291899,0.27932655596825917,0.08620090745455636,0.22821132149968376,0.15720611447712007,0.0
0,188.12599434204773,3.1151448547110374,458.6081429738979,8.455294145062162,13.213706034868208,10.774364530039321,0.17761444474883703,0.21288755062819859,0.11100646151368768,0.16194700607094314,0.0
12,195.62738781077744,3.5204854362497073,406.60097993810535,9.833188757254536,10.652533008271368,12.68737138805352,0.28193561950027,0.25745100717048636,0.19194368075096496,0.22469734396072566,0.0
15,215.94325603168855,1.8940795595286304,383.0610132820795,7.954317082423287,18.51175075101407,14.797044068200364,0.6815150896391591,0.2858601992616028,0.38871742778179974,0.33728881352170126,0.0
16,71.42583035025021,6.671537077020297,565.1849768400251,4.753205365754172,2.369222347888693,73.85230649326007,3.4229079892743157,1.5522836990442646,1.988353988223656,1.7703188436339603,1.0
12,186.4074767927014,2.9888395895635713,329.9567330639255,9.523804598912035,8.571704932631258,21.907282406129553,0.249710227185866,0.4445406181722578,0.17000441523554596,0.3072725167039019,0.0
14,185.07811958983237,2.6676379301342763,346.42964735970435,7.639734138351317,14.220107618471927,14.068291406748017,0.521552046153583,0.2625120960338182,0.3737287449077089,0.31812042047076355,0.0
7,181.2441951022399,2.2401313711988804,473.45418918866926,6.852352781955191,13.713254058908674,1.7592275059768667,0.48214793947075485,0.05288640741259966,0.4158494669492055,0.23436793718090257,0.0
6,183.75285852697905,2.0335540093124833,406.2366282816118,9.079806575862374,16.93379749984781,0.3782655355693407,0.1918760546303826,0.008703271506577376,0.11539984264047479,0.06205155707352608,0.0
2,153.01051245853262,1.7908857949767312,503.510052935044,6.955812231991279,13.386168860415319,11.641814620615008,0.6306141957530802,0.2792991784503357,0.35864492370430634,0.318972051077321,0.0
4,181.7886151040421,2.8902037710395265,390.0850300164582,8.929919816442835,10.151533194982536,6.680747315148636,0.12745148839510856,0.11865318559226438,0.13551731043312076,0.12708524801269258,0.0
3,185.56358086070944,2.8965252429018693,303.1277875503552,8.178095539502664,24.29595384316806,5.579520005652114,0.28917768287835566,0.16871650918288805,0.1857627759593569,0.17723964257112246,0.0
2,162.64192094950448,2.016845844550805,490.2458617124181,7.531796102203267,14.305613786652719,2.010406129643144,0.4046541461790065,0.04823172320288899,0.23013620112006836,0.13918396216147866,0.0
16,151.98250983243756,2.722783342772738,345.58582961803563,7.544196665278675,9.057896654207266,6.704372988927275,0.525845744973243,0.14091758805087903,0.3054617557598024,0.22318967190534073,0.0
2,147.27671365639242,1.708778041886807,456.0580903617806,7.5530130195589065,13.64012903134736,17.375613422755208,0.7127219488430043,0.4168589444340236,0.4053415078294093,0.4111002261317165,0.0
15,198.4806721418611,2.0340400059947226,367.2965058194837,7.241809348272977,17.467757571730186,2.6655398216270783,0.5415546431730669,0.051494862152068034,0.30888784576873324,0.18019135396040065,0.0
11,167.12653911169917,2.237834036027986,445.7451222271136,9.61158817296983,15.183275973860585,13.173293119307175,0.7011047478164625,0.2599138041778041,0.3486531850740092,0.30428349462590665,0.0
19,188.1343045831758,3.0076673814351347,436.3134398049611,8.761568556213174,10.555167513394528,5.0595777880580215,0.09525812795051536,0.09948116170957871,0.06990321970431737,0.08469219070694804,0.0
7,174.36191196586068,4.929559753585724,683.851720334472,4.041488015020747,3.2217119791989353,8.641510642356081,2.2072804429160886,0.25978359873255025,1.9037650489632292,1.0817743238478896,1.0
12,211.88074515250295,3.150744466220051,422.2772367542067,9.944484342809695,9.14111418273185,3.5659859536719978,0.08780535052938632,0.07236066851429275,0.05977847779614437,0.06606957315521855,0.0
4,195.72187371677117,3.4638341343351,373.79524589886114,8.599029859131573,9.150473314038374,7.25251129758044,0.4461788749004647,0.1288079803662894,0.47441549612305195,0.3016117382446707,0.0
12,197.2232177887871,3.181960218603334,403.5653652800902,8.441956375104962,6.499077712032829,11.091541410043845,0.05658959814610354,0.22506856777107678,0.03852658198929949,0.13179757488018815,0.0
5,188.42237538189065,2.696812061777357,457.25651493134023,6.672503250534371,15.870121113177824,8.001061200002766,0.14614127504411867,0.18106828420451776,0.10590984950414147,0.1434890668543296,0.0
17,90.8814377068832,6.803029755318635,268.5802672646013,3.4654672197245677,8.733157431374032,81.43485825779369,3.423065763349621,1.6516886196119858,2.172651349232829,1.9121699844224074,1.0
9,182.89290065561008,2.435933459918323,426.1695825614267,7.344865839869169,20.43498471730647,18.34979063111001,0.4777151549650416,0.3982850471310453,0.3008201233664239,0.34955258524873456,0.0
10,204.65566432106831,2.818422915647629,407.0801907364562,10.194118990011273,10.824704331395303,9.170749533565328,0.4274627766481345,0.20974782232434605,0.2923105951433796,0.2510292087338628,0.0
15,53.20794256433577,9.083885445829612,318.5339925141011,2.755023192596225,6.1054899808318615,147.93826939915243,6.508290796661822,2.8579804840712155,3.7121497325522745,3.285065108311745,1.0
6,192.37640813558343,1.9353647339965416,412.3366170576271,9.490719923046264,13.887725291756976,9.001815144173719,0.2900653299463243,0.2071170484348876,0.17445373001724657,0.19078538922606708,0.0
4,368.7695565753703,3.0691992039191485,277.5346614140612,15.343449781810673,1.407925437339901,180.30019415617957,0.05154394448451338,3.2022154693720086,0.0548059250905023,1.6285106972312555,1.0
1,184.59258491250708,2.134931769852539,334.97032192215653,8.093561372569775,11.779232713433816,7.836966232956769,0.5723990438849471,0.18886769809079165,0.46765314446143447,0.32826042127611305,0.0
14,190.6481133026815,2.800642419486647,345.37954772167416,7.289285778895734,22.028120845340037,8.498297693898877,0.3885475568012122,0.15857689294626626,0.2784216681943818,0.21849928057032403,0.0
18,168.38968434360496,2.098665684287602,348.31355971011754,8.718422989074009,30.783213160213005,14.82031489818425,0.49583124797771205,0.30515417338835366,0.29933124950662754,0.3022427114474906,0.0
15,201.668959450277,1.8800581357146653,353.471315914337,8.35505515965287,14.932835103417702,0.522747486788802,0.6955365134531242,0.010098821092118515,0.3967148615608358,0.20340684132647716,0.0
19,191.1295269234189,2.267973465603269,499.2612365548239,10.215216210903415,10.051333629357183,2.0643554478149326,0.8349520437823812,0.04058925205475506,0.6127123996118049,0.32665082583328,0.0
10,206.3110930028005,3.1746435490143963,463.6204638980673,8.869097931741603,11.294173881939603,10.826178215297517,0.07124214328136702,0.24760978330536954,0.04871730227637635,0.14816354279087293,0.0
16,135.74342130826025,2.7145755452859417,339.1390760317515,7.499233935117293,10.45711958737953,9.53471553525003,0.5340535424600392,0.20040787083262543,0.3102296335171193,0.2553187521748724,0.0
15,200.134148297204,2.153699920237095,341.9276475170972,8.987162205950753,13.229108119567755,1.0120636662841775,0.42189472893069446,0.019551791558907572,0.2406371279489511,0.13009445975392933,0.0
10,171.2920385672755,3.024953502919281,420.9555631089804,9.307060807881198,12.474640210906717,24.192876220227475,0.2209321893764824,0.5533247947054536,0.15107939987048055,0.3522020972879671,0.0
7,198.9935989687613,2.448146908289088,438.5677598750496,8.055369570868343,9.526840294857122,15.990176360544524,0.27413240238054737,0.48070131846505926,0.23643741696498607,0.3585693677150227,0.0
4,180.54276320786428,3.2647683512123233,446.0771407646813,7.72391724720558,11.112574899238298,7.926599211326447,0.24711309177768825,0.14078009584412615,0.26275174964383136,0.20176592274397875,0.0
13,150.76811946363964,2.7308734888065884,438.55619940942705,7.434738765870634,14.778658553795378,31.82416237218311,0.18218459219147665,0.6887869321515935,0.1132580293803997,0.40102248076599656,0.0
19,190.65788838019571,2.167051072548268,452.79652753407305,7.943616849709689,17.370410072812327,2.5359939910381115,0.9358744368373819,0.04986258515729123,0.6867722238661091,0.3683174045117002,0.0
9,180.58975234160687,2.796972415754889,461.66989911392574,8.150539167858176,29.64574965066688,20.65293894511322,0.11667619912847549,0.44827523793122587,0.07347170850864443,0.26087347321993515,0.0
6,164.76287311681125,2.157180803715498,412.74008798468833,10.639441501070483,15.77483135412187,18.611719874598464,0.06824926022736788,0.42822524401856116,0.041047091080430996,0.23463616754949607,0.0
6,181.55321875486757,2.102034559908053,399.2610122717353,8.411147885023333,16.890737618807677,1.821374236542141,0.12339550403481292,0.041906843222848905,0.07421364680230755,0.05806024501257823,0.0
17,169.01768030002745,2.8033852449764947,410.83368700848496,9.081631750622643,18.802593460413117,3.2986156646494464,0.576578746992519,0.06690360946571539,0.36595983810911176,0.21643172378741357,0.0
8,199.4652146737768,3.197360207415884,381.9825683285076,7.205026583562484,21.35952208912339,8.156508522347565,0.14886331538084008,0.1735139828758804,0.13912165755420633,0.15631782021504337,0.0
1,175.73354905712154,2.1831212913312568,377.2109892299039,8.191578265229808,24.7699294650725,16.69600208834231,0.5242095224062293,0.402366858298247,0.4282820422725496,0.41532445028539833,0.0
9,195.2891062638423,1.974455697665616,411.5744617414592,6.521438564358167,24.608022102172164,5.953585022877775,0.9391929172177484,0.1292234848399532,0.5914154623019853,0.3603194735709692,0.0
1,208.6510921618097,6.7517381616274115,862.9116447009715,7.0089418055204975,0.6640737984337901,16.22154101634584,4.044407347889925,0.39093253947665696,3.3043028878710423,1.8476177136738496,1.0
7,190.0299269078528,2.089434386719124,431.2783312645433,7.807468046263953,13.691209070333676,7.026504299636031,0.6328449239505112,0.2112328097499749,0.5458246375069146,0.37852872362844475,0.0
15,197.03911979205247,1.8383230088520623,304.2517614128285,8.151655242059713,19.0408475871176,4.10709217143571,0.7372716403157271,0.07934383253176125,0.42051942789959107,0.24993163021567616,0.0
10,190.21643360832255,3.2217861794853686,442.3927310205871,10.470366042220775,13.930136464920297,5.268481179180441,0.024099512810394685,0.12049750680087401,0.0164798979399104,0.0684887023703922,0.0
5,296.3499820720159,3.750200991561473,886.1489010254109,16.22354437290239,2.38660938263671,99.92654549012249,0.9072476547399972,2.261391043774908,0.657490243926576,1.459440643850742,1.0
17,174.56624939220046,2.613780967177207,439.34877085912166,7.5385481350982895,22.043890381433986,2.2499534275235646,0.7661830247918067,0.04563429654575463,0.4863034185309594,0.265968857538357,0.0
19,195.92739816247268,3.0775449902334167,400.806127254166,8.40484559433834,22.093122246587402,2.733515791238858,0.025380519152233383,0.053746248769167344,0.018624972426813335,0.03618561059799034,0.0
10,289.3545437181612,2.137364332195275,403.47814221475113,6.4094821204535135,2.0446599162599868,93.86962893065822,1.1085213601004882,2.146929231742467,0.758036854205084,1.4524830429737756,1.0
2,171.82657853272096,1.4297530657237918,456.227207933522,7.661298435515375,12.706252818120815,7.1742514535733335,0.9917469250060196,0.17211771551755778,0.5640294852988599,0.3680736004082088,0.0
10,184.00998578289528,2.992381528299255,407.744418636149,8.854505828789488,10.74522978981953,11.474929004607702,0.2535041639965083,0.26244761796555466,0.17335299609056065,0.21790030702805765,0.0
12,195.54193518252308,2.224484834555096,407.38188012924945,9.043093507206798,10.41374606000631,12.77282401630788,1.0140649821943413,0.25918500427174285,0.6903823133382307,0.4747836588049868,0.0
7,178.43491158899565,2.073840090119461,489.0478441015631,7.626498820252041,11.88580713285434,4.56851101922112,0.6484392205501743,0.1373399030032311,0.5592746170620198,0.3483072600326254,0.0
17,161.81380798357716,3.460406796372946,402.1026419311219,7.940098240171526,16.45947153080174,10.502487981099733,0.08044280440393248,0.21301492072449105,0.05105778842918057,0.13203635457683582,0.0
1,72.99802379992333,2.2975244031361997,281.01358144948136,2.1114571666323063,1.2302484210289828,119.43152734554052,0.4098064106012864,2.8782512235872364,0.3348140752252316,1.606532649406234,1.0
16,136.95676204447065,2.7369810133785086,363.3786259421431,7.436489051272879,10.871834590935457,8.321374799039631,0.5116480743674723,0.17490495649402377,0.2972143839166419,0.23605967020533283,0.0
6,164.1799305133607,1.6091890084833729,374.433583655244,9.454113613586278,14.797878635985356,19.194662478049025,0.616241055459493,0.4416378002086063,0.3706253027018674,0.40613155145523683,0.0
16,140.8210223191165,2.8173904518105877,285.47680543293905,7.47350269914514,8.568865859683127,4.4571145243937735,0.43123863593539324,0.09368300801304426,0.25050485269399714,0.1720939303535207,0.0
13,188.28832157727496,2.585543824187848,418.36953145804296,8.274373211934039,13.771210481003248,5.696039741452211,0.32751425681021695,0.12328235675286006,0.20360459067430794,0.163443473713584,0.0
11,162.03114953226026,1.8973181366584375,436.6608536318781,12.319048436138862,13.258144554684694,18.26868269874609,1.0416206471860108,0.36044767049091936,0.5179887276634502,0.43921819907718473,0.0
6,176.7671678468396,1.9684875821102377,372.0319499259236,9.390372154324051,18.543156031271568,6.607425144570101,0.25694248183262824,0.1520260493888909,0.15453268532259704,0.15327936735574396,0.0
10,192.86844950656635,3.0221910238222596,421.7536656462021,9.86901396479685,9.448898969539593,2.6164652809366373,0.22369466847350372,0.059842207319597454,0.15296845770904444,0.10640533251432094,0.0
19,186.99967139198583,2.354774089549578,420.91425164243697,8.9257810325408,18.979960798857633,6.194210979247998,0.7481514198360721,0.12179026193534068,0.5490155454248038,0.33540290368007225,0.0
2,154.54537393559897,1.538604571166194,499.8584954192761,7.128918569661561,16.503275015329848,10.106953143548651,0.8828954195636174,0.24247626350539253,0.5021231087418451,0.3722996861236188,0.0
17,166.12111417141276,2.936281773409554,325.48039578930246,7.941584087214618,26.116280108987986,6.19518179326414,0.4436822185594598,0.12565271780751772,0.28160918820342534,0.20363095300547152,0.0
11,166.70028946393478,2.3727231261998543,445.5028078864039,10.80063363313793,12.2081363482278,13.599542767071569,0.566215657644594,0.2683238628075265,0.28157403453819124,0.2749489486728589,0.0
11,153.01073279488696,2.358363970322213,410.3143731051331,10.54321672632941,17.94844273090757,27.289099436119386,0.5805748135222353,0.5384237322277993,0.28871471565225554,0.4135692239400274,0.0
6,254.02411988149208,5.935594495898503,285.9574473513102,70.98858573933565,9.041481315133472,70.64952689008237,3.710164431955637,1.6255301012558427,2.231400851152227,1.928465476204035,1.0
3,195.4302977552863,2.5510993200091394,268.60786775633767,8.71055094195714,22.522760241339057,4.28719688892474,0.6346036057710855,0.12963855180129977,0.40765845506633913,0.26864850343381946,0.0
4,166.65459787527496,3.1636718614630324,419.9140844656424,10.117739766880467,9.316138588255612,21.81476454391577,0.14601660202839728,0.3874403841336123,0.1552573252352163,0.2713488546844143,0.0
7,214.0482231871604,2.2493166884851052,425.372409520982,9.913932427508286,10.297039166841213,31.044800578943637,0.47296262218453,0.9332777971483767,0.407927190435012,0.6706024937916943,0.0
12,356.1602773797981,0.2674367192239125,527.7317440623057,42.03528445141065,25.612037574343113,147.84551818096716,2.971113097525525,3.0000680516984546,2.0227539353746105,2.5114109935365327,1.0
16,322.8360886383765,9.206722247892374,601.7569883608019,9.76183077963971,9.870814986613178,177.55795179486623,5.958093160146394,3.732047478192328,3.461033230898148,3.596540354545238,1.0
10,203.93443574421667,3.0900755533813005,481.7627731190095,9.39896546002498,13.83612732898434,8.449520956713684,0.15581013891446283,0.19325231965697492,0.10654718240636321,0.14989975103166908,0.0
11,144.0978487247766,2.471978479232784,446.71202721706874,9.221606655972332,22.042342666124476,36.20198350622974,0.46696030461166416,0.7142781358213001,0.23221522606006723,0.4732466809406837,0.0
8,202.48329623683696,3.109565222585845,403.66348410134486,7.496526449257596,22.31642480394649,5.138426959287415,0.23665830021087908,0.1093101202530401,0.22117131353058725,0.1652407168918137,0.0
0,185.19294929030315,2.4214903249917863,436.44688570735786,7.462256504349324,14.890702511851172,13.707409581783907,0.8712689744680882,0.2708407389770045,0.544530519570792,0.4076856292738983,0.0
9,241.4251065949169,5.825761654853746,543.6310920128572,2.397994398374858,10.39998517043124,40.18241530819682,2.912113039970382,0.8721655465502329,1.8337752002131225,1.3529703733816776,1.0
18,150.50085513669018,2.0042606334172426,375.4909898129853,6.779847688230633,16.930811465178103,32.70914410509903,0.5902362988480716,0.673489861733972,0.35632318366167637,0.5149065226978242,0.0
11,180.30311415597885,2.611847656725764,482.6804016264743,10.393136905491996,16.436952770502547,0.003281924972498018,0.32709112711868427,6.475355834737228e-05,0.1626595221820278,0.08136213787018759,0.0
16,137.9646095152223,2.6788792403656334,338.3399062118623,6.63026888095544,10.157823207919543,7.313527328287989,0.5697498473803475,0.15372125520889815,0.3309654787328098,0.24234336697085396,0.0
17,302.09377338158845,5.02890488709176,385.8036013719598,2.3734931789125433,37.03133084905941,129.77747741691155,1.6489408951227462,2.632189545328395,1.046597964594147,1.839393754961271,1.0
13,180.46931876025403,2.467905126090968,417.8916621800474,7.405531228258377,14.319385589283478,2.1229630755687197,0.44515295490709716,0.04594839627798755,0.27673661004576694,0.16134250316187726,0.0
9,397.38011705669,4.216603823382269,951.809450933336,5.754917737292578,3.806884840297419,196.1374257699699,1.3029552084989047,4.257193198407018,0.8204787779660198,2.538835988186519,1.0
17,180.3541319269973,2.6475247692994097,392.5621586606099,7.931933369489364,28.70566097168289,8.0378359623204,0.7324392226696039,0.16302603662973753,0.4648859167131419,0.3139559766714397,0.0
14,179.23675625637745,2.728904107125694,330.9125078274551,8.002641788755975,14.110455647393858,19.90965474020294,0.4602858691621652,0.3715110133881187,0.3298272175315636,0.35066911545984114,0.0
12,200.845076736654,3.024566624999024,399.94531290240553,7.488878812360905,7.558261910590002,7.469682462176962,0.21398319175041314,0.15157412944827597,0.1456812073487383,0.14862766839850713,0.0
1,214.76292368020705,3.417959380165765,367.6905004661321,7.752246898382549,12.737108077192074,22.333372534743205,0.7106285664282788,0.5382251927414073,0.5805874191870666,0.5594063059642369,0.0
10,88.45208980927403,9.26798964220083,207.9178939490758,5.011387159416857,0.5982192150833193,107.03282497822896,6.022103949905066,2.4479898697744185,4.118077376035613,3.2830336229050157,1.0
7,214.40986896010725,2.667457094059225,475.5912235453832,8.869989039117781,10.741408937795285,31.40644635189048,0.0548222166104102,0.9441496972421004,0.04728380583651915,0.4957167515393098,0.0
9,200.60910128920497,3.0731062388163286,432.4248419696819,6.90745610137617,20.997654284069732,0.6335899975151165,0.15945762393296414,0.013752169008088675,0.10041143054534521,0.05708179977671694,0.0
12,200.5135038013182,3.129784498947129,362.8872250996269,7.880220271656726,8.633430022267992,7.801255397512762,0.10876531780230847,0.1583023778412453,0.074048165584851,0.11617527171304814,0.0
19,205.64956839835773,2.668388457844906,396.2746517357999,9.295997614126174,18.782203260061113,12.455686027123903,0.43453705154074385,0.24490306657458263,0.3188760858212369,0.2818895761979098,0.0
13,187.6286411341657,2.352452301894334,448.3059549649819,8.52522542740778,13.416651257949386,5.036359298342944,0.5606057791037311,0.10900454911425904,0.34850974518097977,0.2287571471476194,0.0
19,178.97165349493272,2.573898924834413,443.76580397887994,9.148916891497533,12.961732611732403,14.222228876301102,0.5290265845512372,0.279636742428067,0.38821528792294197,0.33392601517550446,0.0
0,189.41932465385975,2.3250472665000212,415.4757775157451,8.080153094168374,17.37844022077845,9.481034218227308,0.9677120329598532,0.1873330112892684,0.6048060375663437,0.396069524427806,0.0
18,165.30678308929316,2.308360748142109,290.0607542479834,7.264717462137756,33.335014808297586,17.903216152496043,0.2861361841232051,0.36863191933103223,0.17273921696542088,0.27068556814822653,0.0
5,290.45674327613494,5.053971342530993,857.8306010639006,2.6115216554490486,51.91814021209723,94.03330669424153,2.211018005709517,2.1280239052786674,1.6023439248422369,1.8651839150604521,1.0
7,95.38764237848235,6.277585006736926,738.7557724841628,11.638272826337294,5.667993118948497,87.61578022973441,3.5553056960672906,2.6339309914493003,3.0664280763575364,2.850179533903418,1.0
17,149.96005806873018,3.2084877628027915,370.5539444011909,8.602620402380905,22.973472930601442,22.35623789594672,0.17147622916622218,0.45343658109135904,0.10883754108620626,0.28113706108878267,0.0
4,180.06955193375046,2.547483191841631,397.4214937565648,9.780419155259818,12.458631293951502,8.39981048544027,0.4701720675930039,0.14918454859216876,0.4999271082928264,0.3245558284424976,0.0
2,275.2521933187837,6.538224294834675,454.2186677256716,5.711383092538176,32.0240108370355,110.5998662396361,4.116724304104864,2.6534052279742895,2.341276621903799,2.497340924939044,1.0
13,192.82341775196784,2.8252926483526792,415.1407288585988,7.84285912229297,12.230965521859659,10.231135916145092,0.08776543264538583,0.22143780683658376,0.05456081565167419,0.13799931124412898,0.0
4,191.23325817756788,2.738647990656144,411.2383652035267,10.010653165351627,10.9354043742098,2.7638957583771457,0.279007268778491,0.04908807666363587,0.29666436329827156,0.1728762199809537,0.0
15,191.62209199880616,1.694030035348258,374.7235384084837,8.824489025608187,17.78782850794708,9.52411996468203,0.8815646138195314,0.18399396652108074,0.5028201639509141,0.3434070652359974,0.0
8,213.13891470413063,3.2522511688819473,364.16937055635753,6.857647827556709,14.332365931343332,5.517191508006249,0.09397235391477654,0.11736760529585286,0.08782277626591742,0.10259519078088514,0.0
6,173.39385030233737,1.6050713642570908,386.8629909343816,8.801062906764763,15.052278615168262,9.980742689072343,0.6203586996857751,0.22964057068942337,0.373101773758549,0.3013711722239862,0.0
15,201.0330132421487,1.7956903621168094,392.5527349202867,8.390601432601434,16.808464567028864,0.11319872133947229,0.77990428705098,0.0021868562997525583,0.4448359148422823,0.22351138557101743,0.0
11,171.79728888333065,2.490278540312318,451.8644845085022,11.34562888231801,14.565159000715349,8.502543347675697,0.4486602435321303,0.1677582337739175,0.22311476767307215,0.19543650072349483,0.0
18,177.09218597970093,2.46031023293381,360.9818600470594,8.026122430278189,21.86831187087288,6.117813262088276,0.1341866993315044,0.1259673807042778,0.08100794885737991,0.10348766478082885,0.0
4,180.2381599802642,3.454686012454974,406.3776200556376,8.20023689299665,11.267939774535408,8.231202438926545,0.437030753020339,0.14618999111354974,0.46468843143106675,0.3054392112723082,0.0
12,200.20494509931805,2.413316135022181,437.9618068672849,8.595625939462037,10.215021752047269,8.109814099512903,0.8252336817272563,0.16456362346663578,0.561824684057873,0.3631941537622544,0.0
8,67.70058633848011,5.346411810609307,695.712355991678,5.702470303594262,2.0480109306305154,139.92113685764429,2.0001882878125827,2.9765522439132277,1.86929539563924,2.422923819776234,1.0
12,205.16601729686093,2.7030329006648635,382.38594591345174,8.887385787765906,11.256259109662372,3.148741901970027,0.5355169160845739,0.0638939894788139,0.3645835462715639,0.21423876787518892,0.0
6,175.81149103347448,1.5851313331273411,415.72698460135666,9.653340044974286,13.746642513692056,7.563101957935231,0.6402987308155248,0.17401461032595436,0.38509428871333024,0.2795544495196423,0.0
0,205.97349414025788,2.714875453872016,435.2064675638326,8.183407664947469,13.475270848198308,7.07313526817083,0.5778838455878583,0.13975603278547316,0.36116905331288074,0.2504625430491769,0.0
15,197.99263328390455,1.8888502963157352,425.75132300290227,7.9320823873954405,16.160102967605777,3.1535786795836316,0.6867443528520543,0.06092315638028363,0.3917000554245521,0.22631160590241786,0.0
11,374.4176467510524,0.9609735005337372,136.7594476168792,4.797437604578043,2.684429929987217,194.11781452004607,1.977965283310711,3.8300141941455617,0.9836246269047181,2.4068194105251397,1.0
12,196.94997849495735,2.730098902086238,432.0740419366326,10.007391163419932,9.475059414182331,11.364780703873606,0.5084509146631992,0.2306131151200463,0.3461568290471214,0.2883849720835839,0.0
1,364.3190013042498,4.146468293871155,148.90315288534515,4.425097015610967,3.4284285421711194,171.88945015878596,1.4391374801336685,4.142465823198201,1.1757831797358707,2.6591245014670357,1.0
18,158.06621309185604,2.4479479148930285,385.9035783518699,7.3636804563394,25.532734572123488,25.143786149933163,0.14654901737228565,0.5177171558869127,0.08847102852619439,0.30309409220655353,0.0
3,196.65621974005143,2.4004328180297723,352.3739852225375,8.36179963204419,21.253620288947566,5.513118873689876,0.7852701077504527,0.16670863625132543,0.5044440277744052,0.3355763320128653,0.0
12,192.64861587294817,3.140048750955771,423.1558486533963,8.937256021241854,10.10627846543866,15.666143325882786,0.09850106579366624,0.31789598131599217,0.06706019324497293,0.19247808728048255,0.0
0,312.8048737270241,6.7579327151626805,383.3692619244747,2.2043563137995683,9.30048491629891,113.90451485493702,3.465173415702806,2.250606344843273,2.165683314509733,2.208144829676503,1.0
12,203.6216532909615,2.8612610894168515,370.49229016529966,9.363667739779789,13.160801353490264,4.693105907869466,0.3772887273325858,0.09523208596829141,0.25686072287859446,0.17604640442344294,0.0
17,161.46447788444362,2.964055826211284,435.5848876020086,8.584722636865289,21.444573250384906,10.851818080233272,0.4159081657577297,0.2201001488635303,0.26398074123070514,0.24204044504711772,0.0
16,144.44377797977148,2.916082237611426,305.8394186958269,7.240770347157406,8.62875910753456,0.8343588637387995,0.332546850134555,0.017537186376880898,0.19317517672347398,0.10535618155017744,0.0
9,148.2102846332706,0.6902115209121243,426.20091806633445,2.043576708296807,3.2716662214800882,53.0324066534495,2.2234370939712402,1.1510765985325133,1.4001117903719367,1.2755941944522249,1.0
18,180.34769635340072,2.3288868107981733,361.9807770304819,7.350138595483395,19.427708292030815,2.8623028883884842,0.2656101214671409,0.05893556769163503,0.16034771883505863,0.10964164326334683,0.0
18,168.36386332246985,1.883343737145582,417.37443285450433,8.48022930528842,25.727781314360563,14.846135919319352,0.7111531951197323,0.3056858349903275,0.4293202079417726,0.3675030214660501,0.0
0,180.2063300274741,9.511010754681806,136.64579789625586,3.8822337965713767,8.200418930793203,18.694028844612944,6.218251455221932,0.36936990585448654,3.886317308384601,2.127843607119544,1.0
10,203.26258898179265,3.0127311881031207,417.8795855170879,8.979591786331557,13.103619459693853,7.777674194289659,0.2331545041926426,0.1778862479047878,0.15943734894374548,0.16866179842426665,0.0
6,174.2308026788299,1.5800459530591051,375.60983687761234,7.629876279795335,14.34222212848332,9.143790312579824,0.6453841108837608,0.2103836649294899,0.3881527842654298,0.29926822459745983,0.0
1,191.44109949781736,2.2350979067252488,346.92207977989904,9.254272964771133,13.246344181482964,0.9884516476464853,0.4722329070122373,0.023821282600398282,0.38581686367531093,0.2048190731378546,0.0
5,196.61842213363585,2.5016483740408044,444.8121493119923,7.334077291216932,14.627868119454725,0.19498555174243393,0.34130496278067124,0.00441262707735088,0.24734666665666416,0.12587964686700753,0.0
14,170.65258348373507,2.804223702490815,394.1980894572553,8.987761565999062,14.649776740653088,28.493827512845314,0.38496627379704407,0.5316903217426422,0.2758554268917584,0.4037728743172003,0.0
11,180.49594140653255,2.537168127606091,465.8528191786491,9.39306960716661,11.462193995255932,0.19610917552620322,0.4017706562383574,0.003869304461955898,0.19979699096752998,0.10183314771474294,0.0
4,176.97001800440503,3.396836006919078,435.3459945007564,8.939810538515266,9.78642979924299,11.499344414785696,0.3791807474844431,0.204233715581949,0.4031773635142904,0.3037055395481197,0.0
16,127.99270194397933,2.358389742509159,323.1886336784576,7.5669804905022024,8.353109206113702,17.285434899530955,0.890239345236822,0.3633183592970312,0.5171365862365845,0.44022747276680785,0.0
11,252.94035161670377,0.161219844144877,708.2634654735293,3.8441509790339192,14.343511143036617,72.64051938569742,2.777718939699571,1.4332235349198021,1.3813350409947331,1.4072792879572678,1.0
2,151.0348271827824,1.6842050394429282,468.720599419646,7.2192184471625,13.02876165067209,13.617499896365217,0.7372949512868832,0.3266979124429156,0.4193167444257663,0.3730073284343409,0.0
18,187.41812558850992,1.7868279934760891,375.52401218337695,7.332304937258055,21.437739466119712,4.208126346720718,0.8076689387892251,0.08664642591397578,0.487586358507074,0.2871163922105249,0.0
16,147.60729151621905,2.8992781878834815,261.15574070221436,6.976460718648856,7.814367736411016,2.3291546727087677,0.34935089986249945,0.048955936553295845,0.20293658409976478,0.1259462603265303,0.0
8,200.1761908591228,3.2713855605415043,348.05780931969264,7.434173200924132,25.397711777102515,7.445532337001566,0.07483796225521955,0.15838933618283946,0.06994054465527057,0.114164940419055,0.0
8,220.3593009272022,3.506320114189323,426.11892320061014,7.589011866986997,16.933154996485143,12.737577731077835,0.16009659139259913,0.270967392267779,0.14961982477909783,0.21029360852343842,0.0
8,206.2568025917926,3.0946674838687565,347.21907191584694,8.001991166623856,19.095806544295158,1.364920604331786,0.2515560389279674,0.02903605258525468,0.2350941399759639,0.13206509628060928,0.0
17,163.55199610441912,2.9246477505560047,402.0001281953758,7.469944437493471,17.76694748018025,8.764299860257779,0.45531624141300897,0.1777604167029944,0.2889934095994627,0.23337691315122855,0.0
9,197.7674399220211,2.7182883849205695,424.3830216999327,8.352321814737836,21.92973701195174,3.475251364698977,0.195360229962795,0.07543086901682171,0.12301951878123167,0.09922519389902669,0.0
11,148.8925936315236,8.12576734634216,746.5023592299596,7.308964849428117,7.7944584929623435,31.407238599482753,5.186828562497712,0.6196760968711259,2.579363931537776,1.599520014204451,1.0
19,185.31664619461523,2.5399238522132688,445.7641807537777,11.13598227924768,16.572656585438537,7.877236176618595,0.5630016571723813,0.15488181795728753,0.4131471968004681,0.2840145073788778,0.0
6,180.955758657997,1.5259109546334058,340.58468763227535,9.245039369708433,18.246484074062565,2.4188343334127183,0.6995191093094602,0.05565342320028239,0.42071114758857714,0.23818228539442976,0.0
1,196.0920799514112,2.328200346025039,361.35447425283246,8.360255374817156,21.441081390420397,3.662528805947346,0.37913046771244696,0.08826545428530072,0.3097516623778603,0.1990085583315805,0.0
7,176.04321459147,2.867486784490599,476.89935454222143,8.007724613002765,10.791098012405778,6.960208016746776,0.14520747382096388,0.20923979166964699,0.12524050326082795,0.16724014746523747,0.0
18,180.8603397634022,1.9634189267641156,330.06039684027127,7.257955100226601,21.463639178551567,2.3496594783869966,0.6310780055011986,0.04838010533495077,0.3809791510584976,0.2146796281967242,0.0
6,189.3874392199374,0.9500357453732666,408.39405895040977,9.351394221619053,12.916217150473924,6.012846228527678,1.2753943185695993,0.13834576067156185,0.7670592557836661,0.45270250822761393,0.0
13,185.36854649713263,2.7289134727639532,447.7730887747494,7.962197778951227,12.622174923528915,2.776264661309881,0.18414460823411183,0.060088142982075175,0.11447650538801685,0.08728232418504601,0.0
10,195.43465218484187,2.8703049739236977,407.0818135231007,8.25192344286854,13.53258408961403,0.050262602661121036,0.37558071837206564,0.0011495757695636688,0.256832242031888,0.12899090890072581,0.0
14,190.44783410262065,3.116129092951824,333.61959120126454,7.586087679175755,17.31966533842523,8.69857689395974,0.07306088333603533,0.16231407119200084,0.05235326451578038,0.1073336678538906,0.0
5,183.3750167477021,1.9537339879454072,471.1437709380747,7.532349324013317,12.693273080910814,13.048419834191321,0.8892193488760685,0.2952927032924587,0.6444249743079353,0.469858838800197,0.0
13,181.87308876847624,2.516449117772318,462.59866846486824,7.743761874759845,13.205944911116747,0.7191930673465095,0.39660896322574724,0.015565870381408393,0.24655844420883494,0.13106215729512166,0.0
19,162.72820136069302,5.189398886630805,613.9300172240936,3.0995105429824683,0.6174387223297437,30.465681010540806,2.086473377245155,0.599014673982377,1.5311156122293716,1.0650651431058744,1.0
19,192.41859110037868,2.8526765578522357,476.0137978214662,8.82216710926984,11.193509467111898,0.7752912708551492,0.2502489515334143,0.015243737623721543,0.1836400506306684,0.09944189412719498,0.0
11,156.2072011831448,2.861645606510482,428.41486485930767,9.379894193115438,11.395306661872514,24.092631047861545,0.07729317733396623,0.47535626297756794,0.03843721290706794,0.25689673794231793,0.0
15,198.4284387761044,2.340324436273364,357.7724920538224,6.653500131450046,21.096515017556833,2.7177731873837843,0.2352702128944255,0.05250394479549981,0.13419164649519255,0.09334779564534618,0.0
13,192.5258718871642,1.4923938787106916,471.2034126235367,8.458553929668923,16.091636425916665,9.93359005134144,1.4206642022873734,0.2149978666114283,0.8831791208404565,0.5490884937259424,0.0
7,171.9922099912806,2.6852693525081546,425.4414354125698,6.600974215096002,15.848214669223049,11.011212616936177,0.03700995816148067,0.33102226664122086,0.031920848588833727,0.18147155761502728,0.0
14,327.9470966062953,4.4743517101015335,817.3172505918542,2.304904056345242,5.405665052069646,128.80068560971492,1.2851617338136743,2.4034004537168547,0.9209088245819357,1.6621546391493953,1.0
17,175.96719384584893,2.4971617826896506,360.8832243987257,6.707915552057118,17.998448719826918,3.6508978811720283,0.882802209279363,0.07404871342205889,0.5603226884018908,0.31718570091197484,0.0
0,177.32240109182428,2.6838930305186346,485.58299905615576,8.481242256452916,10.714813994892388,21.57795778026278,0.6088662689412399,0.4263526230796703,0.3805326202257032,0.40344262165268674,0.0
6,192.0612027848516,1.4451180765424134,384.8127229146584,9.310988441756223,18.627870718800157,8.686609793441875,0.7803119874004525,0.19986468867756493,0.46930233545791145,0.3345835120677382,0.0
3,198.13410341751305,2.769076963988876,295.9847021412307,9.399385543979061,30.948050926734034,6.991002551151496,0.41662596179134903,0.21139767308372429,0.2676333610144253,0.2395155170490748,0.0
3,191.97335684123203,2.434621172223402,261.948058135705,8.782538952403392,22.252203176518506,0.8302559748704823,0.7510817535568228,0.025105724088538617,0.4824820163312125,0.25379387020987554,0.0
19,183.8794404393254,2.6295996648707347,550.9656592013339,9.553310390422416,13.779788336802573,9.31444193190842,0.47332584451491533,0.1831400845836815,0.34734044446103024,0.2652402645223559,0.0
2,234.24093132763963,2.075470264198537,378.6382429196147,10.07579225676236,6.254603333340626,69.588604248492,0.3460297265312744,1.6695026187491895,0.19679513354917166,0.9331488761491806,1.0
18,184.70451829269672,2.1879662132502404,360.10261468763315,6.860449140090364,26.498160856105436,1.4945190509075132,0.40653071901507376,0.030772539499056412,0.24542089386645446,0.13809671668275544,0.0
4,155.49623652360793,3.225082828465973,421.1799559071019,8.065525999630413,12.220275559335287,32.9731258955828,0.20742756903133808,0.5856180816140687,0.22055471159084758,0.40308639660245815,0.0
10,180.1990919826028,3.576708246825034,413.7086970477484,9.516187370300974,11.154618842798715,15.285822804900192,0.3308225545292709,0.3496080700960083,0.22622540039528458,0.2879167352456464,0.0
8,210.76746311373375,3.6219359381822542,450.2688213042037,7.165136802599195,15.889127538785436,3.145739917609376,0.2757124153855304,0.06691954783110417,0.2576697162667504,0.16229463204892727,0.0
8,199.1424332832808,1.697536848044993,103.84641055754363,2.2901776814457255,3.251852223338337,8.47928991284357,1.6486866747517308,0.1803805342329624,1.5407961484143793,0.8605883413236708,1.0
13,184.16389244511015,2.4493248207176346,352.42340343816113,7.670876780502644,11.216518869042005,1.5716106092874043,0.4637332602804305,0.03401518749961396,0.2882873605596089,0.16115127402961144,0.0
5,173.60486435615636,2.74822093554093,401.228494054545,7.1008238322001125,11.69210030737666,22.818572225737057,0.09473240128054572,0.516396465122607,0.06865339281978783,0.2925249289711974,0.0
13,173.7748033081811,2.4187070923051603,463.2906532472448,7.3534907204002184,14.957070997803614,8.81747852764164,0.4943509886929047,0.19084128321553076,0.3073213718466695,0.24908132753110013,0.0
9,212.50849892302875,2.549315388479351,459.30247428279847,6.799448173030884,21.17746306615039,11.265807636308665,0.36433322640401355,0.2445260992672732,0.22942283696518453,0.23697446811622885,0.0
5,180.58397132377007,2.810702836887685,410.94301286223896,8.209491974711751,14.029821150287653,15.83946525812334,0.0322504999337907,0.3584555504967854,0.023372217009807437,0.19091388375329643,0.0
14,193.83191217820993,2.807191179507214,335.78529350767684,8.1973770448006,15.057100633994956,5.314498818370453,0.3819987967806453,0.09916770870345296,0.2737290207755132,0.18644836473948306,0.0
2,147.99779004519874,2.0778670252848643,483.07647566482046,7.161537569003584,23.09606130800824,16.654537033948884,0.34363296544494704,0.3995595757740112,0.19543203991326513,0.29749580784363816,0.0
19,193.49307621786787,3.396728797723885,457.36595172424114,9.183225844941642,18.097141649968428,0.29919384663404003,0.2938032883382351,0.005882734229279628,0.21560150568177783,0.11074211995552873,0.0
16,120.20191834301544,2.789674437645632,292.78748859285247,7.185905363308611,8.76719774034383,25.076218500494846,0.45895465010034897,0.5270709482247894,0.2666049779311458,0.3968379630779676,0.0
1,121.79887416870253,0.3513249210374141,809.9202811045299,4.845339199564455,7.87248628476073,70.63067697676132,2.3560058927000718,1.7021705821695574,1.924869679398555,1.813520130784056,1.0
2,161.93583619917615,1.9555362573956612,476.43421645334865,7.288201746202232,17.578460502138558,2.7164908799714738,0.4659637333341502,0.06517142694407388,0.2650043857497221,0.16508790634689802,0.0
10,182.07545312192553,3.147811055490433,440.5191277707583,8.881176959499424,15.504773043087212,13.409461665577453,0.09807463680533024,0.30669307591516,0.06706608626330786,0.18687958108923391,0.0
4,166.7677057439779,2.6106264715376737,381.55174623732427,8.499892135065757,11.088150846932779,21.70165667521283,0.4070287878969614,0.38543153567638594,0.4327877790932596,0.40910965738482274,0.0
12,193.1656894673333,3.00409298647223,393.4140466610934,9.071386863125607,7.192673849301071,15.149069731497661,0.2344568302772072,0.30740357011558694,0.15961979923068334,0.23351168467313516,0.0
12,203.55867053419385,2.814674045005757,417.7466888104729,9.084198643741388,7.878058268544512,4.756088664637105,0.4238757717436803,0.09651012644399393,0.28857749848652925,0.1925438124652616,0.0
8,215.3756439480246,2.8486667772063643,351.7246460306082,6.95174340557101,26.1782434726057,7.7539207519002105,0.49755674559035956,0.16494970475172344,0.46499649021465134,0.31497309748318736,0.0
14,178.09023059212586,3.0076106971675776,313.0980028293716,7.003059557136,13.84837271940589,21.056180404454523,0.1815792791202817,0.3929050012276713,0.13011433199686095,0.26150966661226616,0.0
16,135.82195430298347,2.75653814927605,312.5437584994422,7.429904452969449,7.806757567969203,9.456182540526811,0.4920909384699308,0.19875720488413395,0.2858537194518186,0.24230546216797627,0.0
11,172.62572864013953,2.3041441306513257,379.8415671859921,8.665283322958178,16.544749083459298,7.674103590866821,0.6347946531931226,0.15141281985393523,0.3156777619792584,0.23354529091659681,0.0
7,197.004074741441,1.7690702707168486,484.8378515579367,7.857966926121963,11.498108280315893,14.000652133224236,0.9532090399527866,0.42089166423567503,0.8221366072634098,0.6215141357495424,0.0
10,216.22764313810893,3.278407348532138,422.1756418418212,10.066776826063599,11.247206294909192,20.742728350605944,0.032521656236374596,0.47441510475029036,0.022239187149921746,0.24832714595010605,0.0
9,323.84903427447574,1.4858750295454524,200.7999252055941,2.4900559252991403,5.061157471625612,122.60634298775565,1.427773585337912,2.6611896602598684,0.8990776650410063,1.7801336626504374,1.0
19,252.5048720075324,8.308899621504185,205.9757158535408,3.143828787096419,4.77982423152154,59.310989636298586,5.205974112118535,1.1661696683644514,3.820297122818292,2.4932333955913717,1.0
4,197.89194990918065,1.055691254934864,907.7502454323878,53.097686524865736,4.353148456029047,9.422587489989922,1.961964004499771,0.16734954481424638,2.0861277369484874,1.1267386408813669,1.0
