user_id,typing_speed,avg_key_delay,click_rate,mouse_speed,session_duration,idle_time,label
15,195.5550614380215,0.12518571363617534,1.821896320059251,395.97701747022177,372.0379530423417,17.449977892163005,0.0
4,177.84572520600054,0.12143838513367933,3.087701747921151,437.7273769071494,295.6817793804087,27.145684615919684,0.0
10,206.50464623694506,0.10288338075325838,2.794889978214943,387.6793974115692,317.68174543876574,24.281272297125476,0.0
15,210.56924186912983,0.10457799103869149,1.4833237027735895,372.87046907396325,287.07830458080474,17.847638542820288,0.0
0,200.1479095812564,0.015310449225346197,3.3537789991621683,893.3189736203848,823.6414586974527,150.67563705178833,1.0
14,363.6898507650526,0.16707811714808452,7.469977461591782,290.5411052014778,358.1927197792202,71.10595943040153,1.0
13,177.75107415830675,0.1253538692554407,2.1456617991484443,480.8425242350983,356.07122387533525,15.80120824951098,0.0
8,220.85185386848573,0.14921830697225077,3.2466512775518668,410.1904155813255,332.6066622033896,18.89965114158172,0.0
15,200.88191308228974,0.12410426793464056,1.8931928499217923,362.1738141093204,356.9766811678467,16.186920800406575,0.0
10,184.87170644211653,0.1008830087752366,2.9349080323063697,427.43149331575415,272.54828548420613,22.33764342745007,0.0
9,183.51557464262405,0.15185063002821583,2.5196443461597653,397.77202865661513,423.1843030883794,13.675680495165306,0.0
3,209.03206709598632,0.23512891651893345,0.4804208547270175,192.66055077618958,956.9363843164853,132.06054394026762,1.0
6,166.42005935162103,0.11271528855043536,2.0890521561047994,405.0064878144269,442.51644816201156,23.95290308406904,0.0
5,180.2433331358942,0.13542313217129687,2.8518580694475753,500.33746198061675,363.9298676261689,16.201121346873713,0.0
14,183.13769033392143,0.12992307051477697,2.3924855288405116,301.86998408483197,323.97125500742186,20.375441390584403,0.0
17,169.4907634400413,0.132412400026727,2.3794809500308918,433.0045042862536,349.88252004776746,17.450104786009472,0.0
1,192.91733134521215,0.10854335423701028,2.0747248654834514,394.93228726428185,325.3476521634742,18.038699372654957,0.0
8,213.40081535547552,0.13984412533571683,2.9830571530625303,433.4120910102636,301.83916741840846,13.084013112085534,0.0
1,187.09585779140627,0.11784513771139954,2.7587870647140287,342.5920693287932,273.5769597830384,14.9601291281286,0.0
14,169.74909741817643,0.1396353818194455,3.108878481177424,420.17861975616546,261.25129541217603,15.94195036133322,0.0
15,201.05654354429072,0.11836915882476522,1.8659886820562166,376.78990482255,330.4346268773082,22.392678923185453,0.0
3,188.92222122951904,0.12268115889943079,2.7627699443800666,305.0716016027599,313.1812450747068,12.829648550710328,0.0
18,174.16063204201575,0.1477355776425164,1.8760098001796386,369.921079516929,380.96250757227835,20.214338031789055,0.0
17,166.9687330040165,0.1361601320905816,2.5079643664245803,402.2388427476807,310.2059563619358,18.03669451305625,0.0
17,170.0503953319271,0.13740087963136868,3.319639438505357,354.983286018513,340.5849521544976,17.889999373875483,0.0
17,150.75713260282075,0.12423681369750955,2.5183986503459024,405.02584746343956,339.45248201898363,13.347752208867194,0.0
7,179.06170757498734,0.1230419569152106,2.759680857989834,509.1291477701328,256.5075088835936,28.732857827224766,0.0
0,174.1688518061842,0.11331975495061776,2.9383617266411086,435.5173827142689,270.78027106801494,19.906427775408375,0.0
5,198.42811037886068,0.14343115745689694,2.627041279994064,471.8964894112826,359.59912140123294,24.275973664797437,0.0
6,163.99522268075356,0.10939518010765664,1.8271954501371,373.84129389958554,345.2838781367282,24.160184800793584,0.0
19,179.73442904535707,0.11792620253518016,2.3504553459866315,461.6245153810084,255.4387881467752,17.667645212493454,0.0
7,204.48243246575433,0.13277075151468393,2.4148038919413057,464.0491945017776,236.5723344206573,24.46031707264951,0.0
3,199.7622701927017,0.11571766870880308,2.9006823492102116,294.428120041511,318.83339877094045,12.125470771823597,0.0
15,198.21840487486566,0.11870272861841626,1.845337428940051,422.0666309819486,391.67158870520115,25.02431453036163,0.0
17,169.81542980456177,0.12698864055147702,2.6969630960269457,454.2419094544614,319.2980737188941,13.329227747398877,0.0
0,167.85401105637075,0.121904868084885,2.597688106568505,458.73632687661484,296.2274944541494,20.828403791657006,0.0
15,385.6584615905381,0.20993982618538012,5.3869575207261,687.7392023860658,776.9262078099803,192.47306329090569,1.0
3,208.9214821545249,0.12082919969427874,2.2603594321075504,363.4495753044265,374.6516975187217,17.513323295437456,0.0
19,183.6761047399756,0.11266584476631683,2.526020504357607,449.63622529296276,219.88448673908283,16.98823522420079,0.0
16,396.2258391972051,0.23777884259850263,7.234101277570779,758.9981219406229,128.95766614826573,178.952397402499,1.0
0,176.8736030056095,0.11343465480555168,2.8363842906207624,475.39536671361657,271.08585458289207,15.35000567572273,0.0
1,188.17313782698326,0.1250973401886661,2.655968150734591,335.99196775037336,283.95898259466196,18.02719473507644,0.0
18,152.7443737756513,0.13794164133030792,1.6971982338273603,403.12248382899224,402.7834833665937,15.669071644066506,0.0
12,138.49309024160124,0.3171091407857423,2.76933708679511,178.958560444906,348.8032695311155,24.075629901106765,1.0
3,175.20718756170743,0.1403280125315217,3.146791458747659,265.8535764474809,342.61384617442314,9.845803895661483,0.0
13,372.01401839106626,0.20647546007729237,1.9847796843406438,576.3943163760348,548.6847419434699,67.49540914259438,1.0
12,198.60872466574816,0.12036132742445801,3.2946268380604073,321.9289431128711,261.2092464077353,20.761481502639604,0.0
4,182.6932186284133,0.12445554431001668,3.172533630424692,425.92930985587026,323.2893401713527,30.677730483212528,0.0
17,173.22772235369402,0.1278304778105906,2.7722071125945846,406.1672560210516,323.4274029297101,19.47684515102534,0.0
11,181.25521349042177,0.09999053656263104,1.570766683400747,483.9311511698715,346.9109059318835,24.421806460208064,0.0
19,189.28332245023088,0.10978331195260717,2.4535185426623496,423.2252260732246,262.23042214046075,15.873984454128975,0.0
10,177.5126613634065,0.10203514471566055,3.0781882066879604,456.1037879651116,337.3558351956605,21.06535012360328,0.0
19,182.74845183548666,0.1063834137090005,3.558096131711678,443.85526272067955,243.77246991412594,16.68933262535371,0.0
13,185.14291121917938,0.11987865976124251,2.2062570619657387,469.6532871253276,326.8057323104651,21.36034354645469,0.0
10,194.42203763362286,0.12004608732265183,2.287005637494536,453.09136596654054,388.744913038669,19.960650796800252,0.0
19,162.8822374523865,0.0975228931998376,2.966259092457137,431.43803642973467,233.29054868958346,20.196832979193196,0.0
3,183.21643648730338,0.10483040274895206,2.6473070901344715,282.1636741827942,350.2021354240813,7.114745185825987,0.0
18,159.97802556629244,0.12907037651440745,1.8196330458503291,384.3185743888343,423.1204556727193,18.585895547664403,0.0
11,177.13562971964504,0.1012045544405985,2.257554086192569,409.1066157455093,276.8162769961054,21.354561893160696,0.0
9,200.3463370524715,0.1455075556426167,2.454486816577505,482.70878569234304,403.8122461381929,14.347618093075411,0.0
12,200.95113345827892,0.10860174263926944,2.7677543707188055,425.15442906186155,271.22540130506513,19.985702195650013,0.0
3,345.5249789588656,0.39465810648015787,9.027443722140694,750.5620802854113,740.1332758644169,152.87453244434718,1.0
3,175.3240800770308,0.10486380755183411,2.712731674824647,298.47226809834194,336.4583745240401,14.500649816366206,0.0
6,115.9892120122379,0.13676870465616606,2.0727763310213283,746.0968010468569,208.27919768894964,53.770702876438705,1.0
12,203.16925864203924,0.10597608342865461,2.921771432049433,369.85063216228485,199.97619149698173,21.15275514369825,0.0
5,187.88115547959413,0.13800852907034644,2.3701213502029446,436.57317018046297,342.1440509753524,25.72522986591313,0.0
19,198.29434132447545,0.13056053877911328,2.209756995505215,477.9379586410392,222.15366864107222,14.969273334806392,0.0
15,208.36189760761243,0.13065423599854817,1.819792266185818,348.8021062115193,347.5322479146981,15.278978121146265,0.0
9,287.14103181432154,0.4384105937271695,4.258108942527063,432.6025105094892,907.9715408108716,32.29156681284802,1.0
12,193.73538359456654,0.12125735993202372,2.7537409565266713,380.2780791302353,225.30633230384845,25.79564713970474,0.0
0,182.84432458557063,0.12157855975893392,2.323221348166783,434.40547117028706,276.38550567623787,21.76225179850303,0.0
2,160.41721268830727,0.1490406750827004,2.184974539475474,449.47459401706993,305.5818327164962,19.34394046965675,0.0
11,174.71620411676153,0.11454560715589145,2.640751226447673,459.07510375156414,348.4463451345513,23.677242313125152,0.0
0,86.09335409257642,0.1664636824193033,7.936632532885901,185.84209795019407,93.98933694434,155.42938318548735,1.0
6,175.53845366840923,0.10364163716347177,1.6745637851282968,411.87239227207743,417.30898422193644,23.760219139788926,0.0
9,222.07833860829922,0.11341811545181006,2.304289639167541,404.40815306468124,372.84239651130423,16.889062954213898,0.0
7,184.81116313949724,0.1147584512867976,2.1907285185272753,427.15470942701523,269.15942841067954,27.434155754270765,0.0
9,201.18779809068485,0.13909218064092121,2.049444932395724,443.67185298688247,404.5920232802739,20.99020432221599,0.0
4,169.32902803167858,0.1134953079793035,2.8541774666651167,424.09959587146557,349.1343354106991,29.633087224769145,0.0
13,180.58906450097842,0.14265963547747282,2.261016370070307,409.62455991222487,363.5552663407575,22.248273086618614,0.0
19,323.18263096495764,0.43750677939100036,6.190627476309449,212.7583172316562,864.9412331077544,1.0648381142128516,1.0
4,350.4195868796923,0.14794538722331568,6.023739094547812,226.06367055227872,833.0597792418528,86.08548206419803,1.0
5,186.0667110372083,0.12824933637421998,2.327849678453722,446.18879012547075,400.15853146378515,23.687392620532414,0.0
15,198.6263947801482,0.12479883989287774,1.8672573746693983,385.6260392681529,427.9367936134339,17.151615066025375,0.0
18,159.13146064544443,0.10654581535278984,1.5408526297378404,384.96246537701813,418.54970489840446,17.219673771120622,0.0
18,160.65966230582976,0.12811447683472957,2.503722824006763,346.624440397049,392.9638281904735,13.038258561312155,0.0
17,165.04516681819229,0.11375454026367861,2.7781531912054116,363.93383665487545,362.22828421507916,12.342975804482919,0.0
16,108.390396732592,0.31898846168118633,5.053021047909697,57.93696896353164,539.2089993084787,23.511449824187313,1.0
19,199.72124927780195,0.11814699922334895,2.5144319586054893,411.48146600612773,283.21023270661374,12.707307477751687,0.0
0,186.2942294712861,0.11159682604951462,2.2120615910618393,467.34400658022713,305.7834833804803,17.295357901370643,0.0
1,176.92061776008663,0.11777382372763401,2.772148401888686,362.49651903867465,321.96913305966495,24.392233729155485,0.0
2,177.44830415718152,0.13684628470525717,2.1707178971778585,485.5778996523708,315.7547201012407,18.95025503102944,0.0
19,168.17745096795028,0.08796474329708324,2.3719303732768102,444.7485509319201,286.86977535308637,17.28988329770319,0.0
4,168.72462011356652,0.1116864353374023,2.8736540368019075,444.3545172887994,312.82111347554553,32.55099301928767,0.0
10,189.22895883604346,0.11380429532941026,2.8674346049326926,372.0838722423212,366.58097295383857,24.9352403209597,0.0
14,183.31576990969927,0.13962819450260427,2.4298307015902694,356.0042467384829,297.41188692890773,26.32262918062465,0.0
16,138.18826130753547,0.13697546936099986,2.2404886258066243,341.03243411281346,268.86565988374514,22.31009465197735,0.0
13,171.52175262155168,0.11981722752171203,2.4318987309772453,469.38162239718537,328.277573131518,23.251082158532473,0.0
12,111.17344970622683,0.3625001962316619,1.1637604710261904,920.0236307812067,817.7962315210546,56.29546049018388,1.0
14,185.69563948959612,0.13945724609609522,3.081693443458386,296.5304760702853,354.7034233179122,20.100985702968664,0.0
4,152.2763806616642,0.43764938138740267,3.0426542963153103,125.02070408128718,602.9887230954384,63.38931755822386,1.0
14,189.74290616112395,0.12899900176737245,2.713410449410493,346.34070312976013,307.61446624422166,21.48973921428337,0.0
17,159.5454401832228,0.1337319501857244,2.864035587331274,380.7369395543034,402.1297842553082,16.036004968175227,0.0
9,186.62435666704621,0.13977709621514361,2.6955053116730907,423.5239440736775,315.29869090496317,23.688349365770204,0.0
0,184.43967533927562,0.11534073552231047,2.749696718989899,423.5490308949614,316.6065208361702,21.61225846326635,0.0
8,211.48397612685883,0.15204076972924246,3.3286778836354682,378.34399078827147,318.84571318047824,14.15147137530486,0.0
16,131.09340304561243,0.12592122038763726,2.9374279269770023,296.83743315996094,286.50830980596356,28.20510102165963,0.0
5,201.07254345310614,0.1316554168789042,2.454429764348209,441.0544764922444,377.44880665976405,19.952430099668835,0.0
17,145.3698394558691,0.111822245171368,2.5142119760480433,454.60078373649975,370.9856373079536,11.502788692293375,0.0
10,192.83299982999642,0.10695147663061834,2.7836112641333317,405.843664577228,283.2586678730935,22.818526956144478,0.0
7,71.89769477680805,0.28607009859708854,4.649882166414868,869.0928249752793,497.6433800457646,39.28384317440348,1.0
1,194.6983144054138,0.1252611293003501,2.5876701839922545,361.34137381432913,322.3854303769134,18.468004684020503,0.0
2,165.97014991724697,0.12673737641576102,1.9253568400988004,509.32302446272735,363.83980856953474,16.608287522833685,0.0
16,138.40510233965347,0.2588697338416566,0.6460502469576761,728.6681839354278,733.3722214131063,2.355975257328402,1.0
2,157.1574375904172,0.13127827124196598,1.9001063744175106,487.61458291178644,295.0476902515889,19.4926737005854,0.0
5,194.38143975737935,0.13466503446304073,2.425882504433943,427.81921362319525,385.7402457355778,25.716722430437358,0.0
4,180.8148988736834,0.11578982361020024,2.8305145749842593,407.76689471056545,328.39002618711504,29.889465350389873,0.0
16,132.51820668997436,0.13306684425625373,2.9375440449142722,371.14607089108574,285.33599245153937,27.48255340722082,0.0
8,203.17082181210532,0.13913287819765072,2.6764920969198984,388.9804201192555,347.7423872592406,15.673001658202232,0.0
1,198.05835949044203,0.12551676348125462,3.0837126775041104,368.0125301878828,307.9527202671968,20.808462413381623,0.0
17,149.16914130293824,0.13544425131324303,2.5008314322459104,379.3182008544467,349.981548330419,11.094755813586385,0.0
6,193.1857029271799,0.10814746833664189,2.184646381435611,362.41707067656085,415.01479535181755,23.66887976801029,0.0
7,187.95779187976206,0.1481000527799607,2.2831693535947077,485.1987417464408,286.32376759713236,22.15826082916808,0.0
2,151.00983193640542,0.12419449823274263,1.599825593689624,451.9321915439919,364.87541077132244,20.889520237873324,0.0
13,179.74457593854996,0.11927832938648997,2.660369667969762,478.60691086270094,359.68880463812945,24.11646531379338,0.0
11,147.543010574984,0.050460357437285816,3.4152950723561517,63.486802748137514,177.470274903996,122.26833124954524,1.0
5,189.80000527525158,0.1353351493716036,2.432256557850092,456.76213858379907,375.03457654579336,22.792398017189587,0.0
10,212.39493063850367,0.1068665393580427,2.966557350049004,351.97064966886705,296.20530099423934,28.974426390253182,0.0
6,179.03604905421975,0.11610165951746854,1.852588328849916,446.2152301733629,355.92450828921056,27.75221290682975,0.0
12,190.6100592667425,0.12356125627829465,2.4341144724192914,407.3286272334887,235.22139723759486,24.807267135340272,0.0
13,190.79114478923972,0.19294304890559752,7.828752539409837,873.4804114040647,722.9102201797963,167.258262620492,1.0
10,205.58709568147665,0.10798891242915484,3.295566156405566,401.40780272850276,332.91451411748915,22.962026161583676,0.0
6,176.7956601980202,0.10170507723761464,1.5364879908649791,359.7415113301092,396.3367362996452,26.490613599299476,0.0
2,136.48613190355127,0.2821281399594393,2.6510605962610154,873.6799213163262,913.239712160524,194.27901880832792,1.0
3,207.29431585758437,0.11304554284405272,3.2563826361505854,284.3852228450658,360.19157500128273,13.591224644225067,0.0
7,173.70577366849517,0.11853269773249778,2.2434364709326022,438.39538991727727,253.93502588032192,22.549831795301266,0.0
14,157.84300581424364,0.13244499367701337,3.2382265123379153,346.9319863139173,323.9614304172998,22.051284751074064,0.0
6,181.23458501436306,0.10758624924645491,1.706843100430913,359.3542625068424,433.5789654647248,19.159000766658846,0.0
9,185.66771359892329,0.12948551865054794,2.536695881857734,430.850197274781,411.7281581634327,20.79574225491523,0.0
1,206.40361808968444,0.10900181683709217,2.437193534204111,353.80746383319786,269.89656308683516,18.682480844766012,0.0
17,162.88389526352228,0.12860008859943753,2.490452160658696,428.59652606530926,311.2439495227792,13.971417399670667,0.0
3,181.91631271195845,0.1261115115490549,2.3107280316545955,264.9079395020447,378.5274949898315,8.604410178565216,0.0
10,186.2343068450904,0.10583501643745202,3.6585059100095285,398.78983401505155,336.973381480441,29.579124709650408,0.0
5,184.57594822237607,0.12229932337842297,2.2158843896351987,445.72717173295473,386.24400392498575,26.43690571587249,0.0
15,209.14170855900454,0.13618947608236065,2.078480437927379,330.02813959184226,311.4492516146323,21.239540677069638,0.0
14,173.49033870898046,0.13306599438890343,3.0179004754930343,339.9717647523719,347.32850802692343,20.25866877048125,0.0
2,355.1242483072706,0.12194282325233638,8.695897803542968,466.68464823011095,626.736917727848,170.8770186739158,1.0
2,155.037181450178,0.13567922537823005,1.9362980838902735,458.6249076830115,327.72238148413106,23.56532974942141,0.0
12,222.45829031043297,0.12334060037617461,2.9831210185100456,343.4360212036903,190.48840088870466,24.072316420524466,0.0
2,163.3538570556945,0.1458871633653327,2.3405713254791065,485.3761002913804,277.80371417418337,24.12334245781988,0.0
10,330.3285525395006,0.30880825315857735,1.3201498355122594,557.8312581984932,601.4549501476858,192.31014642751325,1.0
5,368.48010034903723,0.09180701348612737,6.477077292611567,99.73726917809879,681.0350683069438,39.84305497881062,1.0
17,153.8845847883033,0.1389597395395628,2.582701581284056,463.62452552860765,329.53808656708947,13.421287937234998,0.0
14,194.57477135485672,0.1362813763356122,2.8815600447665997,368.50228141560905,289.64861989433626,15.580634391445383,0.0
3,176.95730337265505,0.1199434667038012,3.4634353350962854,323.490557355009,303.5391931077348,9.105636187837122,0.0
12,191.8604320784804,0.12553230788373748,3.5486035386911277,371.54105252216715,249.0210293290799,25.859851453827147,0.0
4,175.7299336663388,0.13419071487896359,3.3524931655273567,424.25892189277255,327.1980981342349,25.662102682719603,0.0
0,183.59988949100534,0.11441090376063456,2.7982410242793003,477.7447300473681,318.16972342270986,17.38290905161237,0.0
6,173.03059416048947,0.0879378871406198,1.3679483235771726,378.42676162671165,423.2161117701102,23.236808137826852,0.0
6,178.3044179136038,0.1302996024867834,2.3242320777160526,394.91843377294396,411.2651823043006,18.648829386321857,0.0
9,172.47824874974992,0.09863703167566018,6.951300475093474,176.35930896196234,424.2056380445502,5.039818964213927,1.0
2,162.75201226353255,0.13932495182917617,1.4720860243246003,543.6662275078102,291.7847128873088,21.970548028470926,0.0
7,205.12271458236856,0.1300219890961628,2.2978268815080245,460.99075251608065,224.18124103491854,22.586381892546058,0.0
4,88.75220766421049,0.4044043206523049,5.452914918784613,95.73569417943578,44.32356405921849,181.92536388731847,1.0
14,364.50891869913954,0.13308408225618892,3.386806950965024,652.0941205099232,378.93055859520575,132.3720624430011,1.0
16,132.62821143830925,0.13753769479648245,2.7603142244872827,257.2227288270467,258.69609508716616,25.56795690354638,0.0
2,160.97789904320967,0.13027657006159496,2.3492928213540973,452.32991576051637,291.67304326995713,18.2562285947712,0.0
3,194.2817413695422,0.1094123532273617,2.520912106852477,336.23546677992806,346.796062735958,11.402411540130153,0.0
10,218.30682113290527,0.10923306741972724,2.6652528301652185,387.4176644866378,314.0358933453522,26.3445509575268,0.0
0,203.24284045024243,0.11022518175606177,3.260162331793367,516.8944295906638,306.08492302732634,22.864185619763145,0.0
11,164.536627339402,0.10439559476680244,1.826531353409182,393.9377291148671,384.47192953516446,21.38967455544493,0.0
11,178.09561028543067,0.10141306194396915,2.0865862351364752,411.5379511177254,402.5018566358841,22.036259149261916,0.0
12,181.30832458871407,0.10890178471895558,3.2343168554654356,369.8530630615774,251.69817525857357,27.108654920151466,0.0
5,172.53089506674644,0.1429281271877296,2.5696581032711205,418.50199172865297,355.25228443037463,24.348479728006197,0.0
8,128.5114955987342,0.3787094854173822,7.625593204922574,712.3055075310814,675.6600048587866,16.245926961334533,1.0
6,160.13911315835804,0.11493522910262562,2.007794935938745,347.2664804431987,384.7442376669427,23.346450162700844,0.0
3,184.6674809748379,0.11950742883364167,2.7854778585405473,269.333541624562,349.9568551583526,17.63339738191869,0.0
13,277.5892748827815,0.1818477961161213,3.7305468950786107,215.7735620780574,743.1044260061354,3.616218441137087,1.0
10,178.39681338566382,0.10887616313009005,3.2301594266193288,417.56707977953084,320.26267659845024,21.750934049323895,0.0
0,173.32767528181557,0.11216615944223692,2.91988647123624,438.30910932559635,293.09008919265625,19.455673904061552,0.0
8,203.5647470820788,0.15098629591113044,2.877620181450601,407.04436660807886,321.12494904485044,15.262436193658962,0.0
13,173.11837282987952,0.1174693670574075,2.5308058087759537,530.3810501456381,283.5211089613994,25.573022068560217,0.0
12,377.6617974582768,0.3633167838399572,4.111451711495764,679.7167982529324,109.15344753169926,197.23535945673896,1.0
13,173.238788514034,0.13476771811159607,2.5067018512634007,446.9975328179504,343.39577008206044,19.655443205261513,0.0
3,177.61984668717994,0.13881821473258202,2.532639337929219,298.62886545577834,345.67705811555805,14.21655690109524,0.0
3,198.45683685923493,0.12818856156838535,2.4367633951330108,336.3893195970902,290.86446682178524,11.200936894264782,0.0
9,176.8280759748538,0.12951297124536348,2.360922567509429,412.7164961063504,416.4881079254402,16.293963185374242,0.0
18,173.47753097668203,0.13144451253487432,1.877161247692807,290.9241818165799,375.86570122920153,21.238030185068133,0.0
15,132.82159601450311,0.44192805159856613,6.95647072076806,358.2813167105,672.3629801637784,88.60799532703216,1.0
9,207.09966949159866,0.1471102773063966,1.9124058646951083,472.02071283158284,404.0413832204486,17.686208763757662,0.0
2,143.76772367017733,0.14365379927268188,1.645081908103645,499.18308104367367,242.4765199895023,19.47001348409249,0.0
8,187.69177865757442,0.13431261619245383,2.755139558384597,381.29539337051784,317.89484344256783,15.407052798552824,0.0
11,165.3742971963093,0.10447666811439922,2.1784912544933484,426.6869615925076,364.9684807030107,22.31606104149507,0.0
5,195.08931390359362,0.13520451557148508,2.702007927559627,505.0539862738965,373.05775256527556,22.97148347863755,0.0
10,186.80842835177612,0.11686653704588101,2.8678760383663833,444.61842925004174,290.6293168963838,27.32884432837457,0.0
1,179.6625622778239,0.09772619369996696,2.517505629923479,375.79295075194614,313.6288693326962,18.066591390228634,0.0
12,196.28899796061933,0.11545432945231214,2.7721701031677473,364.2891361741167,264.83859487729256,26.79126941323761,0.0
2,170.93726036273705,0.12093833248468373,1.8112245243672307,501.1193621490887,291.5183397660029,19.693805069502023,0.0
12,203.21776924584495,0.1413186607733452,8.247735387024655,999.3827854485902,964.7097016956267,125.93671905184058,1.0
9,197.9065612448166,0.15265955607422066,2.376999920427618,399.1012496417023,452.6719393331405,14.01447025031253,0.0
2,146.72694874407352,0.13784550321480107,1.7161220911343382,443.35018460198444,315.7408821677855,21.330895896586906,0.0
1,199.09339367150528,0.11047188637774229,2.348157522499785,347.54251643081363,355.5633489370464,19.023020746362914,0.0
16,127.03296996095625,0.1189351563682193,2.7700011747194804,266.56367129951343,230.08864456159947,21.63942817336457,0.0
2,143.69187578598948,0.13192327406090096,2.2982254096905574,443.9093373954479,277.64523970577295,17.56999258009379,0.0
9,181.6138993778677,0.1387562294896936,2.5119361960608426,377.8725559698852,379.1737937896028,23.221299376584547,0.0
3,190.32833105071373,0.13920328240504634,2.5236380538557315,288.3384569171693,370.48361699089276,14.779019383690866,0.0
18,177.91009921796996,0.1340790507495865,2.3600978704099096,350.59094813350026,459.0238836550626,13.566943656394688,0.0
18,165.37546562047447,0.14242889816539123,1.7861076603448294,405.8662090923138,412.95202939011176,14.814602953785721,0.0
5,387.42744577153786,0.33652885265332116,3.664499612419686,445.679210308685,302.34846279611446,57.48191929311594,1.0
3,184.6614252757322,0.12051306422149179,3.149110299097883,244.96420578742462,341.37653292346783,16.697430439979552,0.0
1,184.46767592622254,0.10656802957370798,2.4559198601849634,379.0565991778089,309.41436678513685,13.76797155517499,0.0
3,195.48040309107228,0.11456313843630024,2.253611493135003,266.57996882281674,348.40550877131113,15.889807291211572,0.0
17,169.7049025919527,0.11173778533521052,2.8289713582153015,362.53040049603226,337.1413214595916,10.04761713802696,0.0
3,177.7549430476612,0.1263920275725653,2.743687120555668,249.7690646140608,318.99658856115303,5.268018008452871,0.0
19,205.25618114709252,0.12571040111066809,2.79840713209625,429.29734958011835,307.3337839690719,16.52936216444292,0.0
18,183.6930159120311,0.26488856091771223,6.535915266285321,538.1820430393219,560.0609831355789,119.23653388047538,1.0
12,215.771269200803,0.12384653213552002,2.8387621902500726,385.3224869853569,186.33023843835153,24.36512137844448,0.0
17,160.8610140381539,0.13257030248267884,2.693024353380008,402.37510190866595,361.03957341300105,17.16656903385045,0.0
4,162.1914829378095,0.11933718286741989,2.761329365578836,449.3672456086123,331.8066647707563,24.62207033886409,0.0
2,162.01365785900936,0.13315063123710189,1.4206979431357138,474.43276456151966,348.3152745920777,20.20594636659563,0.0
15,203.5141897144752,0.13196363478848233,2.2479199973868798,412.37371219452757,334.5607665745687,13.451493490026767,0.0
19,76.2827760318599,0.281326833385197,4.493457434895124,167.29039504419922,395.3737328409578,49.15006243717757,1.0
3,191.61888707789643,0.10782424319595567,3.140751742186657,239.38142578868815,355.6015622007646,12.36684867920955,0.0
16,129.44654909901683,0.11273397055259021,2.4154703594610685,334.3844982025103,221.75080614654453,25.10883481138695,0.0
12,206.45617557347813,0.10668042926194894,2.6538629678674575,429.27245541183856,240.74642647472524,17.059238145749774,0.0
13,196.26134330708425,0.12829566660452646,2.643402501087165,440.6470219546774,298.9971605686224,25.268737703315946,0.0
1,193.10999609061975,0.1390080939491856,2.4117796284837003,309.8166669808465,299.81202593599096,16.473942077983512,0.0
11,153.9327423044956,0.09852495940854943,2.1931188071724366,453.5243459437782,396.43568267581674,21.40996429061274,0.0
7,162.3642752065978,0.13372698746949802,2.4553387547706373,421.15472708978615,273.0127125007398,24.135897228549847,0.0
16,132.5278204135685,0.14771216372707274,3.310825514302133,373.614464632186,250.67170286683904,21.530917895681796,0.0
3,203.1616002252596,0.11565247321320901,2.434932281049228,314.97466867864426,351.7121015095851,9.412060656364279,0.0
15,195.08939150498267,0.11551740177792333,2.396232574820094,354.9461047738014,276.95669918788104,22.47010168305482,0.0
8,331.97708187716967,0.11345171185343833,8.073780060069865,422.3150347967136,248.12626932834723,54.12878839635313,1.0
3,220.88439795762235,0.47811399638692487,6.408294620401977,696.2163902479357,303.5702254747787,4.188992206182562,1.0
8,201.38285993611908,0.1320976451047681,3.4452915393125556,408.21928026652705,295.1585761652778,10.054005171040892,0.0
8,202.49339706502334,0.1273671808713374,3.385381700868381,407.24345296063194,252.81288844226918,8.73982589198206,0.0
15,196.01630625929315,0.10649646615798583,1.9895671502017298,332.18223591839524,346.0965984419777,19.23586003986678,0.0
14,314.724619160272,0.053498900808554004,5.765609763965812,378.345685184351,658.8816186562547,158.02627474522166,1.0
10,291.5164109433074,0.45630486969629447,5.5121049224833865,371.88230830166697,920.0159507431879,162.36134367017726,1.0
5,168.91631429641726,0.13245121033724028,2.6226507200128024,447.35649807324063,388.5034160763763,23.175518421069015,0.0
7,147.4289685819298,0.11314840043601805,8.057668415786404,341.1402946406793,320.7367417552458,96.6361726627337,1.0
7,190.62578486622985,0.13718421278591952,2.6401110696082775,411.18634339197973,286.7000454769965,22.047182154514108,0.0
10,195.13177505311978,0.10969558825075611,3.1589963910325065,358.9340216398856,304.69153830994804,26.413666528912053,0.0
15,193.81860488522895,0.12181842710060607,2.3867173393272028,357.1676791071992,348.6570520545793,21.648854622195994,0.0
19,177.79719590436036,0.10720265893533591,3.5314843236776667,423.8674350153962,200.98024971477452,14.812115869062815,0.0
11,386.720474629473,0.4994085385496707,3.1018758600580805,203.375301731275,542.8379008497905,138.99402662429517,1.0
13,176.81418222192846,0.1262625579607926,2.432153674959059,455.21096352198344,333.42804316408325,18.621656686954154,0.0
18,172.25038334385053,0.11933244959013507,2.0493819972841325,408.8216890698584,364.89501667336987,13.560780728234338,0.0
11,172.29430062748833,0.09812004561002212,2.87509761962294,436.9349892187356,351.7731004316461,21.297848384446915,0.0
10,185.62361584690177,0.11033996524855294,2.694525805649265,373.050811107701,327.1498717158986,27.126738065799387,0.0
10,359.2893886907964,0.04948459802039166,1.7007760774124698,920.6646935597385,264.49206526731666,70.32997446838107,1.0
19,178.58845339202375,0.1231969509790512,2.930255840855408,428.9302944369181,287.30036209107965,15.811052106564802,0.0
6,170.40738718950493,0.11478056903271865,1.8403894671488972,485.6564461761541,404.3421328015323,27.159800306963138,0.0
14,181.97318509090795,0.14853875361249835,2.82016048557558,323.2266478456658,295.95121340024497,19.71723169406626,0.0
1,321.4346658432537,0.19292156497707894,2.387640486221907,736.1535852628762,215.80739259456703,118.05898850296155,1.0
6,160.56196148513456,0.11431537831584523,1.4616646878644683,404.9108361226538,382.1394931842645,20.372837712216157,0.0
3,183.87285070925736,0.10875109817894536,2.702007725156079,281.64823512594234,357.75016319671533,12.608882217722755,0.0
11,167.08244475612145,0.10455113490621215,2.2083469399908555,421.0788647617986,344.55791358241805,25.22365181062259,0.0
16,137.06093109274326,0.13657987274485786,2.628722424490792,319.4518220829563,260.15517774456606,17.57418807850386,0.0
16,141.10193539912677,0.13495048918245683,2.736908987055913,335.09978177568615,251.17500429638756,29.81569943402632,0.0
2,105.84063803961592,0.36240887135340927,4.6799672717192315,599.7416381437738,218.5555671156099,36.19539054189795,1.0
16,124.82317759810576,0.12731045754994846,2.2039853357856662,293.4516998468517,207.71568550433926,30.00642519917507,0.0
18,165.49121335159677,0.01747977142655458,9.566589619071914,222.1571414329364,322.9438390614867,57.586818818643806,1.0
16,123.14200699857771,0.12933433889512436,2.6324979292268234,350.80699503880203,257.70260651130593,23.592184440551463,0.0
1,185.27356773249332,0.133424185221326,2.2673899140439024,340.34374218042285,304.71546221205926,15.809052318538946,0.0
14,180.87554160877588,0.1311518811967962,2.7436892132145236,302.2384196441277,354.50692818629335,20.845554875953884,0.0
5,188.10406345659925,0.13242401578070653,2.1270540450659117,378.7359875768439,382.2978319879717,25.439455705135174,0.0
11,168.60175234562263,0.10334879876026967,2.139269926556753,479.4002979424211,352.41380429260465,21.405920694626076,0.0
1,208.19228347805608,0.10715419378198704,2.5048742032207123,358.3916821310135,361.52149851966755,18.678611431588084,0.0
15,207.88415719985565,0.12618386537435153,1.861182937036112,393.9202028617995,403.0074621175446,18.56165413823703,0.0
19,172.8857197462801,0.10313205733747877,2.543852580224423,458.5888199860147,283.61516075385765,19.9255183531581,0.0
7,164.18887131440138,0.08199174255604767,5.848920937087422,104.12979064749986,841.7069976548079,72.28075581343727,1.0
8,375.63944705926394,0.2266324469930628,2.754926240674642,296.8367310432845,826.1069427768559,197.6841987926962,1.0
11,177.49683811311587,0.12107272973337332,2.2267764010208153,404.38829905602853,342.0943395796465,25.801325926908955,0.0
14,363.1616497909554,0.097382441089826,7.489876075685428,110.0907384537456,316.2748764592127,160.64242464881863,1.0
8,213.9102222070542,0.1372402645490101,2.619453079869885,380.103425831728,318.58290306731027,17.079551181566526,0.0
12,207.58237331464667,0.11335347218799621,3.111572473767665,411.8750646310758,226.36385974371794,25.86699932404841,0.0
11,208.48868184951436,0.2934854909197304,9.45260307855757,560.663136458329,411.5888068527651,198.05703411698826,1.0
0,172.66549239149424,0.11469627545696658,2.7722713997047346,466.1166220318565,254.62497279939328,20.13449863009842,0.0
2,155.34436884446626,0.1631487872025316,2.3095145429410033,514.2834107715033,315.9222091994274,20.202711061622843,0.0
10,187.8767101034689,0.10098688436043242,3.0353647890568882,444.48044457195783,309.90480163482397,21.70053577562078,0.0
15,201.00292283561222,0.10959241342124651,2.244530985775158,362.6341699613211,307.340685251006,21.393730286438572,0.0
9,196.23181828824653,0.12913346101152362,2.708257225206028,378.0131255595259,337.9857208401017,15.378384844881404,0.0
5,181.55034808382183,0.12283259467720113,2.290115037638202,362.2063562057277,398.21451191912627,30.661191358868752,0.0
8,336.05685927463287,0.2513423365500017,1.5775697504405917,659.4292571934391,676.3612096021049,31.240301586119855,1.0
14,181.20546177586434,0.12789731164052281,3.1059526124284553,343.56906048419796,267.89994205164004,20.42499909428519,0.0
4,190.44448668149326,0.10553283921509768,2.591202195255956,375.37282466943014,305.444782997098,31.181869459117994,0.0
0,190.69155198911645,0.104463649567784,2.769454416533971,471.6548150667695,252.8073463810152,16.57646713943706,0.0
6,176.37839747255578,0.10685803102136643,1.9545574938113879,372.0876471211449,410.2378028490732,23.618471829150458,0.0
2,152.2099819107436,0.15010550307557885,1.709754264350592,487.22278016583374,325.53371709507087,22.761805698476437,0.0
2,164.78492085607647,0.13658734282259716,1.934387610588356,521.7345849244672,355.764297081009,21.740158825283967,0.0
0,321.7445362596989,0.4149641583927934,5.777035092420532,519.6992894674524,110.11144936156234,74.12842941337819,1.0
17,123.33172850938624,0.38070390591270026,4.784810550155548,834.9065069864591,278.66758112878875,141.50456379560856,1.0
19,202.43288848668732,0.12984687282686372,2.6864277087208905,426.5491901137106,229.01760029490399,24.70536818839541,0.0
19,191.1440409589488,0.0870287606847519,2.5387410681107463,404.5962344383812,267.77658713726777,22.440668928593478,0.0
19,380.17505454845855,0.49334286905661556,5.751444952888696,981.0493458276605,320.2357123660544,115.39183002419581,1.0
4,201.1766335591719,0.11745792526134,2.650394136342759,398.2734401765188,307.6405220989436,31.989108905473007,0.0
7,171.04653527199292,0.13049383677969228,2.6998599469127087,463.28560672664736,235.9133409396581,19.379828487313866,0.0
13,167.7074724623693,0.11833939281844619,2.453724028342552,428.20472301298963,318.0976579732133,28.504221415961233,0.0
11,173.37719142896978,0.08014186043020495,2.5922943565177547,457.9299999375201,367.38945297788234,26.13409697182227,0.0
1,202.45760260888238,0.1281163242099093,2.904357417862551,377.01678547228244,292.68645869603847,22.88162558278438,0.0
2,164.87608726970046,0.1413499203299033,1.5741789476092631,453.17507145605487,265.00028167561743,16.71221912313079,0.0
7,171.33269936663743,0.13645832644663974,2.813202600230186,474.7279631323849,293.3581687760333,24.63980816382725,0.0
9,193.0041128578561,0.14383677972831993,2.6275194201086154,406.6447203110081,424.3057621936266,21.688481484053746,0.0
12,190.31387358738962,0.11807191376637408,2.734236964010863,386.34529073536504,229.5474203119125,24.613295616665262,0.0
9,200.52142834024485,0.14270927353415333,2.8800119303736116,419.9613468950112,406.43375071662996,17.194906810836383,0.0
18,174.6838740551119,0.12506669531570863,2.448335481536757,323.7781066996762,396.0696044945636,17.506750265841525,0.0
4,181.0234426049189,0.12957533214138095,2.988995812500557,483.9740644673774,347.8074107536602,26.626774468029783,0.0
4,177.98560192225096,0.12681757815418043,2.420047322374679,443.04236859392074,306.12605698600436,32.22304754498903,0.0
14,178.5751631167389,0.13768425325655134,2.4740285947044582,357.6047367779562,334.5158088547851,18.406653210061666,0.0
6,182.0421924216518,0.1309518934708626,2.1276911120433106,359.7841356294377,416.566866532292,27.483914841270874,0.0
1,197.8448772604848,0.13595402312479776,1.8037187882085182,376.1996311858857,349.5525939285629,20.259770515727435,0.0
1,182.18869005420436,0.11733031110082015,2.3165769603575326,345.27063869231284,276.0457985871972,18.887153320058285,0.0
15,205.58994842010148,0.12888319640367996,1.9978735576229834,358.17594260927643,327.21932312696936,16.383732533082004,0.0
19,196.4086780610146,0.10291254998304518,2.6360357381081765,405.42358053372055,253.86045031141447,19.18386247342696,0.0
15,186.58699094814324,0.12559546588662734,1.7959683801650208,351.90871824151554,389.6282412697856,17.06192291635585,0.0
15,214.44799568876203,0.11360467685861834,2.32894488626499,352.07046058951585,375.5123625804784,18.291317387316056,0.0
9,203.46874778358352,0.13499500107749635,1.967346775586519,404.00636904694755,408.4784060916861,22.120018888855267,0.0
18,171.16283321366564,0.14609683807527224,1.847868642190819,363.4198301928693,369.1125602527066,10.743037005180831,0.0
12,213.12012142133875,0.12407431009109966,2.7359280277272946,403.6713010924972,200.96947032890094,25.070765171939517,0.0
0,173.20323043303392,0.1342637935464282,2.2737512425925237,471.1557535008203,242.25238887537702,19.09415135526204,0.0
9,203.98159335047032,0.14167643682817793,2.7460941940268957,426.2229182534316,438.9248813028616,15.923483154562238,0.0
17,83.51396953217518,0.3219795280353914,8.033385376875462,283.3499953463738,50.568440027391546,192.0532716984133,1.0
4,148.0130653426713,0.41640338578083497,3.0825260815240036,897.6873732326696,73.00450019377593,103.48927035100826,1.0
5,172.6208352525647,0.14326795179076204,2.088460784047716,424.1556681847159,345.6896135818469,26.688731122404846,0.0
15,206.16771930526937,0.11547918339922425,2.083269591948294,365.75470045317115,392.37502740360856,24.254133784790323,0.0
1,171.62593710493223,0.11570654635592015,2.012361241551922,357.91643145506816,318.24293054349295,18.37134174858248,0.0
15,202.31567209702877,0.10824673125703982,1.5916917614775121,344.41188418737124,321.3731777819304,19.55023837543885,0.0
3,191.61904113622364,0.12680040063921505,2.987534280828596,350.41276900799863,383.0334232711973,12.480230975931262,0.0
3,186.24717831128302,0.09129979953040321,2.358350642577118,302.80810255044867,345.19981925252984,12.995215337368615,0.0
6,343.93056233254936,0.22267027662729183,1.0047757146845864,485.99349076697933,548.8114264525607,107.66638865114268,1.0
15,205.49077085850763,0.1152913467991867,2.3140045355585275,340.82863140095895,360.6728728327231,21.564451777742864,0.0
6,285.3611743087601,0.2228576263132388,8.78695346187937,626.3951384815646,620.6157717740158,73.68978398331578,1.0
7,181.76764963075505,0.11343945004371907,2.2487299994169803,447.01518357514055,278.9087698412549,23.495640296876786,0.0
8,212.39193869100438,0.1323348780930119,3.8891370727079666,387.4398531931165,316.1326176450386,13.130506529620455,0.0
11,160.63319103999476,0.10278414032620739,2.572082220702951,432.95491390796354,362.6934438650227,23.09470109974823,0.0
15,201.40063095676123,0.12153061937832398,1.4583633660831192,370.7540439701596,371.7059295755137,21.398364982792902,0.0
9,189.2152125939726,0.12967917131459827,2.6512255086268266,493.4445684174046,405.26243280505753,16.62289153131735,0.0
4,183.3171745427609,0.11376333831453185,2.367926432885862,456.7083208588879,292.84481123353805,28.587422560431587,0.0
0,350.44446314505416,0.20070882257973993,3.002786639810839,469.4539763047082,82.03537630055159,197.2002127645742,1.0
13,164.46130589504148,0.12552701836381047,2.0868325736136195,456.0970335843967,366.9237907289977,26.65700606222463,0.0
19,176.17991594349402,0.08535561638883378,2.7611580330119745,495.9004175766296,263.43292286627747,11.441797962967888,0.0
4,179.15668193489438,0.13291276936112828,2.7177946244461832,351.36122730977127,286.3637050388579,29.03914811824357,0.0
3,187.68479653012466,0.1273491160087188,2.9591881901305332,250.43034260391158,378.6899316327122,13.211094659578922,0.0
16,146.89094587464834,0.13971980235747314,2.4352318212761035,310.80115419211694,258.73545922025573,29.54814573533324,0.0
19,165.61256297182152,0.10655921249129238,2.093981051148784,446.05829798315625,267.4790548983008,12.309728283120718,0.0
6,178.87801032708654,0.09712377667520324,1.7276732180075904,399.8648956835441,355.5259455285006,22.323451820613933,0.0
13,184.80322471257233,0.11842980078644368,2.2982860510986627,486.15270513404295,360.43052585657495,26.522098708048176,0.0
6,192.85309180334434,0.4887334076750823,7.262133396715011,751.786993190238,676.142951912099,148.5762987335878,1.0
11,164.50649912730142,0.12015443657701645,2.3753940877661637,474.2519390891065,382.4772917070699,21.592320492344754,0.0
4,186.8945409922212,0.14307366269213204,3.4301337215556407,334.6086858711882,360.60212754572717,27.235298409736764,0.0
13,81.64664222708126,0.3886916408789866,1.1474697460794907,409.76818780210135,759.3575766757436,80.06597368215165,1.0
17,177.21020051935105,0.12612316513890331,2.745279824134408,374.56733708155383,317.92867791000754,19.53073249670912,0.0
12,316.7453671576136,0.3202575506989284,6.557583016902618,301.91220412418784,306.42889355507555,33.307702699454,1.0
1,201.5881007152371,0.10875138009456468,2.6672622265459234,311.07255227799277,306.3279113035614,15.876550983543705,0.0
5,189.61411354524714,0.12723655964339498,2.6926636052924944,445.29238781145204,370.3332161611091,21.333196616978853,0.0
5,206.67994585040478,0.12727431235319156,2.667851766964913,384.9240078419111,344.2357820703144,27.734952608339093,0.0
18,158.52376029381307,0.13454704616594063,2.186408516662479,413.90002762352145,453.2588247465159,16.458112960039383,0.0
12,203.38319679252092,0.12155949775791661,2.506181255890868,388.694431996805,208.9864657767044,22.658220196495478,0.0
1,197.78408606309537,0.11807366721942479,2.9382783792962015,326.0076197747591,284.9297511573509,23.852430020187626,0.0
18,186.1951771844209,0.12946481029529905,2.8986849563555435,395.7701468964731,414.3046895874175,14.66719983394405,0.0
15,205.83882238088032,0.1121444147718117,2.0613231731553063,408.7348575901758,330.5315148811374,19.315150925428032,0.0
11,173.85993441111748,0.11208831638406647,2.235602020146116,468.92488868049765,349.72760376715235,20.892715752698834,0.0
10,195.51912304646268,0.10956651334087474,2.8049371543787665,369.4479998844704,337.14510115736624,22.884575412609852,0.0
4,181.89161593006753,0.13226697064600215,2.8171211622419468,414.6785953122378,352.4318677171356,25.73642146559241,0.0
2,170.6204695520109,0.142139742612128,1.5759149654132463,457.0794920079897,329.69139210708533,22.245234424245446,0.0
15,211.1942574099627,0.1025544453727948,2.271068640490405,416.3165921314019,333.35952501071296,20.730443491874137,0.0
12,223.48854240986154,0.11778965447276224,2.4613296138089256,367.94477149496197,229.3206977139621,26.79881483289992,0.0
0,182.00688504991666,0.0924199059473907,2.8703636895702886,469.2219182362216,276.4759090373836,16.118926219059425,0.0
11,228.13566414771662,0.03693349035151281,9.668928549867386,962.7089876327876,537.990312381009,103.03340567731776,1.0
5,188.81829978434888,0.11491809499665319,2.460692126554974,426.36552486546384,387.1198702139531,24.03181049999688,0.0
10,192.05997509190365,0.09573047711463709,2.961095822197905,425.24729144607977,335.80338569329695,27.83109018977948,0.0
14,192.57854415127733,0.12776576260054828,2.9001545831191073,359.0477224277433,297.92375724864735,17.647006144476357,0.0
18,159.29327581832797,0.12991550691506706,1.7270625726078983,392.03915868942966,403.3974574635289,11.911544976456527,0.0
3,198.1166705133879,0.1326281720021499,2.5053202365345006,280.4996654084657,382.34355901425965,13.234568129317962,0.0
3,192.9244105911477,0.12816415973474274,2.8158670403853163,295.3529164816078,364.2247716420995,14.630223147957793,0.0
9,134.23468016500357,0.36812646943031857,5.531025309041416,885.6214218761739,579.8374943536812,112.77858421108047,1.0
16,137.98279884570573,0.1316874330823481,3.3576182782392667,354.8987038671703,230.6829518539277,19.330597520108988,0.0
18,170.92618434760612,0.12135681850823776,2.1604282690398544,360.71647375668476,407.20845005104036,8.712739600423095,0.0
7,185.41620899700644,0.11725747110335914,2.2104879482130206,483.57565291284146,265.2210085160011,22.670836798015305,0.0
6,177.58956422251958,0.09581693472941342,1.7355818227123372,415.86060477447114,411.5245885059529,22.44721500897479,0.0
2,187.11738036092964,0.13445622058515724,1.7041972895100406,469.251351176286,341.9595736357486,20.793603708783678,0.0
10,121.4306814045161,0.16488964265801556,0.15986572752138634,890.2547912169211,952.5418221726127,84.75402398618468,1.0
17,367.95314175529273,0.34981982015269697,4.617626645841746,548.2145285648619,353.00459420788053,174.03933809844844,1.0
6,385.15335527933604,0.37670833134135334,2.4960185918106843,285.1817817658921,824.7539669913498,184.15332169267145,1.0
8,203.2499058975191,0.1309062382834584,2.9182798215761383,390.8291059218228,321.348577387389,10.448078270579744,0.0
13,174.78693695504214,0.12312687058159628,2.550613427254186,459.250579994218,316.7421632694501,19.623991525604367,0.0
15,186.13705633487106,0.11899557438158168,1.5189614712169663,396.2410140628673,349.6096137143739,19.370555966843607,0.0
16,142.74415076862624,0.13725935902056283,2.696293608863317,313.9265114387437,305.8991504656297,28.77353933262135,0.0
6,163.9693536181739,0.10049214248573479,1.3555818690374712,452.2289141895122,432.8629364261086,28.158773422487705,0.0
6,183.29961362956792,0.10825258943629079,1.1402687570478562,428.1821715874144,350.9684044640923,24.16978079624175,0.0
8,206.68875865953137,0.14611408600977283,3.2255772001500542,394.67142193517316,304.3691210076503,12.698950368630294,0.0
1,207.3763304259807,0.11591097321557499,2.039737818969628,340.02011264611224,309.06729577322926,24.49143893374455,0.0
13,193.02761385453567,0.13407409917590662,2.6169151565659754,435.5179604989099,319.6232874910523,24.12228983038639,0.0
2,154.67838168263626,0.13783112558114824,1.6840991823594886,504.05352372685223,307.07311819743984,17.89961058317004,0.0
19,192.90717321876332,0.10499268331221047,2.4461243237660764,420.6479591069391,269.22426351167803,15.039602416803056,0.0
7,187.8360741756667,0.12313461665965923,2.6312422344619937,417.11629233903403,183.45497278152135,25.23270652996381,0.0
0,314.09000592963883,0.054730471625205446,7.548507841433032,161.21366560622556,90.53529283548076,16.700143339733753,1.0
17,173.19846040801744,0.12478459107237677,3.0457992962902005,445.21602774179684,356.9191744192509,14.185139042285423,0.0
9,195.24606341993066,0.1443286770228748,2.478659885096925,412.9109952284227,406.00895704315974,16.0964965444532,0.0
5,181.44154537553018,0.1314880256335488,2.3663551603559703,405.9326911159233,384.16815361543865,29.341633601852145,0.0
16,165.74785155788936,0.1275535119667084,2.4773243348093548,366.1894272433739,248.37789571334307,26.518696159583463,0.0
0,195.12505958669757,0.11552523322977601,2.7466799052797595,475.1361818836747,306.04744353843284,16.940443775346935,0.0
14,191.23966507923586,0.15272168278973414,3.2770784347508353,326.3135990745181,318.9720760996691,17.65646260761684,0.0
18,182.31623194296347,0.11019921339239924,2.129221118646258,382.897475478326,358.23691735804306,19.166729256622986,0.0
10,196.65835539311024,0.12972436018801167,3.0463810773553397,385.0356580283236,365.0679108671812,22.214315360452975,0.0
14,180.7409139301756,0.12543275025435388,2.9463112693131124,365.86540690979314,329.904760356799,22.785218101102693,0.0
5,192.75528922517404,0.13123612030564005,2.120735204938751,532.2474378979174,339.9784713875001,27.88282535647437,0.0
10,196.39911287638787,0.08944398673640432,2.5700431413837426,363.3844138774457,304.02252705902555,25.7314843467468,0.0
0,169.28123908855625,0.16682430450499974,6.355188400481013,104.68082201581207,93.26573805384746,162.5599134515005,1.0
16,136.19528759659764,0.13417559784981922,3.145443543275663,317.96654429864145,294.0672147488931,25.816827571161188,0.0
14,177.6901034550282,0.12718226810496377,2.733341943671567,359.5779334418163,352.69916402140245,20.690352145579826,0.0
15,361.412146603383,0.21379769060577963,5.761785472343642,947.8663263076426,135.02063785872326,123.56263891785729,1.0
18,181.0651599748097,0.1380055408388685,2.545454548101308,340.46359895993663,419.27397257659703,15.723619246045637,0.0
1,215.22343078849974,0.09914478394268285,6.623347024910498,276.2736419943902,897.3724603359086,68.3634703395752,1.0
18,204.54155110794065,0.4037354706449496,1.7939145362926785,935.5272196283689,939.1924571901727,194.4459418432715,1.0
0,195.6761614162004,0.11053242095935628,2.4184792911600668,454.2173106965455,354.95218769082635,25.462552296172078,0.0
14,196.40519396495304,0.15624352269021133,3.4922069345868274,345.50400204765003,264.83903342901857,25.38216670994448,0.0
13,175.37431548589223,0.13436308930920976,2.745668759653109,448.1800061102541,336.11145137098464,32.90624052917482,0.0
15,201.51932953612194,0.13070458866520307,1.694822784075347,350.01604552238365,374.00405494200555,16.405215707148734,0.0
19,217.1644045102247,0.09821550893105767,2.6256837693213995,426.09582243291123,241.91695635543235,16.637344365493664,0.0
12,181.57099318381614,0.12780606704295724,2.9457047468148043,338.38392210502826,238.85451164886774,24.60043216361728,0.0
13,184.12848010431776,0.11167289404362732,2.481415859319068,421.67668898609116,279.34989199274855,21.99013312057822,0.0
11,385.6051556166435,0.08571520669535429,5.75145396915974,294.7503988253527,977.6819975520041,74.19474251843381,1.0
15,206.3940113721812,0.1249071759707708,2.144599613689942,321.0632113242133,400.8939068788191,23.30767992438964,0.0
1,214.39671892314587,0.1248543741962172,2.9877854516795788,337.0010507182121,324.1416419958091,23.62492532423764,0.0
12,308.1010044994928,0.19390745942877677,9.104687831064982,805.3547684003885,97.51299747529079,11.325111475511607,1.0
4,173.7752425775302,0.10607477869411447,2.8920480542501865,413.4948623085601,357.74896290346027,31.981251387465253,0.0
16,66.33968696474581,0.23030346394379128,8.951585407450976,210.169096012335,678.3785869859755,198.04450692301478,1.0
19,53.39512422306478,0.3072925940932937,0.9296611750411018,199.62552067201364,613.350844354006,60.69064328992124,1.0
17,155.60479653489173,0.12155661370634643,2.419032167268669,383.6678814155345,414.8632621350283,23.044030082792794,0.0
12,216.61762112237903,0.09589294558562701,2.979733583877379,386.65281243036344,252.75849070608677,22.911671643720005,0.0
1,185.19141871914982,0.1320869302756892,2.41958432576228,305.75236239455205,232.92541529006783,17.311718415025894,0.0
0,189.87033501082885,0.10755400724822788,2.7123756244125157,495.67906162654316,319.25391791586264,9.339650151996059,0.0
6,165.4564217005294,0.0975524289142177,1.8623214678814597,382.7388607292775,365.62347161905444,25.594750082856677,0.0
11,170.2432398448239,0.08989728122420837,1.9549793818164027,418.9234199400159,351.6188521273109,22.36030305061466,0.0
18,173.27158664102848,0.11927379246556022,2.0807540931961794,342.63259416837,454.1331085017945,16.995334527120686,0.0
2,165.72673872136465,0.13976927953618076,1.6257145057036149,427.0625705022039,318.7224590794359,22.298727212601626,0.0
14,223.10896846731558,0.1671037542096111,3.5325157362355206,284.0308348801868,865.7589573224537,135.40756297640203,1.0
0,190.59318562112125,0.12865268596720839,2.343703150144348,517.8249837359394,283.5293068088663,14.77302803832138,0.0
6,187.71421821658842,0.11190391204287212,1.5511728326397953,357.89506844123355,384.8916257902846,19.16027409334598,0.0
3,188.06669749951237,0.4220270739187021,5.232239417257521,61.503051473143074,107.41169321626334,76.38792793057918,1.0
0,375.7650639612477,0.4488063819631382,4.539610667585366,572.0524382075488,703.9594401445288,189.44971547677173,1.0
1,184.78191149447878,0.10081321983613459,2.8301676110595664,332.76932666135536,333.57209585651225,22.127939999732295,0.0
4,164.71171047715762,0.10964268670462712,2.7867962097334016,436.2420998490322,374.43444416979065,33.50613644801266,0.0
8,187.2563840455231,0.13159463536133864,3.3462695661521855,398.3473804130509,334.61634841440883,7.551747541262349,0.0
14,350.6431914927771,0.15512661512390927,1.3901480821037802,551.2006413040829,82.00889915942453,58.9402739771056,1.0
11,164.7806108545504,0.09480612615488064,2.5598543550357786,446.2561261481059,363.03188485636406,22.190803184352536,0.0
7,183.30273633404414,0.11826216182763119,2.610378404715142,472.0266152958151,257.4852468008127,23.531170206240386,0.0
19,193.95978883665381,0.11604917625470389,2.9149088347067553,450.5028499893227,281.17492490337713,12.942169560448573,0.0
6,168.28603102209726,0.1102479840280724,1.33220581463971,434.4068472843861,370.621343943223,20.1265450353476,0.0
14,179.53198661834844,0.12495757046467644,2.753251269448815,311.78651130514703,317.966122068071,16.099884267518583,0.0
4,308.9664422684256,0.36606878611445837,0.22279995914541642,684.4144490650862,857.139132899164,175.79578005645345,1.0
9,173.13622932051777,0.1385965168088017,1.9133750862039307,464.2093442135144,431.6528461476362,9.720022028783319,0.0
7,190.04611728724677,0.11796137879066557,2.3702926276623137,476.04727308044295,261.4516917232812,25.45774078441424,0.0
4,164.1277187601511,0.1216869942745198,3.361431301036374,457.1913810097416,356.66600173531765,33.22395753537169,0.0
3,186.75810603736477,0.10306295874506395,2.89449902190542,297.2799922702241,323.2782732300988,15.318610365795541,0.0
13,183.77450590028968,0.14255037470127851,2.129685273955357,397.0043690058476,358.4962923554066,21.118499120411006,0.0
8,210.7298044812214,0.14134227555036652,3.2628511785009087,365.08063778333087,333.26327326898235,11.341780920547537,0.0
11,172.28275487757674,0.0977170005834005,3.2264805062233455,422.3684303144557,352.8934541625511,18.145252314374353,0.0
3,181.56089980101927,0.13478860480256508,0.7598552015508306,117.69389137699567,182.3682419807435,124.93271377085276,1.0
10,199.59668496780878,0.10142770976793603,2.915102475078244,396.78827518751467,330.58577571359984,25.9703046833721,0.0
18,171.05221950159157,0.1198832769789875,1.894239534795786,421.9315928351003,455.4519158982379,19.116644329273,0.0
4,371.3267932697027,0.15932803673920531,4.740802858098608,613.5604916020151,526.2312321531535,114.35447040966444,1.0
9,205.89049710459818,0.1396391669896388,2.200312526674359,399.5567525359007,432.80203488937093,11.21249246674424,0.0
17,148.07566398546805,0.1097099146114269,2.5877032805312004,441.8723963437145,347.6817151769272,17.226831836853624,0.0
3,184.93765180674268,0.1324309693697254,3.0070045949951973,283.40983372425933,367.19388831554187,12.400816272096977,0.0
3,216.60634527906828,0.22442553078714203,6.177942489124612,118.4801191987397,193.34361218879326,153.84462956762673,1.0
17,153.32259130666642,0.11657743345286145,2.5436390376709768,414.5867984255595,335.35859279324245,18.150204449110078,0.0
6,183.72481442431214,0.13029256844621126,1.171337916953222,412.3482645232696,417.3707495914899,21.898021668222267,0.0
19,170.70430890197488,0.10831922933250948,2.6082506931405134,475.41919562482883,241.936584190085,18.46888254693888,0.0
7,181.7596772491148,0.12156788500955201,2.494125195530411,415.96341595748214,207.08919220812788,19.318632241267924,0.0
2,151.29957082423633,0.1332029795455205,2.30157245203184,473.5912267721986,305.9761633363277,21.7078174933592,0.0
8,213.14591587910996,0.14370964228239344,3.1450438562087997,379.74335072143595,362.90041929377196,12.096929050852374,0.0
7,186.30939312315826,0.12759800500086171,2.642092049793986,437.22727197995414,305.08049102357865,22.154096199485423,0.0
5,190.8597840970665,0.133404285545185,2.3166136414904175,470.688571636298,345.2466824628573,25.182934877760207,0.0
14,177.83679126822437,0.15415085263474795,2.789703120485833,358.3823975127279,312.4223133676232,14.98407215015412,0.0
17,86.56811086388532,0.029458491710401137,8.95150455565267,815.7919105627101,973.3148960190194,27.730505822660746,1.0
16,138.334419835984,0.13142030687027167,2.3582214443707863,323.13508852886486,261.5911481652584,18.705895965645453,0.0
7,189.37593955125806,0.11707666552833607,2.626196685248421,422.86258836409587,221.90290803281002,24.660263244791874,0.0
2,78.57049371070636,0.3327668099954293,0.8147642488938409,988.267085549255,284.0595192627011,35.93662177404839,1.0
6,161.89574861237531,0.11594203895162207,1.937195439448417,435.0299853469485,376.6949826803132,26.24416515576335,0.0
13,176.4590323073111,0.12468706124024621,2.8656020232416335,402.8067884786818,318.68975597057755,26.287899352398526,0.0
5,179.7077804248398,0.12507483696948457,2.9383595967631075,437.23709747756817,338.0348907827143,25.231756850920313,0.0
18,169.24753036403746,0.13043633703049554,1.9501249640732485,381.34187004389076,449.8644477251313,15.172246652569019,0.0
16,124.31486066483379,0.1291122815571405,2.820554806540445,312.37525523857425,313.82920810902874,21.015598432686314,0.0
10,196.06081416007814,0.09974731205746255,2.9348111644105157,430.00741309574215,341.62890324690284,29.381317181262894,0.0
17,167.021502554662,0.12153512159247835,2.90323450028477,369.3227986046053,331.80938143389045,14.656872296491413,0.0
15,214.427136378258,0.13351598566757225,2.0530343029059304,405.25610614877866,378.16320191892584,14.970725584095062,0.0
16,133.50554574676573,0.12975314752833242,3.65764166609662,418.10020155473325,228.56267779528125,24.469350060102762,0.0
3,187.78177995381807,0.13005092481225514,2.3313019647190423,279.9508843717261,420.7406135378679,13.050282945347844,0.0
15,188.50560112847407,0.13819916985862649,1.9364166367498181,372.0776392386676,368.04723310972713,22.586640535902333,0.0
9,184.92579839037788,0.1499981891091269,2.3763728699354947,420.0985761118963,398.84313884145246,20.462879941323816,0.0
13,158.19496531420458,0.1417302714227351,2.601590976573846,460.16770455770484,348.7886638606436,23.250713660602937,0.0
8,223.33139310477785,0.143941661319938,3.3577780085946873,395.7992974225103,294.2290414629657,13.650053658990828,0.0
15,73.44688303854666,0.45496100665932865,4.871749685555384,751.6120875021122,722.7599439757847,164.5520486064664,1.0
9,205.2292447205308,0.13591509765404033,2.0225317845849102,393.89291428703416,371.01805289783715,22.61660192569781,0.0
1,185.13479650947565,0.11907579951446681,2.3215496654357897,382.4404391156413,288.7140700390651,19.51701751715684,0.0
8,202.67338057620816,0.11541845975863474,3.1911969049246105,401.37076778828043,346.5972014985607,17.05860379449339,0.0
0,191.20769247862523,0.11562728348362948,2.5244172425493763,504.5272165710405,258.3015216731874,17.262801540726894,0.0
8,204.71183072646647,0.11986474752836629,2.8265729526322634,364.75621462545956,253.29192362872504,15.35384549942252,0.0
0,181.44432539598046,0.11953496475364317,2.7242019709565,452.98148925918235,269.17475373326755,19.272858427173333,0.0
3,308.07497708572987,0.3471860059824056,6.403029853455353,730.5072186595481,664.7569049597103,59.08895549548405,1.0
18,182.49916799685988,0.13712200781979775,2.0349267900805534,417.698553654036,402.11198765497244,17.893264806488506,0.0
12,186.09512870890484,0.10125529854452509,2.944176656768195,356.1452474424012,203.4834309874175,28.600401662343348,0.0
5,204.06768428658862,0.1289059749347952,2.418472823170528,490.0904318726703,362.84431030105725,20.436978221229268,0.0
19,369.40447627368803,0.39070373031233535,0.4782075591981715,266.05064228735284,396.165405090152,164.81889809687485,1.0
0,175.24227579545828,0.1135997865524428,3.15928688293547,482.3412090790838,309.65143568060694,13.207188773635771,0.0
0,170.20153397003818,0.12674261521223013,2.636598271995871,489.8224781336507,281.1757876718562,18.305747718023795,0.0
19,186.34180723378702,0.10154144623052534,2.527046944519474,422.4480176770618,256.45609379225886,20.218155419553824,0.0
19,182.81895293163637,0.09823592068449975,3.0239025739999277,404.67638604677893,193.83539278230606,20.7521896681015,0.0
5,171.8266795628198,0.12703038336086314,2.5930805233547756,479.3481246832421,370.889941540734,22.8018842351717,0.0
5,195.26859862977074,0.13660782710364783,2.281026167865824,434.93653125899345,390.3629344910286,26.776068291836072,0.0
12,209.12145986319462,0.12147403364817189,3.0189628724661177,365.1175546284097,251.6172490513829,21.8009340005835,0.0
13,193.01259844261804,0.12554620447455278,2.3027823432109855,450.6589166268404,363.03603055232156,25.11374227892158,0.0
7,154.7841807968719,0.17789612179603556,5.104536727859653,447.67691117241344,989.5566196554058,171.95893496232912,1.0
8,210.50312515312868,0.14883108132224637,2.83374601631095,379.50445202946156,299.95455819719587,8.323980783720343,0.0
4,173.0695698445077,0.11032344662942148,2.171186164472835,448.74249369044117,254.57986391300645,22.142000741562228,0.0
0,175.94077652094546,0.11948782767066987,2.3971456638910014,461.31125101265826,292.56226558393047,19.660631258923686,0.0
0,189.53934824521605,0.1277713781653089,2.4593305737293365,475.1183229935274,229.87958741133835,18.60809688709653,0.0
15,195.88860510235878,0.132989853377443,2.2575322476660333,291.742309676036,348.097197216145,22.826038726388074,0.0
4,182.50858027786614,0.13011751086972134,2.0367795785702225,424.83351686741764,286.2095234556361,27.883294458492102,0.0
13,223.7803977807117,0.4012422174750833,5.827782929565609,923.8029431904645,469.1717264276325,24.096364487693588,1.0
16,130.0528679446854,0.13561469901785245,2.6506992944658125,300.4514468116072,308.14267091781,29.770479278874973,0.0
16,127.43527203840745,0.1438203096571479,2.8653491202012726,297.18656734354056,295.8660505700298,26.581481889679015,0.0
11,153.84822048022912,0.09360366123968164,2.3888734286846405,462.5622801910537,390.11908542523923,22.880682339822197,0.0
9,211.21229713934213,0.15770837638179835,2.5020278336415864,487.09066050900356,386.8553107586282,13.519256975637422,0.0
19,172.13045979073735,0.1181052488030942,3.3604401516285267,407.75941007755347,293.80562687912163,19.5423169910993,0.0
9,193.51930127070403,0.15248151546864122,2.5889176963556904,381.18299191747656,395.63170939460093,16.548381339435903,0.0
16,144.6704390454554,0.1309743120394293,2.7041793000764778,335.56661233716414,254.7656812118704,20.652405806245454,0.0
18,184.76333951324816,0.13174404886516888,1.768316231435251,397.6297904391806,451.58153880437,18.735543237443384,0.0
11,173.48408867501598,0.08202348570780539,2.5909345720293664,448.9826012097461,299.037875965489,22.103046201647498,0.0
12,187.9405708357588,0.12872980607459875,2.6083462827081934,434.5328819214562,265.1736566261944,25.057470752128705,0.0
9,176.70831546284958,0.15106585587804275,2.0691832599113833,426.27370047537516,395.4955544499155,19.018030854355164,0.0
18,181.6082192958099,0.12374687507646805,2.2635834964993977,360.0816325564585,451.04352658766226,21.243474841457434,0.0
16,120.03987839206856,0.12366611487435203,1.9761803647142278,294.38536092203276,297.1620412319023,28.586935102820604,0.0
11,170.18623282358044,0.11982438548032474,1.9604152567246935,448.4433081548382,332.4170365556001,24.28167751529164,0.0
13,177.37391858638526,0.14938931456693888,2.4049237655684914,456.5736615053058,292.9837966540511,30.70662157707119,0.0
14,187.9464131254034,0.11434347195808667,2.8973030124167702,351.4469253481561,339.0335475994663,19.625856854416938,0.0
13,175.3141116390791,0.10766663981188335,2.0104403208231787,406.77386397124206,278.15152874567985,27.728216410730333,0.0
0,182.79341475946592,0.11676076722164998,2.6863523987954427,484.5337323685946,324.70083421648457,18.884876104017877,0.0
10,170.02538196571857,0.08210999303652321,9.661739965211494,361.4462889075324,470.38597087870085,181.90969460242766,1.0
6,170.8349835409307,0.12539084326687813,1.9505291380813643,406.22071629355014,413.76076734771357,20.862931147491885,0.0
17,145.6058671294808,0.18822550535648527,7.745178731343438,435.77802593178245,107.97893717461976,20.15056879191526,1.0
13,168.98926342752173,0.1348744291244964,2.616730657006107,431.68181770871143,332.9782132806794,27.220362567890756,0.0
14,203.96831225633483,0.13613158558197583,2.5807295418588296,324.2259928260203,375.42558549158605,21.690980191115454,0.0
10,182.5289062980688,0.10289868893130202,2.887833547051098,343.0409697114599,324.90054105062984,27.3088877153611,0.0
17,175.74055772644456,0.11240440388649396,3.1106015157386095,402.1480278502744,303.32538061685415,17.86103217700643,0.0
17,290.5490515445947,0.22960371504044605,8.433906219385307,660.0991551525625,275.5932602490211,35.134459593716905,1.0
6,174.812457225579,0.1280999873517823,1.6930351662481467,423.91731802768084,428.30270838591525,20.973204491580333,0.0
4,175.37251818472856,0.12341693932746135,3.2665382097200095,400.4091121391524,395.9224201438227,29.19875472542313,0.0
5,174.46781388066765,0.13815599194732367,2.8774705888486793,410.53344414052486,352.83557672687925,25.811206448597275,0.0
10,193.70786538557184,0.11657261468474571,2.535588488233195,407.7806702693566,328.01102939236637,20.486844079510682,0.0
6,138.58553871286307,0.222455568389981,6.171587680385053,253.68615884350632,840.1069155045946,13.691743866715612,1.0
9,188.149826689005,0.13451612302697868,2.0824029480979562,433.82538957124746,397.5001486821531,17.925217192581083,0.0
5,185.20741411157522,0.13105127897257127,2.850067518475138,384.0832498635354,381.1592642996493,27.748082340131436,0.0
9,174.5628059710457,0.1309646400460609,2.0934419582283312,476.210348561742,435.9394667114024,15.11453384970753,0.0
8,196.88425333091575,0.13841355420818352,3.108483138235097,387.2719224869634,318.5514716786076,15.19225971838919,0.0
5,204.61854939718222,0.13450510428121726,2.394289136525072,460.55228957164354,276.27947127961744,26.091788628210768,0.0
16,139.30076837417812,0.11150908717935773,2.863772187353144,327.01139618162944,227.16322991435763,28.28989773094345,0.0
5,185.67708190947647,0.3542448457520554,4.631226091077011,674.4858080616222,322.4710703257165,103.17238054246562,1.0
12,204.4352815642336,0.10525201612089118,2.7782933626171484,404.73277791026106,251.8264690542123,22.315979252958584,0.0
13,197.17294481816538,0.11152667668893673,2.598920032391544,418.4803205563559,335.34499891649824,27.756007119174257,0.0
18,380.74467494454507,0.4978460588837179,8.74521813124756,734.5570984021056,193.9737350096891,30.672965483149127,1.0
7,139.7620713558681,0.05054104945291305,2.8090401368216393,595.5731963357005,203.2148520464639,90.7979822399398,1.0
14,168.06755161142226,0.11993854572408219,2.4967280881527714,357.077344329357,330.050275741286,24.6003141087348,0.0
9,178.04390557630794,0.13656818464319623,2.014987527853986,399.55172361068503,450.442338765248,19.61564071591611,0.0
9,200.750528024089,0.14495037025407864,2.268655192202955,407.2222576542918,374.7626149734576,18.055293629066984,0.0
15,212.18500150124004,0.1262425811653139,2.21146182564152,414.40927613852966,357.87188848439655,18.805621854556232,0.0
5,193.18289275327936,0.12386479018011774,2.335521159225317,423.9522645572037,398.50423322555775,21.541882629775774,0.0
5,169.63664223031526,0.14374240863205937,2.426574802410424,420.2451430668128,307.6826903109323,21.222045043916545,0.0
14,176.1904895938164,0.14038026557840755,3.131363394269258,320.99124993254304,345.8888374766318,16.638185681050075,0.0
3,193.11082119864255,0.09983986920957003,2.999986926277836,258.438087382416,362.68493720544,10.121938062242934,0.0
5,188.90008706071956,0.13162528306335264,2.131475516547133,433.0706673305738,358.6438819089654,27.16591190496387,0.0
2,162.29657732717453,0.15525594817619875,2.1423104163219144,477.8919584312123,314.0389723827955,25.01596885125088,0.0
18,90.25382788983424,0.451728067039367,2.891175154983409,285.5358273155168,143.68775531374195,61.864844871644586,1.0
7,173.248394580814,0.14480182989321277,2.286892197626796,450.2269800503739,231.896592950034,24.209999046384635,0.0
7,179.62605071007542,0.12504545454701774,2.417893073453097,432.70140867426886,245.27654938224111,22.902218498056843,0.0
16,150.05600353160793,0.13938536253920802,2.6960603949176987,273.14185797656944,253.575851223879,29.953833509255922,0.0
18,194.97382156415492,0.1319046103429981,1.7945612124186294,409.2186927306282,407.95437525719973,13.418860072741229,0.0
7,193.15315780387115,0.12426472590888238,2.2430369015977054,490.276721099888,255.9404467265534,21.17876179869055,0.0
13,151.53561494783526,0.14449354696934277,2.79879859303296,440.1416201811556,314.627546261077,23.566667594506292,0.0
1,194.36883221279237,0.11914156250456348,2.067619024749891,361.32078555398004,306.7060921493145,13.880795428722138,0.0
8,201.88425327890624,0.1384067209853259,2.9117392767947194,407.1147532225489,328.41618212545455,17.888336776874844,0.0
4,171.51027512193912,0.11615149816872035,2.8305130128997678,431.0559383410253,345.81237892052036,27.484734932472872,0.0
5,271.4491575620103,0.15604558223332715,2.167938967651121,498.6677139548326,648.3842779820907,53.5185353455943,1.0
13,189.28545428687832,0.13410616416573817,2.0099600201504404,440.036093106494,339.1387547590534,31.322688544786484,0.0
11,171.88401245370548,0.08009899159687704,2.6690951287972773,433.3357038819992,344.0908894953311,23.92062380183252,0.0
10,185.03749933389983,0.09379822407805595,3.270461184137981,376.534359749567,265.21499156200065,29.411836715994298,0.0
3,188.94035422207742,0.10533110581018693,2.725618273516499,287.0807992225738,373.5229225045172,5.379381480181737,0.0
8,220.7416403666507,0.12108785218690384,2.880959113786989,410.33478532001067,363.87307682498806,11.744622392894607,0.0
19,198.6741495583984,0.10953991850222548,3.3492867707434053,465.09284007792616,235.88061362284193,16.550025895612432,0.0
5,180.1483456754865,0.12345983404237,2.347762136647054,427.0266718068085,396.59563746903865,28.622749816309604,0.0
8,186.17973651034538,0.1449511350785896,3.2448400944345415,318.9883709816082,347.8409293041,13.665727339652488,0.0
1,193.84165533351862,0.130193586541004,2.335144793346035,362.87879457736443,243.13571692952874,20.28839313952959,0.0
8,212.6481219206128,0.14311466654152266,3.5325589901630376,376.1302117936178,266.3908702744608,15.100365990373387,0.0
2,162.66122735732654,0.1371523902812771,1.9621717708072288,462.84471232209586,262.6749435603626,25.006207133066997,0.0
11,184.6915876577343,0.12276094596257148,2.3874892344949137,453.8734217578115,396.27036787337147,23.100529013968078,0.0
0,197.76070752012802,0.11700449987162806,2.7822283034198123,419.5911132176083,245.0527660324462,19.00074739031083,0.0
3,188.6734611769895,0.11754962121385437,2.8274441934372647,255.61559325401097,371.1053512484334,16.613083709246624,0.0
14,182.4492743430571,0.1280623068641598,3.0135240363316917,374.86024081538403,391.7652593679962,18.185163897357853,0.0
0,190.88689519085312,0.11866849155471276,2.850889031115277,462.66745580970104,343.5974922194995,21.502038528720156,0.0
17,156.11790973511154,0.12652751398031956,2.769500734906406,465.44629417830095,271.4712624035978,18.18715454628189,0.0
8,187.35504731724444,0.13170419389338192,3.5473401200664707,373.8907392139825,316.0357756453252,13.820717867378391,0.0
3,190.54189390918162,0.10401777852776901,2.6641196681953963,269.45064792355714,361.1903678222605,12.133735825423216,0.0
1,186.87114411849257,0.1279520379053781,3.067120129770233,355.22850835272527,271.59451483497566,22.225060532962722,0.0
15,209.00889268868355,0.14045628339174482,1.6974198917417507,367.0140763295264,307.8236604149338,16.32887248189452,0.0
13,168.0243716422,0.18961008181582084,9.860748269386686,668.1881651171103,799.4463484022477,132.69806902574203,1.0
9,183.87114424424357,0.14197240041925796,2.7073404417379323,410.6785441411453,404.3453351465551,8.74108722225841,0.0
11,175.60935894258577,0.08968503829637094,1.5303605750359515,382.71605648878966,393.89495375913697,21.087473448937832,0.0
1,193.3347002856777,0.12344107985554417,2.6631859086363647,367.53145071352407,339.9286103244529,15.525787718094438,0.0
16,117.15561454157553,0.47338003315489424,7.3816549873564545,398.81114441027154,675.0614775523173,38.40325019358977,1.0
1,196.8820115690197,0.13117738291935083,2.55848911084946,332.6719155532397,289.4787685952692,15.468898302424318,0.0
17,173.39694323394804,0.14019067626452708,3.077914580666421,420.31333632950884,393.56942666957474,8.514501707744476,0.0
7,188.75822383859156,0.1418573974387858,2.8517510788841265,468.6199279518322,276.79965907332075,22.003135234640304,0.0
16,151.28921920239696,0.12585733650130596,2.5725518199888797,411.37292571268586,266.6678389570211,31.286772444421732,0.0
13,67.92850374150964,0.08419111752868168,3.9633616408815513,899.2744045893794,95.27441383354592,43.092581455146004,1.0
0,181.43364617287452,0.11642063810991303,2.229107532110368,479.6912146892712,268.7228660595525,19.404004207957023,0.0
7,194.23912553940175,0.10841638119987099,2.61665352163641,503.70894424209445,279.18518076664907,27.490733667771014,0.0
9,186.041273444812,0.14061066124241658,2.713651379080292,440.50732797839635,352.48731304698583,16.165790136034882,0.0
13,178.85249178683208,0.1281956885334374,2.4770613469351246,471.6255756461634,332.4753918123785,22.10926470857334,0.0
4,178.23386939545895,0.12471548341372724,2.9407241166280786,428.2662762929547,332.7774954020985,29.871199650614166,0.0
16,134.08632744539753,0.13402230365014414,2.5228043166914036,326.69351004947026,317.4709265733098,23.8845373049474,0.0
10,205.13717782219834,0.11318443704111165,3.0066623981458327,348.54741681588115,352.1810293046878,26.15917456735942,0.0
14,178.81377526313378,0.1323877402333683,2.6942317182705744,342.8003395601283,320.7317930604391,18.651604995714973,0.0
13,93.16147187635228,0.3565418808843574,9.122283980542447,140.1067335904983,182.23762552658553,170.30743437958512,1.0
16,122.56416771496139,0.1307806400927594,2.9054926712524227,317.6812669617085,325.8652254517436,27.597969927241977,0.0
18,159.1775140741059,0.1360868290741184,2.0417319773852993,388.614648780055,463.426789566852,16.450130662909714,0.0
2,165.51953453668617,0.14835574907538987,1.9456855973958396,523.2594745036826,293.37907195752643,16.138053484940805,0.0
18,174.2380927957692,0.12806140662768487,2.237571587109785,347.088294465259,357.40625303157054,17.168214367112515,0.0
3,184.52959290488516,0.1177980457305747,3.0382807427973955,277.20980482603613,351.0314527359665,13.072202744417742,0.0
18,157.61415400658706,0.11889373956999653,2.4365539936831007,318.6319284290473,455.29207273256714,13.287548139859055,0.0
2,163.87157740147634,0.1446254611743984,1.7202346426047719,462.54983790678,340.6496511838979,19.9974607972508,0.0
19,181.00540196869954,0.1065487451457155,2.831842698041042,439.4235746437452,254.5160730718572,14.689490153661152,0.0
7,131.3770972727409,0.43368287171048864,1.5263799815306758,485.5098529248661,890.6241179333255,81.36096019034471,1.0
2,208.31139958140506,0.48817397535137436,9.750452305253154,755.571195139982,491.80225201045585,146.6226044830562,1.0
3,159.1914485369796,0.09475995554310179,2.602687950856928,311.06416402306473,375.7118985009798,7.6352035721475415,0.0
2,147.31170549149863,0.14387201921039885,2.5650906147206585,426.4786778911657,312.429788912511,22.135078199484603,0.0
8,205.48396413220627,0.15474567748658474,3.087977749923491,424.7895571145774,321.4727758900609,14.687850629138373,0.0
2,155.39596290946213,0.13680360752884319,1.7493651325061261,467.36556784941894,355.40641956513497,14.86143908206126,0.0
19,192.99253195079416,0.12492865358104288,2.9419899129523923,411.32435454020185,281.74952543492805,15.122485336516526,0.0
11,159.551478013536,0.10860837538845589,2.4416881757458015,449.62090315230864,309.824338808676,17.33311705787995,0.0
12,208.51319912350397,0.11444229500501749,3.2435153885872956,380.8890086911522,246.73099533421458,22.19235449062363,0.0
10,199.23246451294622,0.10740054948635701,3.1647894863613826,428.16368275094067,315.11021728786227,23.736796460413807,0.0
7,180.685972436178,0.13697379224470854,2.034965929466939,463.84949427079215,260.5337957053259,21.766261148612088,0.0
14,166.154228601485,0.11955758249361886,2.458345898603474,350.0467582265573,323.1644824275179,21.65919690839928,0.0
16,256.8206324895294,0.3343652213308107,1.2225322459704682,190.69575869577108,11.2715812715334,144.9825493248879,1.0
1,192.99081835584826,0.11955736104329431,2.721547450643385,330.5721680705311,269.0168852327823,21.022665316015527,0.0
1,247.69439664191574,0.4322749542966235,0.3682503257844866,144.4693231213779,22.871904275628676,51.8846866862585,1.0
18,191.3890364576883,0.12592541257623313,2.3918896484585086,350.0498836812611,432.4154861830706,15.842892119035888,0.0
3,199.23583048629166,0.13271400828050264,2.746167634292215,322.88836494899573,362.04592332199627,11.311613682707442,0.0
3,183.47699030579759,0.11830484714628861,2.9099359156940894,260.99788357700425,323.88472973719115,11.212608278409752,0.0
18,293.1872554551023,0.14248778530222161,4.491637043050053,931.4019054065498,473.96512062642137,56.127115975303155,1.0
16,137.57817246209456,0.14215926915634483,2.433754054920003,336.85101625621263,265.65315870548267,30.045586887187383,0.0
9,202.39829393558216,0.15016354821893418,2.905450459671363,442.23792982686746,384.59182655820575,17.58589044148701,0.0
11,171.7924235867322,0.0840281482490943,2.4435118376021148,407.10666025300804,374.3047700416719,24.029592955320382,0.0
18,181.94071127794007,0.1377805188161861,2.2698362343994845,355.6627696984009,384.7981855182193,14.656688585339522,0.0
16,187.7886600967145,0.35492896684691255,8.124978097775594,85.81252090153708,708.4416854152776,14.835239118862443,1.0
12,200.60925074688228,0.11455775903045266,3.11341528833832,413.09802919448896,179.77872160991782,25.541559927378003,0.0
3,187.43798972477586,0.11331822164553902,2.7631222650382914,274.68446294517236,357.6079861508131,13.522866828037195,0.0
7,201.7510579961461,0.11795181375144606,2.547487846546948,472.0259703908689,237.39440302637414,27.826717328251974,0.0
10,113.05552670641674,0.1279938698758549,3.1460229858316904,235.6851003499799,882.0862089393049,88.97048656550817,1.0
5,179.2355730397128,0.12482466319747672,1.9600178492009903,421.8347678960969,367.1785507572033,24.67817939801778,0.0
11,177.6039403622857,0.10598238852182618,2.1477372594422453,429.1717731736754,329.31555841289537,22.814330724487697,0.0
12,379.2628007320614,0.13600465204345696,6.000831595228707,967.1762028705901,279.0004229091979,164.16980185262574,1.0
17,189.94723835664104,0.12703763592524878,2.5305110712588017,395.4140902588928,343.49338234617323,14.854479427403053,0.0
9,216.28145550336882,0.12008212484446565,8.342856555928698,996.6999933586882,216.23223610843277,110.69435524196997,1.0
14,143.68395301800413,0.1272912198076027,8.945748716793847,175.12405844603734,697.1903374364745,112.37539124830262,1.0
3,209.03774936672377,0.10990423920224392,2.7681988641041886,226.24622589765332,340.7018353140219,14.665533069501965,0.0
9,372.85199927964356,0.20567296429761905,8.061239093340454,178.456448027212,361.8849439904211,114.0573877462781,1.0
0,182.81653536704388,0.11382561460983526,2.118675196840495,431.6807441495014,307.7605803318616,16.282660757469028,0.0
4,168.64623347944968,0.13755259871704076,3.0390905193772246,391.9572792347283,331.08472379949376,34.47679637677919,0.0
1,202.3691327298908,0.10136679030681418,3.000437628150963,390.0876096909209,324.16954905663175,14.975482745096286,0.0
18,171.63697830330284,0.12450899905549918,2.054748562602667,368.91339897765073,371.5717764937574,16.425989177987155,0.0
15,120.48968597786059,0.45995966733617927,1.3125660268179427,487.8252985061694,141.24833670963753,20.791875182477916,1.0
16,131.86258384925404,0.12785106917076755,2.686727135476798,335.8113707028765,231.3339346134292,31.29305537497826,0.0
0,168.31790984859052,0.10665529074748145,3.4332791951757935,436.3007247057697,310.1756025502405,15.990289248200408,0.0
5,184.4774996362085,0.14639366386027658,2.381126626811562,449.42799370518316,363.695492542074,25.260279009090784,0.0
3,102.51703264289449,0.3955826592650946,6.627603829837249,89.58925557226506,356.20619744839104,16.43433349528547,1.0
2,126.72489557531551,0.4982036188678035,7.29897379068645,738.9947773943796,635.2446178915953,98.45557128960695,1.0
8,208.25145951488608,0.13717711399810437,3.439042886686857,337.5459405931353,289.8339896841641,13.515238200327133,0.0
6,172.81903746666035,0.12489766653927452,1.997366119390597,410.5605812700787,385.4263026871305,19.2396734408093,0.0
17,173.65083321678588,0.12208402026074155,3.0860299604837054,419.36281993810906,327.163847463471,12.009788693145774,0.0
4,64.70863630999185,0.4817770749662727,2.4947488997625062,859.6506806716224,995.4831410293968,165.8573598633511,1.0
19,314.4030453804534,0.1156634837356661,8.297628529165097,684.2216279040733,929.9683654459132,112.96383257727922,1.0
17,166.19118349075882,0.11747974214723031,2.525630037006642,398.9595384972781,336.27173033417205,15.383965777365166,0.0
19,177.53110479623265,0.11607893902960464,2.7217152460768097,442.19120047861276,215.77272771951723,16.530800896147234,0.0
17,372.90034171703,0.118406531705275,4.16399773134873,153.81547309975193,708.0126513633253,138.6338720507692,1.0
4,172.67289115553248,0.1033080125061192,3.052538274525632,427.5424470343432,289.5818335027837,27.266157487709158,0.0
8,209.97462024446975,0.1462252942594151,3.620552286610512,411.9446766716746,257.28560278826916,16.473742127966318,0.0
4,192.18195186372034,0.11197981267216418,2.8373561175016278,463.49549295047194,328.0094003807293,30.127570770047328,0.0
13,172.58099037057147,0.13889835845605458,2.2969787754410005,483.7980552735333,364.80045219964165,24.972309490911076,0.0
5,186.83698326658777,0.13606874676426461,2.943440292676162,453.0159585852132,323.10258537587794,22.339019215222784,0.0
4,157.55217482580977,0.11295938934217677,3.008667894599571,393.64934212826506,309.3734685790934,27.93623641574871,0.0
6,191.46963565592054,0.10343668447594878,1.7626066836183707,408.03431265396597,429.4191982171275,18.789481492496503,0.0
1,211.17948200657383,0.11750941430523784,2.235909877230714,403.14588403422465,309.2693377189128,14.335936584965129,0.0
1,191.71949589550414,0.1132619455269988,2.231609661613766,371.0332016156269,285.93067675802104,18.152561853693413,0.0
14,184.39224236450795,0.12381924770408173,2.738801254136949,346.0393391501383,333.2578310421792,21.954505213935175,0.0
18,194.09368408436765,0.12644044486940403,2.357121091736706,388.5290551183412,402.5613626629046,11.14360163978293,0.0
16,128.28041579941936,0.12323045922188829,2.883145169656033,373.5403708391114,312.5381546170618,26.01262630966468,0.0
2,142.3848173992393,0.1418441240111695,1.8605820647391536,492.4727201675224,270.0315667279779,20.238295976361087,0.0
13,177.13523679865355,0.1139126730714375,2.596568840148663,451.88387334534366,355.4461594581327,17.141025459439025,0.0
6,189.66236117485215,0.45812884528579384,7.169121961443455,109.39998095570346,933.3834030514338,116.8897819514852,1.0
9,197.64875669347325,0.14127778667706611,2.095716349250231,418.2656500628241,408.3588841775131,13.76402717634503,0.0
19,186.01519669761524,0.12151170052818432,2.501039905756658,400.85892296277234,275.88200512927324,17.900943814709827,0.0
16,122.7190762778709,0.13757237710673287,2.3067067526969907,305.0274498244888,221.87961493305886,27.490898085393546,0.0
1,199.76633426514144,0.12172375482016164,2.4605967227219447,342.59568549743767,335.29589222522276,26.182621383169927,0.0
5,173.0925239982254,0.1373516207036906,2.5428137932575745,393.02587203626297,379.88369292246466,33.538637931069424,0.0
8,202.18897137330717,0.12907126527753332,2.591957577408507,429.6460440761628,273.7450646534828,12.482745350777224,0.0
12,210.8204108362417,0.11316145121163983,3.002963893588842,330.32034083612683,237.9452335006754,20.87478019964999,0.0
7,190.26340890626844,0.11135579192888186,1.867774276034007,430.8977411284338,258.06002363174616,28.038101587072916,0.0
19,99.01568424698016,0.31712407035540385,4.880654922326126,614.615147230266,647.1166017575433,172.78716149199096,1.0
7,181.42198207234915,0.126713578880844,2.8538778314076203,441.96517084705926,290.90567008494804,18.125819595535205,0.0
13,186.7742149119544,0.13030086394627155,2.7301023706362697,427.76184889015735,383.679776639951,24.067729492026462,0.0
7,189.38415780616526,0.1160959547935198,2.172413714794498,399.25165578266405,246.56663816650547,21.917048012017432,0.0
11,147.6529016217288,0.16506399412846393,9.4888585726103,995.6504372791833,234.98844302406567,69.39179007551716,1.0
16,162.47869691205742,0.12925316031184836,3.29468291775952,331.29367042756496,256.6310153643511,30.029580703979224,0.0
15,193.06765829468316,0.11757273470607112,1.870569023470052,350.94076524451316,403.5854466849558,17.663977521386926,0.0
1,116.7407022322833,0.28422376234102675,1.6459107139252847,219.61742895161694,212.93445246166277,178.53434221539496,1.0
4,172.94726618151023,0.10861674805742852,2.751803416018835,400.21145307208496,320.27117619908637,31.65494207404822,0.0
15,220.35460997746725,0.1325984275334442,1.9845858746629246,325.0010335397364,302.7746855005835,14.095193335785613,0.0
12,200.9280495530345,0.11243389236946436,2.7569939252292444,402.88456258007113,208.92359910207517,23.034516771513687,0.0
0,169.82031074154116,0.11627148565453668,2.7834019634001637,426.6320853214023,302.78331633989524,20.952338697974113,0.0
0,192.87631273102815,0.12837280825951175,2.6719727867003575,480.61780251533594,406.2158097307082,21.387354332491288,0.0
15,205.78403664581387,0.10207255556529635,2.0451227305197097,362.6776830039871,353.301079906714,19.903647613201212,0.0
17,187.04553761723034,0.12356089315882629,2.7540879498097004,386.6450695338313,386.08246816042157,16.647058385657218,0.0
0,189.1643951070682,0.12830380689361703,3.086449387714936,486.6131580860252,287.1917717670596,17.584449368226778,0.0
3,84.32890327448561,0.44712149758071484,4.6686268997848686,536.6108247720407,359.71889441704354,53.0092856650008,1.0
0,181.82783700275877,0.1321797572739964,2.7847707641302915,473.304622064416,313.40294162586457,15.320102626308728,0.0
0,193.5674751835772,0.11059458429607197,2.7639826705785087,492.5352558173681,321.60782282760096,20.89456296850367,0.0
10,214.43896964723066,0.11519065060596995,2.5770850964909107,438.2657114595906,322.97301802620046,25.258590755919922,0.0
14,195.334694409004,0.13172082618561773,2.441127895441485,302.5792098956901,332.7873399199861,24.531813702982294,0.0
5,222.83491415992503,0.47587862678835563,4.384018446595076,251.39435196372517,741.2114835510074,22.30244246425528,1.0
14,188.91801366805777,0.14484328729196022,2.8355823129964866,369.31235636193173,310.1008810815367,20.695961551809148,0.0
18,99.56397271626476,0.13380487106392835,7.078620214040227,777.4751549951629,978.2134895008522,146.66558174337246,1.0
5,171.85613197255336,0.13662352174442816,2.100587943691976,469.7966861600991,384.268500372518,26.047341801341965,0.0
17,174.66465260118989,0.12021438646037627,2.6558290642777562,420.011153688515,387.20897973877885,16.612316972629127,0.0
18,182.58101388448966,0.1462551526886799,2.0759473055877544,371.749184158533,418.81066387218726,14.074979212842784,0.0
14,169.96272857812139,0.1304406588748991,2.9776627563935625,336.2685565073498,311.05168952141116,18.502929418042456,0.0
9,208.6266942687541,0.1500237704698353,2.072666174255395,387.8294612898378,366.30423431605806,20.60002522482125,0.0
2,168.2262006527829,0.14727348631611095,1.7665696095029857,445.9303535333439,287.4370742399296,17.655275614611256,0.0
10,202.77511381548146,0.11615479678833053,3.2707694846307858,442.90440788984836,334.2554775277093,22.072668216249514,0.0
9,200.9692595450064,0.12956659111262386,2.1058735352903506,392.6340734752292,388.9494421048624,17.28679779866883,0.0
7,192.46099789459026,0.13742945800555542,2.7907637747746277,458.5989765513295,265.1178677202515,23.930644445561125,0.0
17,209.36506243301076,0.1361090746168007,6.215496548211764,266.2509090284227,856.5583277774657,6.234981822384245,1.0
6,174.33897872355166,0.11195356793001883,2.216463674851994,367.4455572992963,331.9043292683793,22.88810324222101,0.0
6,176.77986615285934,0.11725408567539669,1.2959471953459392,380.8397513374227,417.01169656053094,21.498376897830298,0.0
1,195.10581916613447,0.13391213445559094,2.6785451476422213,374.92634104321905,238.1157385049688,19.173549828134128,0.0
9,180.84508137160861,0.1361795321978491,2.3324032292809616,430.83717827229594,352.9769409654036,19.524214779170435,0.0
0,196.76351348633048,0.12265786555643354,2.4800011360222975,432.78644305886735,276.106842825079,19.415434322129624,0.0
19,202.15343913986078,0.11217694369419047,2.547896089341445,503.09479600565015,234.20984311664452,18.201302105740023,0.0
8,199.69523962076053,0.1429461372011997,2.994528660110336,308.67352364068086,312.37702847338693,11.666055301841746,0.0
5,180.74382919413614,0.13392508168107806,2.217004425662836,496.86540551473536,376.7026989332819,23.784749257440048,0.0
14,166.70110983449257,0.16342900569482524,2.788194483629701,310.344637987003,317.148969644028,18.166803205071595,0.0
19,177.77928564954024,0.3688223780385911,5.318002291283237,424.0332111703857,467.7378327752618,54.90891694808893,1.0
11,164.63702294535963,0.10283575259070782,2.2866129145587935,443.45948671993307,322.8725994356104,24.316713350931494,0.0
8,181.08700041634276,0.14502005707891857,2.6691678391659517,395.40771823168586,306.2496069841014,14.057406699128691,0.0
12,201.77841966373435,0.1285930586590607,2.7398131263150907,422.06068957059495,168.22150800661177,26.13837783965455,0.0
2,160.22410347534506,0.15567242739981293,2.195065290154489,528.164390894592,314.263398475054,15.320822246164287,0.0
14,159.05365325940463,0.1372908618457643,2.2485768594903774,326.77415081417166,304.42820013170495,18.871504435519213,0.0
7,188.23209558881618,0.12421885857119357,2.4558880762253774,465.9436944328481,214.68854039937204,22.2413520027791,0.0
13,171.03738477325135,0.1326426328071667,2.4513830253063187,467.09214919926694,315.4904225764511,19.942031918379147,0.0
0,202.10719998438404,0.12223131304337229,2.931616145543122,434.2357613675553,360.0736220112718,23.387272039401623,0.0
12,203.86479124622952,0.10345327928811192,3.057246502395963,393.11554078616433,264.35363441732494,22.926067305743295,0.0
3,197.3172790659413,0.13223890731138865,2.798683853413902,293.0718725285194,353.97239743704125,8.940508789641337,0.0
6,182.48914260731348,0.12378499100068018,1.9990791038511997,362.9239235618028,385.7937408403183,22.99246009688074,0.0
8,200.1894245330981,0.15350655565123172,2.268293278764223,356.3853743195492,301.7373373894516,15.684062711352498,0.0
16,130.78942357805343,0.15257924475519263,2.984112299390709,323.36224878134215,256.7541375043223,23.56860267841778,0.0
12,212.2797450079025,0.1122909912931398,2.3251164919559826,411.48993074900915,211.4751246706435,20.691935030366558,0.0
8,83.37632244555124,0.17385657770448684,3.6746397907762685,891.7818033728405,403.0222405853994,195.45598651328945,1.0
9,75.45723172253395,0.21073970595333436,8.677589517043032,691.6832430696043,672.526839625618,42.02143858247036,1.0
9,206.18296618476546,0.14887738526803238,2.0693682171190675,430.807581269738,388.30071742437457,15.847610381723285,0.0
3,187.34683651783067,0.11644964715495362,2.863652034582623,249.34008717192927,342.98393841914987,8.58645097953789,0.0
1,211.62660274018916,0.10459960011821681,2.169830736544875,348.3621590875929,273.76414347636063,19.06531934588466,0.0
1,62.79238374683321,0.08606772050604913,7.188125065589236,670.1088024592809,300.2162529584031,163.4887123476882,1.0
9,174.5942077125539,0.1460154035655276,2.054500304296379,477.34694302637615,349.6864351895838,14.106407763006999,0.0
7,184.41890147313077,0.1201198265037697,2.801971528251811,512.4096170248347,215.95527415377515,24.016270993212174,0.0
13,169.11225488399418,0.09951676854326605,2.298648647635953,468.76936129178256,335.75286830739736,21.71462199672106,0.0
1,123.46695758345501,0.26695123197051424,6.475595478066256,68.72501086664595,831.9176659213217,36.287087017959465,1.0
7,285.89797285100565,0.15818556052648283,0.9144960103429126,788.1968213691683,744.2250373176818,25.200405572798857,1.0
4,177.56733421225363,0.10930968100122646,2.635063466527749,402.8702750022903,324.0670399305844,30.564173785289647,0.0
10,180.96230542150542,0.11666809633330276,3.2817133702949763,416.87719797930765,292.3156192312575,21.597238661329392,0.0
12,206.46191303167646,0.12658622222838573,3.565364444552493,415.13793432529826,191.63161457937002,20.829837641037344,0.0
5,190.33930550298953,0.14766123845227289,1.9875025999911426,374.04475546875665,364.52729458041256,23.830995193702215,0.0
8,222.44542662567957,0.13396410260001715,3.193645782317436,398.75210471389505,348.3941032436937,10.869942429635934,0.0
9,195.61720660964008,0.14468280370359188,2.4420815148325365,441.3423871544636,397.13052540815244,17.146469247710645,0.0
18,285.7308753860407,0.48147109565098206,2.279279517555514,52.869827788353184,812.2002661320993,84.89856653530703,1.0
15,211.3140354482063,0.1027872027853571,2.0331410935440357,351.7378069702956,381.48363779149054,23.944481196888393,0.0
2,151.5612272514467,0.14693077987960362,1.6884790197074542,478.91845399778856,301.20361695241485,23.811213862276436,0.0
17,162.2741840880837,0.12971549369528415,2.8221686068187224,367.24396940146465,402.50216061309794,11.884641719872794,0.0
8,203.43008519846114,0.14376538082883827,3.689843029409108,353.5737445110012,286.12181673508,15.017681754136143,0.0
6,168.46242615779633,0.10568930889350892,1.1977236271594518,417.52710451008164,380.4305729729477,24.792845977310662,0.0
16,150.8434031028646,0.11454245040153387,2.2411370768928696,322.32497256642733,264.100999851885,22.975595463444684,0.0
3,168.17199547359542,0.101893347853196,2.8972565995196478,262.9590982430377,337.24239168922463,15.84410461860542,0.0
15,195.5907373472812,0.10944159045431523,2.406348589009672,376.1217748594301,342.29920588839525,11.106088639016317,0.0
0,194.8353780951226,0.11958813248176856,2.7625445418114465,447.5257456943104,266.85824285808553,18.439085421131452,0.0
5,187.06143085472848,0.1514896943777247,2.3586195986848897,475.97262690953727,360.1555701980803,22.65826716720349,0.0
0,178.37047153995638,0.1222337172387645,3.037153405784714,453.5595507762349,276.07295857619346,17.743318712112327,0.0
12,190.72894777557505,0.10576018583571142,2.976584147180451,425.24686294818366,242.65069965189613,29.793465516972507,0.0
15,65.28132504955299,0.12992508902209435,0.7517154492952225,314.2364584264653,629.9966819158025,43.811834611976664,1.0
4,178.2481325433576,0.1252752805971159,2.8684120196107314,416.7623071428812,335.62450607967156,29.711899677425013,0.0
14,159.18823712626153,0.1163059560624437,2.3281928226786097,341.9081674736764,293.63527774158996,16.391112341069633,0.0
6,177.0798782884599,0.11467823291473431,1.906623796503152,421.7246310194471,409.1338051961983,20.349884571014865,0.0
15,200.31112024614674,0.11045631179664317,2.2778521076738993,376.1973859100595,341.95254935071006,22.698306893338458,0.0
14,193.7095440333933,0.21480456892680466,7.592213306733731,865.8077201031011,25.96339990849274,148.1766413443971,1.0
7,176.89071305623966,0.1180287599364005,2.7978107525721576,467.4696867361279,268.41188913971894,20.13223143162028,0.0
10,195.48200249911807,0.09936820114347415,3.132363010778359,509.8180746883682,298.22165101600916,24.717711868275508,0.0
7,329.4026190232153,0.4064215837429214,1.4577700327121574,831.2621506260866,542.6424783102639,167.64608421636012,1.0
11,163.87868494922628,0.08026914816620372,2.6618146341679796,477.10783042968626,310.17085634827527,15.681406798604124,0.0
18,186.25985658026585,0.1341037667483931,1.4349340795820458,395.37258815940476,397.10561103882816,15.730548233714803,0.0
11,162.4397049318632,0.10607292184501159,2.1230360913920996,417.92356049850065,310.7315252575692,22.660985221600416,0.0
2,153.23973038902253,0.1443629487935699,2.6120112196081515,472.2596653246012,287.68345659166744,21.53567613631946,0.0
1,186.8709678935901,0.09800829292276472,2.2076330054490656,310.05322354641885,286.8008371432804,23.43401640270129,0.0
15,200.47932879100304,0.1283214386835765,1.9319553802851965,366.5981048244609,368.9059982123848,20.543375360096757,0.0
4,183.7645373009654,0.13476130834778358,2.995408556810152,391.7745458066745,298.92901591374044,25.94890379741395,0.0
6,173.94209297781703,0.11157408617640227,1.676932650395976,393.383462020634,446.7393898649427,24.64376536009473,0.0
6,186.44434643579072,0.10647310473370265,1.8356028474229078,405.54392641460004,391.82767152641657,26.280370271456437,0.0
13,191.3709551119432,0.12142335959180364,3.1600331973352396,412.23283229200945,380.47303600478955,24.248408991064448,0.0
18,166.86906133836942,0.14174443431111539,2.3482194967886256,365.8364391479756,392.53043828212236,13.839723839142609,0.0
18,184.50042107390823,0.1378240396519592,2.3339459130531464,379.65279052896375,445.87874505247606,9.699491031478104,0.0
4,172.39166941847876,0.11311708683221541,2.562573012568014,397.941627265595,343.8187211369309,27.36514844145019,0.0
17,156.4123025736631,0.12245859697226208,2.449750890212264,388.50598351847805,296.8645206624048,15.549345894708246,0.0
19,199.78202271881855,0.11742533225866487,2.6198741495287714,418.13000926690427,215.15933211592608,16.777948041969488,0.0
12,73.54961452253009,0.0815873171152469,8.214802327526545,978.5662749938117,981.5695008988673,116.15371672288433,1.0
10,58.87201149237847,0.053982155274476994,7.441504473821613,771.832475506969,746.4661354291304,152.43491743632893,1.0
11,183.28120599334932,0.11732612426364979,1.957216056143786,419.1192827700109,355.8068191852824,21.314556321393738,0.0
13,174.51762921717636,0.12207583202975902,2.428557553235673,456.4714281345003,305.2705228979789,27.797402574267664,0.0
11,99.98500656550358,0.22538584146872034,9.10499437199835,477.44649055541663,854.7840147999202,154.43040552316762,1.0
9,189.6711175222523,0.14058616594175427,2.031088869032363,448.86082508498487,459.40956582423763,16.36633354303953,0.0
18,154.09698571959598,0.11373044453112383,2.1815600475329453,379.56255594212627,404.7249311790957,12.550916906447503,0.0
14,172.76549689389674,0.1379676209462286,2.550957865730013,395.1202334144532,311.266693319819,17.403634219021328,0.0
8,216.89538796139817,0.1320172258196402,3.3988562758637935,367.82664126061286,290.5417494770574,16.50009677937897,0.0
11,160.2752049119086,0.0931738289285811,2.175418510108958,428.44441407175805,355.86507687080183,22.6528273698574,0.0
7,184.10316675475076,0.13640016949068556,2.369845896627872,486.3697439558659,200.38860431485688,23.79868799559531,0.0
17,176.42607683558577,0.1516080492794434,2.9193208314688586,409.63007645281334,344.2077053335602,12.120068115513682,0.0
2,167.79665850664566,0.1286018687976486,2.065300722961537,532.7558964307653,321.8719554886242,18.007441917836726,0.0
4,391.8801149787308,0.37944133276242414,7.066491176861878,756.0335387950232,796.6324959131883,18.77145696467124,1.0
8,129.12767485369693,0.03513398600079563,1.6236090564683594,233.76357580865843,827.8040377028027,198.51635909755268,1.0
14,176.85973275113355,0.14828312176079717,2.7032482891867566,329.57773282803237,331.68081806339865,19.498998331205797,0.0
7,182.2592826283212,0.1358001362178281,2.5679242092311414,474.6994246632271,228.68508934150844,21.222385560463728,0.0
4,162.9168200544743,0.11555507524265234,2.6742947388103704,375.3534761151267,314.69345507353194,28.298865887743542,0.0
5,81.25133358395053,0.4833632775130518,9.572318173294434,831.0708924756021,145.23489461466087,73.55719755123059,1.0
19,202.09794406670773,0.10724994504247987,2.3689987994930237,500.4858811921968,294.98580339565757,17.400936435220995,0.0
8,203.07936089434435,0.1358044667006082,3.527432424998485,336.4039648476762,270.6747686329698,11.812752098354789,0.0
14,183.94326114451476,0.1451806609329106,2.895136497285539,348.4851097982433,319.74388997806506,20.978127482659843,0.0
5,188.49243652221972,0.12761221170522521,2.4508437185240144,517.4452822986286,393.08488168082846,28.44028753683283,0.0
19,184.90580328406213,0.1107856202370077,2.4076727398062077,472.04935471076635,228.08894139352716,16.996119882694128,0.0
12,211.50263175753597,0.11697056508557764,3.02820371372867,376.8204177922552,261.981993774296,20.007290234009645,0.0
13,179.82954734569157,0.13421327462333818,2.3862599336081542,495.85469108329903,336.3571071736603,27.174771055641074,0.0
1,187.6073441312227,0.12557603725832533,2.5553342283893605,323.5683394216139,367.38026029443625,17.564722234477188,0.0
6,179.0105332489847,0.09642476620798676,1.2620274188480916,368.11091784676546,380.7235715844892,21.1883453483714,0.0
9,182.68578386478714,0.11677236657106906,2.854045715665356,434.8701073021729,406.93359254208707,16.445501606363344,0.0
16,148.78694348054725,0.1275533056292707,2.321360732417254,384.8490547465431,246.3395966291581,29.453161174123114,0.0
10,202.23143116467418,0.11817271110589114,3.014555130382368,409.33517552458676,310.8950067133376,22.314071762446734,0.0
8,197.53912734523087,0.1289500263964659,3.0069407576152356,355.02328452647043,309.0233737828853,13.030850560894356,0.0
16,154.61483373976677,0.11590139190424627,2.6427007545525822,351.9120073677024,289.22612737211205,27.751381633664913,0.0
10,203.87504895400122,0.10425691897897263,3.0729567084174962,391.08486529081324,345.06760584614017,24.02319400482553,0.0
18,274.9916867855083,0.22402081296842663,0.9434847278406536,136.90881003316477,994.3451059034485,0.08205788783497425,1.0
17,158.71609003325628,0.1353882952435381,2.8282417273863207,380.34719848288375,313.1916146416033,14.056901025688392,0.0
6,182.14791187715096,0.11004942030814842,1.7909843464003552,418.9885522722083,408.76420120893675,19.693627285334237,0.0
13,159.7114060402477,0.12500784740365514,2.6212806916694364,467.7897217504277,283.43881359365054,21.19732344348969,0.0
2,171.0851160858122,0.14314584629915406,1.8650157114188493,488.31499942039085,321.6411321897047,19.602339935246725,0.0
5,201.83609685178533,0.012138002128651453,7.8400562471148625,401.3225931878178,223.58327238468956,142.64137665652353,1.0
9,202.7734634267381,0.1354158132779401,2.91600226908924,432.664698342809,400.0475379258093,12.736635783478919,0.0
11,151.88521880844272,0.10178695562291089,2.617161072321162,435.71813563589944,361.966281642996,19.94345744993138,0.0
13,140.49504227408607,0.08517231237065312,1.3015820530313347,662.002365190137,175.1194618318374,123.91651856541736,1.0
2,71.12322939669733,0.2541159010620381,0.40345977183748005,88.10373184185836,596.4268253074287,47.50866498477553,1.0
7,192.6893308015529,0.1315452233048684,1.7566732876511877,434.5875692890103,289.3967714660056,21.88185211491705,0.0
14,186.87944605148297,0.11537719536795353,2.5830728979023725,360.08958806941996,322.2517159283486,16.650190695048032,0.0
10,214.16426163135387,0.037313018257846456,4.890216166756683,576.2935927279744,740.5484913088123,68.426520022379,1.0
4,185.88487579046597,0.1113938407922557,3.073087553595302,384.6205176809489,275.0871715337433,27.559536144160273,0.0
11,184.1486803065695,0.09511349560322742,1.9720266638973316,409.4744134170767,353.8589937811602,25.81269512606901,0.0
2,158.95372634902895,0.12184569462093908,2.3114365207701937,521.6949906371351,262.7450915445915,13.944525359681837,0.0
10,180.25617936502007,0.11189442319310643,2.657788351381748,408.8635716368879,310.966073883102,24.67349014063925,0.0
17,160.77708489537778,0.1283900959540055,2.5948362159263945,397.69543163036514,335.1987252830168,15.687897712720453,0.0
4,178.97138626619574,0.12704472192115462,2.657504557350614,470.9895541301132,357.7634369515031,34.359655184289984,0.0
18,171.7988357741422,0.12722127666970556,1.6002512666766702,404.75182901780556,415.96122649706854,13.88443386704815,0.0
11,169.72343626358136,0.09042342363966752,2.6227227104670154,430.896699676293,405.42442866269613,21.81355982451845,0.0
12,198.65836863095083,0.09906990278182505,2.6885989676823354,395.038503497088,281.8049533232771,26.74171294138927,0.0
12,158.62981118784202,0.45698203602294757,2.4268098582379944,250.8596950989656,172.09166830037927,83.23218928123156,1.0
0,180.6814922921089,0.11519021182302046,2.4902991449566607,493.4127315515793,354.29855092144555,21.305332987573063,0.0
8,202.7158715370231,0.13561770738253565,3.761816869803683,428.25521361167034,360.78068652255706,12.859341663075876,0.0
1,196.2824541058019,0.13468677015607863,2.3003232723564357,334.08642445596905,285.47864757409707,21.31487719620519,0.0
12,206.61239472066796,0.12593879577462125,3.0904477216356754,356.16270654667204,238.18671864332686,20.44768923947919,0.0
14,172.64950426386523,0.13941400947904178,2.172459037526089,370.6717858163138,319.761923223694,22.26581025320813,0.0
16,128.7461215829078,0.13015983567320988,2.6694162545846685,365.59764767606356,234.2494967749103,23.59149166085816,0.0
8,203.2995702784209,0.13021978289392833,3.128821389955723,383.36171555826496,310.1273248828869,16.788079114038965,0.0
10,180.49064472994073,0.1282039093976122,2.893542353496106,393.8642414338948,274.3505752417139,23.855817835751715,0.0
17,186.8110201105508,0.11683104012431685,3.005763614025182,440.9372080819303,346.4726305829228,15.350395060346603,0.0
5,187.29767102239057,0.1478459092490923,2.395998883488334,429.53485523171423,392.9169241832316,28.976496873154503,0.0
10,183.4574672367907,0.1118128507087063,2.741425122419043,347.21333420724056,322.55257565779493,29.138748448925508,0.0
18,384.8851347068072,0.1545162565438935,6.5711991164156425,270.00384172454943,178.44131277538634,183.18860079081048,1.0
18,164.48748304376204,0.14056861150324762,1.8413315579804077,373.6344486602494,355.99055342507523,12.913110730575587,0.0
11,158.5753123415522,0.10662505071231208,2.5238732766346015,445.9105432164465,382.32391675852114,20.60142655398064,0.0
17,159.1542456644327,0.13855450375210704,2.3225420912292907,433.1601982951991,327.15637839505837,15.300609875902651,0.0
15,141.58497832312725,0.26338778611989055,4.159235488743255,512.1202677847807,934.257212264239,54.06971809911687,1.0
6,207.5889861500116,0.05538648669516993,6.413113644269762,307.26601163512396,807.0394153107061,74.22258768602556,1.0
9,195.24141279944237,0.13201886295631582,2.527929350279709,454.34197011814484,352.6168449376476,14.755740949130915,0.0
3,172.58818333231898,0.11932021133152927,2.223622568935888,287.37263933417023,415.53051421433497,10.223138703431339,0.0
8,199.19698509569915,0.13509729872240106,3.544746073330841,399.35090828174964,335.07964437092727,8.205361539794957,0.0
2,164.26937676617246,0.1350727554643286,1.718563169488903,474.57189328076845,319.7570549400404,12.34150957263156,0.0
7,177.6600011934314,0.1146305759445081,2.293549591320532,451.5890496710702,239.13335380084402,24.161540082480762,0.0
5,209.37746616785284,0.11221843143833654,2.7685293069141896,414.48146933087037,358.5709777103261,24.46611329040436,0.0
12,203.63299564036464,0.10287080306852008,2.9502306832882566,429.0286695940132,211.39691413240928,19.510744330604716,0.0
7,178.4986707264842,0.13195194581937597,2.542371729628628,467.02769288706423,266.8300512742159,26.464298031590648,0.0
0,182.75596843581897,0.12192999130232379,2.771571678647037,425.1820893402416,306.085295600248,20.394910456641963,0.0
0,188.55993819226717,0.1268363820320404,3.3514432491732014,485.73669172740176,323.30238292008755,20.44976259499309,0.0
15,264.6906462827599,0.10372591180832456,8.806680665767734,204.07420378748353,272.16815856053563,178.0441341109112,1.0
15,205.70904365054656,0.12388816629030917,2.023829597944697,348.2655788267285,334.4736151646726,18.19990680517798,0.0
8,197.5134209129699,0.13056125987123304,3.3056353646242647,381.23002558134857,303.16851867361265,18.8818724852886,0.0
19,198.5357604420676,0.11740206865092055,2.9316165761919106,420.319020377078,191.51085849248835,20.054696346637954,0.0
8,207.52052379917885,0.20334043450627265,4.143710255943978,900.9054470532857,164.75380100177225,158.76362078160793,1.0
0,184.53377479723574,0.09874166784227922,2.543263865195348,542.5262692540095,311.02179747910685,17.907511381617997,0.0
15,204.40174859774825,0.12181885705977712,2.1230406115223044,322.77832125817145,349.05338987784677,25.431129862974114,0.0
10,205.78358801492902,0.10111623059386397,3.1746080350277546,382.6708311449248,327.7190373751985,30.692506004317533,0.0
8,197.58902356726668,0.1755219662179839,2.82132665308974,395.9626071395638,250.32674119255944,17.771824597290088,0.0
13,190.87137843658306,0.13645439304943552,2.9213225989589735,414.866402268757,368.5658741926956,21.631518713424594,0.0
17,164.4381940995879,0.12568121183246564,3.071344724895793,411.1615697093404,375.6214944386521,19.37962020111307,0.0
1,191.77729286346172,0.10305947299300951,2.284377485231418,352.7303840084954,325.39321566325515,19.685271323278908,0.0
5,180.14647493696887,0.13482218250939482,2.5859837589509196,452.1457770410805,379.9764789329946,23.732766937213693,0.0
1,188.36423963323787,0.11309803851664131,2.2991023668926456,370.0269052767437,311.6625216570154,26.56544485406903,0.0
6,178.21860968226488,0.0940752627350774,1.763068238295977,444.5258794099206,417.4694694705926,17.59985356487781,0.0
7,193.77529395384565,0.15342355596156118,2.5536689266344186,427.87378601055514,305.33338372699393,21.29821325070013,0.0
0,198.02193455735767,0.12122790971008704,2.298169577504925,465.5329474346869,271.0339880338552,19.985350734833105,0.0
1,183.88074763454674,0.12224126918975879,2.4919033452342085,384.9695887764419,301.4064616768862,17.838011346449065,0.0
14,177.10265832771455,0.13385315367638084,2.78863677562583,296.52433185197043,300.50687162024695,17.63578670548048,0.0
16,137.70561031654987,0.12144383358275382,2.337298406817819,280.048014966936,246.29537927359934,23.690542227923288,0.0
4,169.8736355998704,0.1381067056018135,2.59894261079823,440.8238282061823,312.62118293312784,25.659015405787613,0.0
0,180.2522702112214,0.10398220750696696,2.928853422963401,472.4807156481861,280.59882793583813,16.984723386421315,0.0
3,186.1905038280667,0.12330558410224793,2.441006276735413,334.9101938686531,281.36391022630966,13.552393552014063,0.0
4,187.54263313170432,0.12773229509356415,3.1282823260701247,422.8730116062886,353.8570924302068,30.20173292858108,0.0
18,153.6959274560029,0.1283497741156694,1.9396772566136773,334.46458875934627,431.75724751027127,13.48651237008209,0.0
17,148.6861687800413,0.14067432312475758,2.8496467428079857,435.783449228775,354.8420067846087,15.47075294618185,0.0
7,182.00772099853617,0.12976946260800462,2.428783693277732,429.6799864061154,204.47658276701182,20.87694130463045,0.0
19,177.36197930730933,0.11744570044689666,2.747264104491859,436.06922489325046,252.78768176385157,21.385419110028177,0.0
15,342.45009678172704,0.023813756819138856,8.063306699963237,116.93764378361038,868.1866608967954,150.76274259567379,1.0
13,194.33012941982795,0.12218426411436756,2.566412435079306,467.8828560684761,360.6441529446829,21.614617119534824,0.0
17,161.8477894304602,0.14226122827010942,3.2181588420627794,416.98323494540756,361.72860774122904,13.920521450279377,0.0
13,183.4732072488699,0.1360678556014475,2.419246398175302,378.11504988712846,338.9811690476199,21.851640989821345,0.0
19,185.57561739397065,0.11244503590540494,2.7954282721436754,423.08954157387103,220.87398864617995,19.71136102154416,0.0
4,173.48858527950384,0.11973851709296839,2.7586472919942446,435.1136953859436,308.19225092006803,25.12289000612493,0.0
9,210.06654916714288,0.1292500582672232,3.0029081370722848,374.6761114471698,451.01267252769577,17.999514477004787,0.0
11,167.40674058674605,0.11382642323799239,2.3556567996728575,471.6848461438287,324.54398517017074,20.706276727414373,0.0
10,193.90379311616996,0.11344170006551803,3.0938773404905113,436.32055624708653,341.41372774075387,22.95579065597548,0.0
14,197.52858659480324,0.12572617814443957,3.043222587298975,340.54388025498247,350.72936594737854,13.63776944201376,0.0
19,204.6252670205202,0.12122398817373504,2.931812867385438,450.70370986595935,231.3353880361978,12.758328600285848,0.0
16,150.95602185238303,0.13128603095640412,2.621359610559493,331.31335805132716,287.1205904697693,26.772697170188835,0.0
5,182.0613188871175,0.35939256481081616,0.5770415226936327,779.1892470920224,611.6746010301954,178.04300052723488,1.0
13,181.4915716150409,0.14400302822032662,2.3840628965601924,439.1716901227807,302.9404306728536,25.26858640452559,0.0
9,201.69622617025763,0.13117399438067034,2.4855923405852556,364.6308635507621,395.05141057141276,16.400531117490225,0.0
2,171.32997767863415,0.1329251889327932,2.232126136967149,506.2118106098205,351.75363681030257,17.672337219401708,0.0
3,163.636574411521,0.16454937891652624,8.96166563299471,130.55241524351305,776.90699586937,193.57200696900608,1.0
15,215.53912330759786,0.1414121284533385,1.947608291709197,364.3749983348354,359.22466764305057,20.496892888226913,0.0
14,182.91495702742074,0.13960990995224162,2.8201449787479667,355.77619454220866,317.47131757380413,16.009396185527006,0.0
13,381.74979853878125,0.40355355070003823,6.3192453112211355,850.9876217782581,610.6490399503039,109.97538423124209,1.0
16,191.62880957699255,0.4165254646229349,5.332983594230679,829.6094823367548,917.4766716669769,104.37245906643575,1.0
19,178.26416142683942,0.1245960949364461,2.82673434812969,423.4876429440157,199.6504470130955,19.01174748776221,0.0
3,196.85467962580404,0.10239813201150298,2.5159874335237444,302.22097494818803,387.6568544854036,13.39988599013006,0.0
14,165.32684517332697,0.15507076866491987,2.855058470765695,364.6721047849097,339.9809921272749,27.984462292410345,0.0
7,176.30317363428358,0.13256191591248578,2.3753824805498143,483.7661833448399,277.80842223361265,21.416696063647574,0.0
10,174.79047817200353,0.117047539245467,2.957757979687218,408.3140338333661,306.7151219563798,23.187800890638762,0.0
14,289.9994690886383,0.07613945817510462,1.604603806493107,577.5310340617723,548.0495842971843,161.77170780671307,1.0
1,205.2430574677649,0.1078084794814762,2.0794552183398927,341.779269813013,310.57848935165,20.933984538759702,0.0
2,161.0544702146641,0.12478045606164055,1.9901441014900987,502.9371224449717,305.46542277472327,17.567194808525034,0.0
8,341.32723888134825,0.05092720819320919,5.762759195007568,82.93906901476306,417.19093234556897,134.2541650458265,1.0
17,165.71876998778765,0.12185755398397959,2.4149106194529426,384.394778823014,375.1870032027093,13.281954451865364,0.0
17,156.6544970344838,0.13116892172499187,2.5410359012918504,359.9201088835415,326.31346489284874,14.136327928748646,0.0
14,166.3088676546083,0.11995478370016287,2.825042264624424,323.488142604088,377.5333995165617,15.957504488758325,0.0
12,211.25732659848424,0.11852121697028924,2.995357643015386,380.0240412477405,242.92575857391853,20.932848994900702,0.0
3,192.4544187908272,0.12593472836202252,3.0137409695909683,335.231799338119,306.0136394081508,12.029886971533482,0.0
0,365.8935173378483,0.4755303638548944,7.9172196136660835,773.4351001315986,986.7731827161637,111.68084994716101,1.0
17,167.5199078299349,0.13095244362574143,2.7247167612167975,380.3388070012224,382.0849113181153,14.043342153373887,0.0
6,187.97249165511238,0.10553560292558407,1.4099837984666923,407.2911821687351,429.88526811421434,20.385908688549303,0.0
0,187.31574004778915,0.1333962974357033,2.3756154473123763,428.79441931448764,292.001020208181,23.821502620639333,0.0
4,188.05732995819542,0.118375738698368,3.346264813242574,431.94157856950727,288.039233924875,28.262108140456615,0.0
5,171.64838087390302,0.14270497861028492,1.9342058536402382,453.14031613645125,383.8475978980476,22.439948511009597,0.0
4,184.43820369818033,0.12337745387965562,2.8619339900397325,413.80937366248,414.0287379186101,28.59140519270769,0.0
11,176.87593207361158,0.13244054597388777,2.036738051915719,490.42551320951935,387.84913590787517,20.303117249530224,0.0
2,153.5361215810211,0.14807947035317268,2.023156556837328,487.3195513592908,276.3381556983202,18.769846673860567,0.0
11,186.5559255474136,0.09694802546730705,3.0330651493057426,457.22546135735655,337.5087907397731,18.213786754462443,0.0
1,204.65929555524318,0.1053559196953172,2.9512323608100908,285.74949041066895,330.38567288804137,18.108136252061616,0.0
6,55.38821209195797,0.059927619427739026,0.1896361996456727,63.05827631077799,90.33768675087676,147.58347867080508,1.0
2,306.05633261436617,0.39695226849981474,6.834259600069784,402.48682483537254,427.50371760472086,181.8065041331282,1.0
18,176.81671021809947,0.12999870187631132,2.517337957863474,370.6745021333259,372.51412735265166,16.619794843377587,0.0
5,185.90918086855135,0.1265450522592054,2.7967769866599674,419.4895539405841,359.9529318099405,19.24807072111593,0.0
7,165.36054737209656,0.12776496616125993,2.411682715461963,470.06823803124564,264.82983183147815,25.333602421783116,0.0
19,173.81352739901317,0.11286227133926877,3.3009782675056516,393.3208698298422,240.8203473528709,14.699287788875852,0.0
11,154.6731184246745,0.09543797564709919,2.3156301939959425,442.4593175301044,365.8769069479408,20.69406610036362,0.0
2,162.50221409383516,0.1437660414420156,1.7417704212146519,466.8644455453876,344.29209755585003,18.27459725287409,0.0
1,188.85268962917195,0.1109157493348002,2.428004257769227,382.56056218926034,287.01721336965784,19.23302899024513,0.0
0,188.12599434204773,0.11825909659718864,3.1151448547110374,458.6081429738979,311.221670722302,22.552943428668158,0.0
12,195.62738781077746,0.10168641046117821,3.5204854362497073,406.60097993810535,242.88066823635035,21.800273704644795,0.0
15,215.94325603168855,0.1257078950295692,1.8940795595286302,383.0610132820795,374.76533798084154,19.24472687761918,0.0
16,71.42583035025021,0.21037434552076928,6.671537077020297,565.1849768400251,400.39773488715764,167.99964464878857,1.0
12,186.4074767927014,0.10499005429702297,2.9888395895635713,329.9567330639255,234.8981876855277,26.40390500276133,0.0
14,185.07811958983237,0.13088460731100834,2.6676379301342763,346.42964735970435,289.58513465402655,19.36448263428438,0.0
7,181.2441951022399,0.14592527680497927,2.2401313711988804,473.45418918866926,306.823881382093,21.374257784771956,0.0
6,183.75285852697905,0.11012450469951485,2.0335540093124833,406.2366282816118,421.9776801868109,23.919258671340753,0.0
2,153.01051245853262,0.14375466279535043,1.7908857949767312,503.51005293504403,306.4681908559151,21.894391520951324,0.0
4,181.7886151040421,0.11197308837652506,2.8902037710395265,390.0850300164582,318.962094583447,30.42009078403016,0.0
3,185.56358086070946,0.12226785737763753,2.8965252429018693,303.1277875503552,312.84962982966795,11.876614429263915,0.0
2,162.64192094950448,0.13276045560320887,2.016845844550805,490.2458617124181,322.14329526271825,21.518662957564338,0.0
16,151.98250983243756,0.132542217866004,2.722783342772738,345.58582961803563,248.0537176259501,26.38535524256977,0.0
2,147.27671365639242,0.1323874945376699,1.708778041886807,456.05809036178067,319.0023605835337,22.387048601256737,0.0
15,198.4806721418611,0.138077037632174,2.0340400059947226,367.2965058194837,321.24059398144755,17.39048845636278,0.0
11,167.12653911169917,0.10403107854019887,2.237834036027986,445.7451222271136,348.4572186662188,21.950068171461822,0.0
19,188.1343045831758,0.1141248142840086,3.0076673814351347,436.3134398049611,244.06629267885754,22.12291987494627,0.0
7,174.36191196586068,0.2474236175892053,4.929559753585724,683.851720334472,494.49861203252283,152.48939173497368,1.0
12,211.88074515250298,0.10054825576547319,3.1507444662200514,422.2772367542067,234.9859291719808,24.70648659174221,0.0
4,195.72187371677117,0.1162821883493717,3.4638341343351,373.79524589886114,304.81585401350173,32.311484942080824,0.0
12,197.2232177887871,0.11844595446915193,3.181960218603334,403.5653652800902,197.59702043122934,29.40385562175768,0.0
5,188.42237538189062,0.14985879173418382,2.6968120617773566,457.25651493134023,380.124803170926,22.952230764974296,0.0
17,90.8814377068832,0.2885513790568416,6.803029755318635,268.5802672646013,796.4403828419278,90.19730052966875,1.0
9,182.89290065561008,0.13613952564168455,2.435933459918323,426.1695825614267,373.04544046518737,17.25523461973787,0.0
10,204.65566432106831,0.09808577472853248,2.818422915647629,407.0801907364562,317.7143002699015,28.350852507668282,0.0
15,53.20794256433577,0.3629633508913366,9.083885445829612,318.5339925141011,946.3187322738837,153.99472364132018,1.0
6,192.37640813558343,0.10535608477631986,1.9353647339965416,412.3366170576271,377.62671505373294,26.191401552122603,0.0
4,368.7695565753703,0.06516439130184913,3.0691992039191485,277.5346614140612,123.78366708897117,86.91919217174235,1.0
1,184.59258491250708,0.12354500304095321,2.134931769852539,334.97032192215653,286.62994013569653,23.333498378787,0.0
14,190.64811330268154,0.1371776518952302,2.800642419486647,345.37954772167416,411.0357031903699,17.659589988463445,0.0
18,168.38968434360496,0.11468964249878767,2.098665684287602,348.31355971011754,405.3994181755032,12.16949650660503,0.0
15,201.668959450277,0.11967801891686708,1.8800581357146653,353.471315914337,315.7229100929983,20.14286456030967,0.0
19,191.1295269234189,0.09788318007117953,2.267973465603269,499.2612365548239,241.01022784180338,22.977935339632815,0.0
10,206.3110930028005,0.11274103823367443,3.1746435490143963,463.6204638980673,312.55550668280046,26.674047694856615,0.0
16,135.74342130826025,0.13333695365578827,2.7145755452859417,339.1390760317515,282.99128798297244,26.062068633556454,0.0
15,200.13414829720398,0.11125982879399472,2.153699920237095,341.9276475170972,315.93684150048546,22.88194567955563,0.0
10,171.2920385672755,0.10743530637999085,3.024953502919281,420.9555631089804,303.09220066655274,23.296668724886814,0.0
7,198.9935989687613,0.12413079716670324,2.448146908289088,438.5677598750496,242.4208644790181,24.44609303568196,0.0
4,180.54276320786428,0.12945798470190603,3.2647683512123233,446.07714076468125,321.6336231993972,27.94321308209525,0.0
13,150.76811946363964,0.13449371714343578,2.7308734888065884,438.55619940942705,343.64999310715683,22.25312489332142,0.0
19,190.65788838019571,0.12587723989583494,2.167051072548268,452.79652753407305,289.7072873661641,15.678206568053668,0.0
9,180.58975234160687,0.12268126979274227,2.796972415754889,461.66989911392574,459.43911507496017,14.497638632478473,0.0
6,164.76287311681125,0.09397989598273429,2.157180803715498,412.74008798468833,363.7535905803372,22.059111214224835,0.0
6,181.55321875486757,0.11887983687714897,2.102034559908053,399.2610122717353,350.8338412779799,19.77078273285885,0.0
17,169.01768030002745,0.11010237049238865,2.8033852449764947,410.83368700848496,345.1376173073892,17.355851709182573,0.0
8,199.46521467377679,0.13878199311788741,3.1973602074158842,381.9825683285076,366.36683722661854,16.15238925749085,0.0
1,175.73354905712154,0.12206659716133421,2.1831212913312568,377.2109892299039,291.16322650150323,10.754705515494733,0.0
9,195.28910626384234,0.15333040030145084,1.9744556976656162,411.5744617414592,417.9371871299505,15.983778110840486,0.0
1,208.65109216180966,0.14266488984034134,6.7517381616274115,862.9116447009715,36.26688183508152,53.61272816457525,1.0
7,190.0299269078528,0.12807249666529502,2.089434386719124,431.2783312645433,292.42679975141357,20.358727213146466,0.0
15,197.03911979205247,0.12266447166317183,1.8383230088520623,304.2517614128285,388.77572031800673,19.417983944214722,0.0
10,190.21643360832255,0.09549764471534178,3.2217861794853686,442.3927310205871,357.53737744481475,24.666466250721,0.0
5,296.3499820720159,0.06162881190291967,3.750200991561473,886.1489010254109,401.1795985353882,167.0960451484389,1.0
17,174.56624939220046,0.13264153741529597,2.613780967177207,439.34877085912166,339.6102282043825,14.406093131837213,0.0
19,195.92739816247268,0.11896898525032029,3.0775449902334167,400.80612725416603,298.2029044487986,12.49754467116391,0.0
10,289.3545437181612,0.15600884539296345,2.137364332195275,403.47814221475113,234.7087540768058,113.79109665637014,1.0
2,171.82657853272096,0.13051617756858477,1.4297530657237918,456.227207933522,316.81134446121496,23.933499198866848,0.0
10,184.00998578289528,0.11292685038284198,2.992381528299255,407.744418636149,300.92517125063,27.0054663452371,0.0
12,195.54193518252308,0.11057162775858297,2.224484834555096,407.38188012924945,212.48899712064716,19.404664747559476,0.0
7,178.43491158899565,0.13111176682497047,2.073840090119461,489.0478441015631,277.1670543942795,22.319161357426356,0.0
17,161.81380798357716,0.12593302611278492,3.460406796372946,402.1026419311219,334.12195941628215,19.29967722785126,0.0
1,72.99802379992333,0.47359657644548003,2.2975244031361997,281.01358144948136,94.6534455459234,75.93848163345338,1.0
16,136.95676204447065,0.13446205974556413,2.7369810133785086,363.3786259421431,312.9994222444326,27.7899360155277,0.0
6,164.1799305133607,0.10576406205092825,1.6091890084833727,374.433583655244,396.7165116233619,25.809012384966454,0.0
16,140.8210223191165,0.13379606661376944,2.8173904518105877,285.47680543293905,233.7248954832835,26.276059552171183,0.0
13,188.28832157727496,0.12084507559143103,2.585543824187848,418.36953145804296,359.4527792523606,25.101756250709347,0.0
11,162.03114953226026,0.08116510091659554,1.8973181366584377,436.6608536318781,367.17746946892083,26.694483791035495,0.0
6,176.7671678468396,0.1064820520258106,1.9684875821102374,372.0319499259236,394.3566393087746,20.266964406906965,0.0
10,192.86844950656635,0.10131724541347688,3.0221910238222596,421.7536656462021,268.4149375618742,27.407006829807703,0.0
19,186.99967139198586,0.11202501367043304,2.354774089549578,420.91425164243697,331.6210944919281,16.47216962175642,0.0
2,154.54537393559895,0.1402637301917974,1.538604571166194,499.8584954192761,327.9467340268646,18.87161540495664,0.0
17,166.12111417141276,0.12590946254273483,2.936281773409554,325.48039578930246,327.9587212126225,11.557635308091013,0.0
11,166.70028946393478,0.09257716052842067,2.3727231261998543,445.5028078864039,332.37306981636425,26.225537161092838,0.0
11,153.01073279488696,0.09483771355431933,2.3583639703222126,410.3143731051331,404.62744503436124,21.543874758425975,0.0
6,254.02411988149208,0.014076771691324087,5.935594495898503,285.9574473513102,951.9758030750194,104.28980483337602,1.0
3,195.4302977552863,0.11479330080881367,2.5510993200091394,268.60786775633767,345.76850066868735,14.35195939412665,0.0
4,166.65459787527496,0.09882630366471892,3.1636718614630324,419.91408446564236,300.0008512704313,31.2022744110556,0.0
7,214.0482231871604,0.10085814766109266,2.2493166884851052,425.372409520982,250.8024030039768,23.356749444210823,0.0
12,356.1602773797981,0.023779538076182643,0.26743671922391254,527.7317440623057,384.5324510936069,14.013739144237892,1.0
16,322.8360886383765,0.10242980074779667,9.206722247892374,601.7569883608019,423.27380105749785,41.88134278998672,1.0
10,203.93443574421667,0.10638468825086445,3.0900755533813005,481.7627731190095,366.58786979239943,25.494976598289902,0.0
11,144.0978487247766,0.10843097317384003,2.471978479232784,446.71202721706874,365.08776678112065,15.563020197585516,0.0
8,202.48329623683694,0.13338511395961708,3.109565222585845,403.66348410134486,324.5896775470907,13.544878061726513,0.0
0,185.19294929030315,0.13399772265294785,2.4214903249917863,436.44688570735786,234.6159092333141,14.755865718664959,0.0
9,241.4251065949169,0.4170051526115777,5.825761654853746,543.6310920128572,991.6174480691127,94.34796750368781,1.0
18,150.50085513669018,0.14748593884475228,2.0042606334172426,375.4909898129853,405.3957161115061,22.944257896043002,0.0
11,180.30311415597885,0.09620734122174172,2.611847656725764,482.6804016264743,404.8889730691055,23.6328488450555,0.0
16,137.9646095152223,0.1508134459197222,2.6788792403656334,338.3399062118623,281.9469235875855,26.75662834609739,0.0
17,302.09377338158845,0.42130993842854325,5.02890488709176,385.80360137195987,979.9369914261212,25.462375749345,1.0
13,180.46931876025403,0.13502420202782386,2.467905126090968,417.8916621800474,350.0809842125136,23.448045066578246,0.0
9,397.38011705669,0.17375442994482385,4.216603823382269,951.809450933336,597.8428256240177,156.0425297071267,1.0
17,180.3541319269973,0.1260626677113246,2.6475247692994097,392.5621586606099,365.374961180803,11.728324268207318,0.0
14,179.23675625637745,0.12494873567714095,2.728904107125694,330.9125078274551,285.2829300806691,19.21783967928489,0.0
12,200.845076736654,0.13352133694050866,3.024566624999024,399.94531290240553,184.48923701590786,23.40894999383615,0.0
1,214.76292368020702,0.1289848595688616,3.417959380165765,367.6905004661321,254.90188718690916,19.012540181185532,0.0
10,88.45208980927403,0.1995355486054212,9.26798964220083,207.9178939490758,59.109849265987926,97.80968008985664,1.0
7,214.40986896010725,0.11272971090492599,2.667457094059225,475.59122354538323,231.28336688321195,20.53193945250573,0.0
9,200.60910128920497,0.14476109739441856,3.0731062388163286,432.42484196968195,375.30101656773803,16.873473459960106,0.0
12,200.5135038013182,0.12689000603114636,3.129784498947129,362.8872250996269,241.745965654429,27.0011496046067,0.0
19,205.64956839835773,0.10756317735112186,2.6683884578449066,396.2746517357999,222.56617452827172,10.849843782786724,0.0
13,187.62864113416566,0.11728895103830297,2.352452301894334,448.3059549649819,340.4376467340744,24.374263680914012,0.0
19,178.97165349493272,0.10929255590466033,2.573898924834413,443.76580397887994,280.40096490365335,20.63298482564333,0.0
0,189.41932465385975,0.12375003131942171,2.3250472665000212,415.4757775157451,316.2068650549533,17.195353612741496,0.0
18,165.30678308929316,0.13764160244865667,2.308360748142109,290.0607542479834,417.7502145952675,11.531874276872472,0.0
5,290.45674327613494,0.38290851722288366,5.053971342530993,857.8306010639006,655.1233628725038,11.618390416069957,1.0
7,95.38764237848237,0.0859134024602869,6.277585006736926,738.7557724841628,377.75258999813303,65.64662113566789,1.0
17,149.96005806873018,0.11623365056526679,3.2084877628027915,370.5539444011909,357.92212067541,14.579800309540733,0.0
4,180.06955193375046,0.10223510668974857,2.547483191841631,397.4214937565648,380.11125846055864,29.509872994242762,0.0
2,275.2521933187837,0.17507893796784235,6.538224294834675,454.2186677256716,874.689005700844,26.31353702545196,1.0
13,192.82341775196784,0.12749452155356783,2.8252926483526792,415.14072885859883,282.3794630516018,22.08725852811229,0.0
4,191.23325817756788,0.09988358171564177,2.738647990656144,411.2383652035267,330.9434828510681,29.263488347222854,0.0
15,191.62209199880616,0.1133110089669843,1.694030035348258,374.72353840848365,333.06353539994666,17.72423805138124,0.0
8,213.13891470413063,0.14581259473599817,3.2522511688819473,364.16937055635753,278.3093856986737,18.418244484676542,0.0
6,173.39385030233737,0.11361263974177148,1.6050713642570908,386.8629909343816,400.8062708847841,25.627614405229618,0.0
15,201.0330132421487,0.11917096789993267,1.7956903621168094,392.55273492028675,338.40126448874236,19.13278863987037,0.0
11,171.79728888333065,0.08812967126656905,2.490278540312318,451.86448450850213,357.9065500625059,23.572787021750177,0.0
18,177.09218597970093,0.1245831654652494,2.46031023293381,360.9818600470594,392.9437278570062,16.968635630278385,0.0
4,180.2381599802642,0.12193769651765093,3.454686012454974,406.3776200556376,352.68888215916695,30.300210084208473,0.0
12,200.20494509931805,0.11632824075673845,2.413316135022181,437.96180686728485,236.0196535554319,22.105154280080647,0.0
8,67.70058633848011,0.1753525966924722,5.346411810609307,695.712355991678,304.3143322385132,147.59018947951844,1.0
12,205.16601729686093,0.11250902684100522,2.7030329006648635,382.38594591345174,257.94083565056224,21.915324988312133,0.0
6,175.81149103347448,0.10358108819756327,1.5851313331273411,415.72698460135666,380.05599796979857,26.647187128875416,0.0
0,205.97349414025788,0.12218848270340561,2.714875453872016,435.2064675638326,297.12762269852584,21.049844195766415,0.0
15,197.99263328390455,0.1260602992179028,1.8888502963157352,425.75132300290227,346.9811646415265,20.47146991186121,0.0
11,374.4176467510524,0.20843460781433235,0.9609735005337373,136.7594476168792,294.63608738992144,108.75741407834938,1.0
12,196.94997849495738,0.09991614295474983,2.730098902086238,432.0740419366326,238.9450780122401,24.21831975581974,0.0
1,364.3190013042498,0.2259737459997318,4.146468293871155,148.90315288534515,403.21169432227026,116.60831219393843,1.0
18,158.06621309185604,0.13579165596934606,2.4479479148930285,385.90357835186995,444.56156354558243,16.411435594170648,0.0
3,196.65621974005143,0.11958148078217375,2.4004328180297723,352.3739852225375,336.6771340888091,14.840931074876215,0.0
12,192.64861587294814,0.11188116632926538,3.140048750955771,423.1558486533963,246.1856441244399,23.359673540200074,0.0
0,312.8048737270241,0.45363716844543917,6.7579327151626805,383.36926192447476,709.1798048849313,75.25191710618316,1.0
12,203.6216532909615,0.10678575864825789,2.8612610894168515,370.49229016529966,260.81424964804813,18.81750522956414,0.0
17,161.46447788444362,0.1164759998744409,2.964055826211284,435.5848876020086,373.9738845364342,16.43909194041536,0.0
16,144.44377797977148,0.1380968521794206,2.916082237611426,305.8394186958269,255.98319946047602,28.66628182225572,0.0
9,148.2102846332706,0.4893281275780136,0.6902115209121243,426.20091806633445,488.96451446204077,148.45427845045737,1.0
18,180.34769635340072,0.1360418563030216,2.3288868107981733,361.9807770304819,455.3460974460391,22.437972744979945,0.0
18,168.36386332246985,0.11791133962419896,1.883343737145582,417.37443285450433,403.09998806418736,14.66788768680911,0.0
0,180.2063300274741,0.25757366249945,9.511010754681806,136.64579789625586,622.0358826830984,74.85415915122407,1.0
10,203.26258898179265,0.11135363698872902,3.0127311881031207,417.8795855170879,333.8454324265819,24.477344901038638,0.0
6,174.2308026788299,0.13105372414558003,1.5800459530591053,375.60983687761234,363.0088836660568,24.310504914376526,0.0
1,191.44109949781736,0.10804819147617198,2.2350979067252488,346.92207977989904,261.9198334609619,18.77299018298944,0.0
5,196.61842213363585,0.1363398038393418,2.5016483740408044,444.81214931199236,392.6182344483426,25.840427548438825,0.0
14,170.65258348373507,0.11125240862719668,2.804223702490815,394.1980894572553,308.38340797133554,20.05038277583934,0.0
11,180.49594140653258,0.10645147019255902,2.537168127606091,465.8528191786491,354.06056764531087,29.889423769293415,0.0
4,176.97001800440503,0.11184919384887564,3.396836006919078,435.34599450075643,315.84626914589285,31.27390127197607,0.0
16,127.99270194397933,0.1321431093221614,2.358389742509159,323.1886336784576,203.58719029580183,23.372624046001324,0.0
11,252.94035161670377,0.26012546435975625,0.16121984414487708,708.2634654735293,503.34969801129483,34.09250231632841,1.0
2,151.0348271827824,0.13850914958925348,1.6842050394429282,468.720599419646,270.89451596239144,19.79203866227895,0.0
18,187.41812558850992,0.1363727621132672,1.7868279934760891,375.52401218337695,410.5428425456785,18.15047261370547,0.0
16,147.60729151621905,0.14332915725016393,2.8992781878834815,261.15574070221436,208.99002329070186,25.744329207456367,0.0
8,200.17619085912278,0.13450394969862847,3.2713855605415043,348.05780931969264,364.472971699301,13.350622406381278,0.0
8,220.3593009272022,0.1317594605736625,3.5063201141893234,426.11892320061014,275.76049376760113,15.285240040904451,0.0
8,206.2568025917926,0.12495889576321706,3.0946674838687565,347.21907191584694,317.9566504979731,15.650600735843863,0.0
17,163.55199610441912,0.1338598043027946,2.9246477505560047,402.0001281953758,338.1391087549115,18.031919193329042,0.0
9,197.76743992202114,0.11971718750317799,2.7182883849205695,424.3830216999327,379.1341507660349,16.288586295376284,0.0
11,148.8925936315236,0.13680828009861676,8.12576734634216,746.5023592299596,607.2129684571895,76.90316274125331,1.0
19,185.31664619461523,0.0897889934721374,2.5399238522132688,445.7641807537777,243.78988768490515,13.71036863812828,0.0
6,180.955758657997,0.10815611590389992,1.5259109546334058,340.58468763227535,387.68560843459113,20.24714037296026,0.0
1,196.0920799514112,0.11960357101748471,2.328200346025039,361.35447425283246,311.0930388316533,13.509204697606613,0.0
7,176.04321459147,0.1248694193516873,2.867486784490599,476.89935454222143,250.16219888973754,22.182274741842154,0.0
18,180.8603397634022,0.1377698548200965,1.9634189267641156,330.06039684027127,388.7748753501959,17.11318537905237,0.0
6,189.3874392199374,0.10692592594868333,0.9500357453732666,408.39405895040977,343.217559877567,25.57260681506687,0.0
13,185.36854649713263,0.12558346398598494,2.7289134727639532,447.7730887747494,337.4213906460828,25.732428657528565,0.0
10,195.43465218484187,0.12117386784892178,2.8703049739236977,407.0818135231007,347.42371419434994,24.673124356270602,0.0
14,190.44783410262065,0.13181025337580232,3.116129092951824,333.61959120126454,327.1948908135049,17.891525004677412,0.0
5,183.3750167477021,0.13275070412878698,1.9537339879454074,471.1437709380747,341.3048002848376,25.888636060160067,0.0
13,181.87308876847626,0.12912620229715713,2.516449117772318,462.59866846486824,328.8642685512234,23.902744238648598,0.0
19,162.72820136069302,0.3226215852559616,5.189398886630805,613.9300172240936,97.12596723633773,156.30462590661344,1.0
19,192.41859110037868,0.11334083405405641,2.8526765578522357,476.0137978214662,216.22601451576278,18.31708863525467,0.0
11,156.2072011831448,0.10660101068005338,2.861645606510482,428.41486485930767,333.68215005807986,28.282419504737412,0.0
15,198.4284387761044,0.15028683328225367,2.340324436273364,357.7724920538224,386.4687487000318,17.319080112445434,0.0
13,192.52587188716421,0.1182135176739177,1.4923938787106916,471.2034126235367,348.0978231634764,20.632220238511074,0.0
7,171.9922099912806,0.15148278991471667,2.6852693525081546,425.4414354125698,256.4715670081261,15.182994259043534,0.0
14,327.9470966062953,0.4338475383418104,4.4743517101015335,817.3172505918542,240.85567887740015,43.556160353513704,1.0
17,175.96719384584893,0.14906760722976453,2.4971617826896506,360.8832243987257,306.96824081645354,16.055261016928657,0.0
0,177.32240109182428,0.11789725577248482,2.6838930305186346,485.58299905615576,267.44910857493943,23.960686083998183,0.0
6,192.0612027848516,0.10738998296157072,1.4451180765424134,384.81272291465837,397.9978274799454,20.36571771878718,0.0
3,198.13410341751302,0.10637993318457586,2.769076963988876,295.9847021412307,325.9079144055927,9.530805806709521,0.0
3,191.97335684123203,0.11385229032623245,2.434621172223402,261.948058135705,322.3709441996457,13.487147256493936,0.0
19,183.8794404393254,0.10466575731680833,2.6295996648707347,550.9656592013339,283.74910254033097,19.591688029235094,0.0
2,234.24093132763963,0.09923777868746264,2.075470264198537,378.63824291961475,901.6948453711459,143.16499293641772,1.0
18,184.70451829269672,0.14575305130757496,2.1879662132502404,360.10261468763315,475.4887566064896,16.9442173058185,0.0
4,155.49623652360793,0.12397447417388811,3.225082828465973,421.1799559071019,350.63695285470374,27.693047971970316,0.0
10,180.1990919826028,0.1050741015510997,3.576708246825034,413.7086970477484,326.81426245884523,28.298559373889542,0.0
8,210.76746311373378,0.13955467650935072,3.6219359381822542,450.26882130420364,288.31237391615093,17.145261482254394,0.0
8,199.14243328328078,0.43663734317414526,1.697536848044993,103.84641055754363,237.6938164236081,72.09490102831077,1.0
13,184.16389244511015,0.1303531942754885,2.4493248207176346,352.42340343816113,309.3419160564405,26.579137490708927,0.0
5,173.60486435615636,0.14081872968419515,2.74822093554093,401.228494054545,335.34142828330727,27.68102560424812,0.0
13,173.7748033081811,0.13597983639508487,2.4187070923051603,463.2906532472448,332.8924789026914,21.256528631279167,0.0
9,212.50849892302875,0.14706075847219022,2.549315388479351,459.30247428279847,388.3286160682666,17.336880808398757,0.0
5,180.58397132377007,0.12180021713406479,2.810702836887685,410.94301286223896,340.71853268954703,23.28530834711042,0.0
14,193.83191217820993,0.12198024084591502,2.807191179507214,335.78529350767684,284.44285705446714,17.89094480860879,0.0
2,147.99779004519874,0.13962481869147475,2.0778670252848643,483.07647566482046,334.6144185365091,13.487942947245559,0.0
19,193.49307621786787,0.10888419653670248,3.396728797723885,457.36595172424114,262.52719890377807,13.506556006552342,0.0
16,120.20191834301544,0.13915130945809867,2.789674437645632,292.78748859285247,256.0933614570735,28.21040097893698,0.0
1,121.79887416870251,0.20637389982890972,0.35132492103741414,809.9202811045299,671.4042852049397,84.2849101184996,1.0
2,161.93583619917615,0.13719805691487402,1.9555362573956612,476.43421645334865,326.67759397960094,17.58397064634062,0.0
10,182.07545312192553,0.1125876888604147,3.147811055490433,440.5191277707583,370.34836306876366,22.88608733836856,0.0
4,166.7677057439779,0.11763855178274149,2.6106264715376737,381.55174623732427,298.1911883170945,25.892778826108827,0.0
12,193.1656894673333,0.11022672731508262,3.00409298647223,393.4140466610934,191.6105905202876,25.63968845729142,0.0
12,203.55867053419385,0.11007125639006761,2.8146740450057566,417.74668881047285,178.48141033678573,21.65550777269899,0.0
8,215.3756439480246,0.14383880765285684,2.8486667772063643,351.7246460306082,295.94501617643266,10.30499899606042,0.0
14,178.09023059212586,0.14278473019489274,3.0076106971675776,313.0980028293716,327.61107092077816,22.657008484592044,0.0
16,135.82195430298347,0.1345812328119291,2.75653814927605,312.5437584994422,265.17390216077115,32.96722645119255,0.0
11,172.62572864013953,0.11539303562268499,2.3041441306513257,379.8415671859921,409.69993165151664,23.763139627249856,0.0
7,197.004074741441,0.12724938011723305,1.7690702707168486,484.8378515579367,247.17285930961873,20.49682828546367,0.0
10,216.22764313810893,0.09932666130463227,3.278407348532138,422.17564184182123,335.19860094503446,28.80283211278475,0.0
9,323.84903427447574,0.40158740584134317,1.4858750295454524,200.79992520559406,364.2331368422371,70.96637110863253,1.0
19,252.5048720075324,0.31807347964253524,8.308899621504185,205.9757158535408,894.5992376634525,186.16153446895237,1.0
4,197.89194990918062,0.018823212244222703,1.055691254934864,907.7502454323878,586.9787667326548,133.84005258761567,1.0
